material_name,formula_pretty,mp_id,source_url,band_gap,formation_energy_per_atom,energy_above_hull,density,volume,crystal_system,spacegroup,is_stable,theoretical,mp_id_alts
Ac,Ac,mp-862690,https://next-gen.materialsproject.org/materials/mp-862690,0.0,0.0,0.0,8.17018179970668,184.54540076862065,Hexagonal,P6_3/mmc,True,True,mp-1183069;mp-1183057;mp-10018
Ac2GaCu,Ac2GaCu,mp-862683,https://next-gen.materialsproject.org/materials/mp-862683,0.0,-0.2873784487499975,0.015807976562498993,8.414438912067274,115.89401606648477,Cubic,Fm-3m,False,True,
Ac2SiAu,Ac2SiAu,mp-862698,https://next-gen.materialsproject.org/materials/mp-862698,0.0,-0.6415023025000011,0.08746692096152486,9.576407662927316,117.7469182698491,Cubic,Fm-3m,False,True,
AcAg2Sn,AcAg2Sn,mp-862890,https://next-gen.materialsproject.org/materials/mp-862890,0.0,-0.35657192437499674,0.044957207812501565,9.24500207585015,100.84407495590021,Cubic,Fm-3m,False,True,
AcCdHg2,AcCdHg2,mp-864644,https://next-gen.materialsproject.org/materials/mp-864644,0.0,-0.4662208381249968,0.0,11.292803189544246,108.89947065837096,Cubic,Fm-3m,True,True,
AcMnO3,AcMnO3,mp-864911,https://next-gen.materialsproject.org/materials/mp-864911,0.0,-2.9736300230862063,0.0,8.802373265638382,62.241398829787876,Cubic,Pm-3m,True,True,
AcZn3,AcZn3,mp-864809,https://next-gen.materialsproject.org/materials/mp-864809,0.0,-0.2703520518750011,0.027823433906249306,7.642317298486574,183.91933783251287,Hexagonal,P6_3/mmc,False,True,
AgAu3,AgAu3,mp-863750,https://next-gen.materialsproject.org/materials/mp-863750,0.0,-0.06488473125000382,0.0,16.571985874073818,70.0176441434365,Cubic,Pm-3m,True,True,mp-1183224;mp-985287
Al,Al,mp-134,https://next-gen.materialsproject.org/materials/mp-134,0.0,0.0,0.0,2.7200502090190675,16.471717630914863,Cubic,Fm-3m,True,False,mp-1183144;mp-2647008;mp-1245129;mp-1244953;mp-1245152;mp-998860;mp-1245307;mp-1245067;mp-1239196
Al2CoRu,Al2CoRu,mp-862695,https://next-gen.materialsproject.org/materials/mp-862695,0.0,-0.6617507237500018,0.0,7.208416982284674,49.289511870976796,Cubic,Fm-3m,True,True,mp-1228908
Al2FeCo,Al2FeCo,mp-862691,https://next-gen.materialsproject.org/materials/mp-862691,0.0,-0.4680529625000007,0.0,6.186110854452767,45.295256037268544,Cubic,Fm-3m,True,True,mp-1228905
Al2FeS4,Al2FeS4,mp-1078015,https://next-gen.materialsproject.org/materials/mp-1078015,0.6271000000000004,-1.0600900028571414,0.12671387714285842,3.0185358646725087,130.9646003812356,Trigonal,R-3m,False,True,mp-1025204
Al2IrRh,Al2IrRh,mp-862694,https://next-gen.materialsproject.org/materials/mp-862694,0.0,-1.1308659574999993,0.0,10.87190090902848,53.31820480958453,Cubic,Fm-3m,True,True,
AlSiRu2,AlSiRu2,mp-862778,https://next-gen.materialsproject.org/materials/mp-862778,0.0,-0.7554451362499996,0.0,8.432087590873572,50.652027957914775,Cubic,Fm-3m,True,True,
AlVOs2,AlVOs2,mp-862700,https://next-gen.materialsproject.org/materials/mp-862700,0.0,-0.6037735600000005,0.0,14.072812603652261,54.087478144064995,Cubic,Fm-3m,True,True,
Ba(CrN2)2,Ba(CrN2)2,mp-1029568,https://next-gen.materialsproject.org/materials/mp-1029568,0.0,-0.7580729344047628,0.111158827880951,4.646252118647684,1275.2333813451244,Cubic,Pa-3,False,True,
Ba2CrN3,Ba2CrN3,mp-1029843,https://next-gen.materialsproject.org/materials/mp-1029843,0.0,-0.984599864166667,0.0,5.528220834218915,442.9571748343855,Orthorhombic,Cmce,True,True,
Ba2Ga2O5,Ba2Ga2O5,mp-862682,https://next-gen.materialsproject.org/materials/mp-862682,0.0,-2.5311568244444453,0.17627285074073562,6.185061172350998,132.65307318283126,Tetragonal,P4/mmm,False,True,
Ba2InBiS5,Ba2InBiS5,mp-864638,https://next-gen.materialsproject.org/materials/mp-864638,1.4528999999999996,-1.5203117037962959,0.0,4.952784000796765,508.7964737048264,Orthorhombic,Cmc2_1,True,False,
Ba2LaWO6,Ba2LaWO6,mp-1522426,https://next-gen.materialsproject.org/materials/mp-1522426,1.9219,-3.064883092000001,0.012724606583324416,6.889960941769765,668.457160842494,Cubic,Pn-3,False,True,mp-1522271
BaCaLaBiO6,BaCaLaBiO6,mp-1519241,https://next-gen.materialsproject.org/materials/mp-1519241,1.9503999999999997,-2.779050502500001,0.0,6.442480198994127,640.5432398651219,Orthorhombic,Pnnn,True,True,mp-1522279;mp-1522312;mp-1522285;mp-39886
BaHfMg14,BaHfMg14,mp-1026532,https://next-gen.materialsproject.org/materials/mp-1026532,0.0,0.14497042250000014,0.16254531078125023,2.7442124409994766,397.0020978819415,Hexagonal,P-6m2,False,True,mp-1026548
BaMg14B,BaMg14B,mp-1026603,https://next-gen.materialsproject.org/materials/mp-1026603,0.0,0.2230240369270835,0.26756359544270647,2.1205376994917886,382.45986655528435,Orthorhombic,Amm2,False,True,mp-1026509
BaMg14Bi,BaMg14Bi,mp-1026537,https://next-gen.materialsproject.org/materials/mp-1026537,0.0,0.030258872499999923,0.14708734553571357,2.7826409580260605,409.7145890306545,Orthorhombic,Amm2,False,True,mp-1026527
BaMg14C,BaMg14C,mp-1026576,https://next-gen.materialsproject.org/materials/mp-1026576,0.0,0.2854966215624999,0.30610427158854003,2.1376432369298866,380.33133885414986,Orthorhombic,Amm2,False,True,mp-1026511
BaMg14Cd,BaMg14Cd,mp-1026533,https://next-gen.materialsproject.org/materials/mp-1026533,0.0,0.07684034000000017,0.1154918181250002,2.428508796309047,403.4291893298428,Orthorhombic,Amm2,False,True,mp-1026503
BaMg14Cr,BaMg14Cr,mp-1026563,https://next-gen.materialsproject.org/materials/mp-1026563,0.0,0.17338287812500042,0.1909577664062505,2.235621079246212,393.36273993129834,Orthorhombic,Amm2,False,True,mp-1026546
BaMg14Ga,BaMg14Ga,mp-1026578,https://next-gen.materialsproject.org/materials/mp-1026578,0.0,0.060708887031250214,0.11293165976562514,2.3022000498925426,394.7729230757837,Orthorhombic,Amm2,False,True,mp-1026508
BaMg14Mo,BaMg14Mo,mp-1026607,https://next-gen.materialsproject.org/materials/mp-1026607,0.0,0.2199158562500001,0.2374907445312502,2.4864868608351074,383.02257332311217,Orthorhombic,Amm2,False,True,mp-1026554
BaMg14Nb,BaMg14Nb,mp-1026543,https://next-gen.materialsproject.org/materials/mp-1026543,0.0,0.19021182000000003,0.20778670828125012,2.4472822042062696,387.1000858882009,Hexagonal,P-6m2,False,True,mp-1026573
BaMg14W,BaMg14W,mp-1026557,https://next-gen.materialsproject.org/materials/mp-1026557,0.0,0.2677120500000001,0.2852869382812502,2.8948345208713175,379.41442670051043,Orthorhombic,Amm2,False,True,mp-1026513
BaMnN2,BaMnN2,mp-1029775,https://next-gen.materialsproject.org/materials/mp-1029775,0.0,-0.8469373538577596,0.0,5.71564155568915,255.9859364164358,Orthorhombic,Cmce,True,True,
BaNaH3Pd,BaNaH3Pd,mp-862693,https://next-gen.materialsproject.org/materials/mp-862693,1.7096,-0.4054349075215515,0.01562555510416974,4.4922768461630715,199.43027248506348,Hexagonal,P6_3/mmc,False,False,
BaNaPrFeO6,BaNaPrFeO6,mp-1522267,https://next-gen.materialsproject.org/materials/mp-1522267,0.0,-2.156300456304598,0.146891517874999,5.07211181146468,148.32746628458804,Cubic,F-43m,False,True,
BaSrCeTiO6,BaSrCeTiO6,mp-1522308,https://next-gen.materialsproject.org/materials/mp-1522308,2.4809,-3.519273123833334,0.05461273499999564,5.8241575483184755,290.20237292474974,Triclinic,P-1,False,True,mp-1522283;mp-1522329
BaSrEuBiO6,BaSrEuBiO6,mp-1522436,https://next-gen.materialsproject.org/materials/mp-1522436,0.0,-2.6013785540000014,0.031370823611110765,6.8380973011420005,331.1743845267619,Triclinic,P-1,False,True,mp-1522203;mp-1522406
BaSrMg14,BaSrMg14,mp-1026569,https://next-gen.materialsproject.org/materials/mp-1026569,0.0,0.10011832249999997,0.13219314578124997,2.1521730709889693,436.10103832702674,Hexagonal,P-6m2,False,True,mp-1026581
BaSrNdNbO6,BaSrNdNbO6,mp-1522395,https://next-gen.materialsproject.org/materials/mp-1522395,3.0702999999999996,-3.37162564975,0.027213810208332134,5.87662514795203,315.39639891990265,Triclinic,P-1,False,True,mp-1522453;mp-1522306
BaSrTbNbO6,BaSrTbNbO6,mp-1522360,https://next-gen.materialsproject.org/materials/mp-1522360,2.9825999999999997,-3.442391359666666,0.013637760218751183,6.272483306123675,606.5320126988178,Orthorhombic,P222,False,True,mp-1522327
BaYMg14,BaYMg14,mp-1028057,https://next-gen.materialsproject.org/materials/mp-1028057,0.0,0.08079589000000031,0.11274498921875042,2.266479964516028,415.04894365143804,Hexagonal,P-6m2,False,True,mp-1028025
Be2IrPd,Be2IrPd,mp-865003,https://next-gen.materialsproject.org/materials/mp-865003,0.0,-0.601694587499999,0.0,12.028071908154846,43.71677942688333,Cubic,Fm-3m,True,True,
Be2NiIr,Be2NiIr,mp-865229,https://next-gen.materialsproject.org/materials/mp-865229,0.0,-0.582139859999999,0.0,11.357356839810986,39.32047649039192,Cubic,Fm-3m,True,True,
Be2NiRh,Be2NiRh,mp-864895,https://next-gen.materialsproject.org/materials/mp-864895,0.0,-0.5919035324999999,0.0,7.729662697100581,38.58789953031376,Cubic,Fm-3m,True,True,
Be3Rh,Be3Rh,mp-864894,https://next-gen.materialsproject.org/materials/mp-864894,0.0,-0.44213816500000025,0.0,5.75634883811356,74.96899515530822,Hexagonal,P6_3/mmc,True,True,mp-1183411
Ca(InN)2,Ca(InN)2,mp-1029479,https://next-gen.materialsproject.org/materials/mp-1029479,0.0041999999999999815,-0.4295490286666677,0.015241627333329788,6.243274363762108,79.18729031957217,Trigonal,R-3m,False,True,
Ca2AgPb,Ca2AgPb,mp-864991,https://next-gen.materialsproject.org/materials/mp-864991,0.0,-0.46661966791666476,0.0,6.011674598473023,109.16845453500584,Cubic,Fm-3m,True,True,
Ca2NbGaO6,Ca2NbGaO6,mp-1522346,https://next-gen.materialsproject.org/materials/mp-1522346,3.6258999999999997,-2.8289331082499998,0.07452824562500027,4.686437385446598,120.04009341408293,Cubic,Fm-3m,False,True,
Ca2PdAu,Ca2PdAu,mp-863744,https://next-gen.materialsproject.org/materials/mp-863744,0.0,-0.7406157475000015,0.013046250833333772,7.0432945312140385,90.42464681775358,Cubic,Fm-3m,False,True,
Ca2ReN3,Ca2ReN3,mp-1029771,https://next-gen.materialsproject.org/materials/mp-1029771,0.0,-0.832571648333334,0.09023218472221295,5.501343782369581,372.3324380386896,Orthorhombic,Cmce,False,True,
Ca2TaN3,Ca2TaN3,mp-1029773,https://next-gen.materialsproject.org/materials/mp-1029773,1.9592000000000005,-1.38577105976389,0.0,5.340992909334544,376.97051470471916,Orthorhombic,Cmce,True,True,
Ca3W3N5,Ca3W3N5,mp-1029782,https://next-gen.materialsproject.org/materials/mp-1029782,0.0,-0.8640133896590886,0.002666948181815343,7.313295339092765,336.85693452092926,Triclinic,P-1,False,True,
Ca7SiN6,Ca7SiN6,mp-1029474,https://next-gen.materialsproject.org/materials/mp-1029474,1.8302999999999998,-1.1241521296428567,0.0,3.004270538002899,868.1597623930159,Orthorhombic,Pbcn,True,True,
CaEuMnCoO6,CaEuMnCoO6,mp-1522194,https://next-gen.materialsproject.org/materials/mp-1522194,0.0,-1.1725037750431042,1.2789550379687604,3.28478618289517,812.7002760433506,Tetragonal,P-42m,False,True,
CaLaMg14,CaLaMg14,mp-1028180,https://next-gen.materialsproject.org/materials/mp-1028180,0.0,0.038898707812500266,0.08271514843749994,2.1134027662243158,407.98691446198336,Hexagonal,P-6m2,False,True,mp-1028188
CaMg14Co,CaMg14Co,mp-1028339,https://next-gen.materialsproject.org/materials/mp-1028339,0.0,0.0942535067474477,0.11628445049744851,2.0335361114846227,358.7069747223816,Orthorhombic,Amm2,False,True,mp-1028179
CaMg14Cu,CaMg14Cu,mp-1028187,https://next-gen.materialsproject.org/materials/mp-1028187,0.0,0.04514021399234558,0.08357375555484658,2.0098387557141555,366.747495222451,Orthorhombic,Amm2,False,True,mp-1028165
CaMg14Fe,CaMg14Fe,mp-1028200,https://next-gen.materialsproject.org/materials/mp-1028200,0.0,0.11734545625000004,0.13369352937500012,1.9714149185497591,367.40896666352353,Orthorhombic,Amm2,False,True,mp-1028193
CaMg14Mn,CaMg14Mn,mp-1028174,https://next-gen.materialsproject.org/materials/mp-1028174,0.0,0.09186136012931057,0.10820943325431065,1.9487376464078414,370.9116438585473,Orthorhombic,Amm2,False,True,mp-1028155
CaMg14Ni,CaMg14Ni,mp-1028203,https://next-gen.materialsproject.org/materials/mp-1028203,0.0,0.05378700062500008,0.09882888583333349,2.024605704312129,360.0925335834862,Orthorhombic,Amm2,False,True,mp-1028184
CaMg14Si,CaMg14Si,mp-1028201,https://next-gen.materialsproject.org/materials/mp-1028201,0.0,0.03616924875000005,0.11165740421874992,1.8516427700320057,366.2800378034115,Orthorhombic,Amm2,False,True,mp-1028181
CaMg14Sn,CaMg14Sn,mp-1028176,https://next-gen.materialsproject.org/materials/mp-1028176,0.0,-0.016762701562499815,0.08502874500000002,2.163774700765856,382.9905703046447,Orthorhombic,Amm2,False,True,mp-1028172
CaMg14Ti,CaMg14Ti,mp-1028170,https://next-gen.materialsproject.org/materials/mp-1028170,0.0,0.09152227416666658,0.10787034729166667,1.895207516220435,375.19254821004625,Hexagonal,P-6m2,False,True,mp-1028175
CaMg14V,CaMg14V,mp-1028178,https://next-gen.materialsproject.org/materials/mp-1028178,0.0,0.12022159374999997,0.13656966687500005,1.9049182137168914,375.96000689581814,Orthorhombic,Amm2,False,True,mp-1028167
CaMg14Zn,CaMg14Zn,mp-1028173,https://next-gen.materialsproject.org/materials/mp-1028173,0.0,0.026959500000000247,0.06353095328125002,1.9857629402891614,372.7519024183152,Orthorhombic,Amm2,False,True,mp-1028158
CaMg14Zr,CaMg14Zr,mp-1028164,https://next-gen.materialsproject.org/materials/mp-1028164,0.0,0.06396064375000021,0.0803087168750003,2.0505833238385,381.8736457599391,Hexagonal,P-6m2,False,True,mp-1028168
CaPmPd2,CaPmPd2,mp-862884,https://next-gen.materialsproject.org/materials/mp-862884,0.0,-0.7544235093750018,0.0,7.421433189980882,89.03379823166077,Cubic,Fm-3m,True,True,
CaPmPt2,CaPmPt2,mp-862886,https://next-gen.materialsproject.org/materials/mp-862886,0.0,-1.1063698693750013,0.0,10.96591184534942,87.10798251082572,Cubic,Fm-3m,True,True,
CaPmRh2,CaPmRh2,mp-862885,https://next-gen.materialsproject.org/materials/mp-862885,0.0,-0.5567468168749983,0.016451274750004075,7.942632100323217,81.72183325533307,Cubic,Fm-3m,False,True,
CaPmZn2,CaPmZn2,mp-862888,https://next-gen.materialsproject.org/materials/mp-862888,0.0,-0.3082367343749999,0.0,5.431790860086336,96.57176854324148,Cubic,Fm-3m,True,True,
CaPuRh2,CaPuRh2,mp-864998,https://next-gen.materialsproject.org/materials/mp-864998,0.0,0.16614768531250323,0.4744430903125041,10.496771867851013,77.4980950501206,Cubic,Fm-3m,False,True,
CaSiO3,CaSiO3,mp-4429,https://next-gen.materialsproject.org/materials/mp-4429,4.8413,-3.4480482148333342,0.0,2.9029262096492685,398.6826269045318,Triclinic,P-1,True,False,mp-5733;mp-561086;mp-17552;mp-4428;mp-5096;mp-560885;mp-3387;mp-4356;mp-4853;mp-3382;mp-1181886;mp-5893;mp-aaaieioc;mp-649676
CaTiN2,CaTiN2,mp-1029572,https://next-gen.materialsproject.org/materials/mp-1029572,2.2528,-1.5361667158333345,0.0,3.571182011116264,862.699030046986,Orthorhombic,Pbca,True,True,
CaYMg14,CaYMg14,mp-1028156,https://next-gen.materialsproject.org/materials/mp-1028156,0.0,0.032044360000000216,0.06276664406249988,1.9663885455502599,396.2667260900238,Hexagonal,P-6m2,False,True,mp-1028166
CaYRh2,CaYRh2,mp-865002,https://next-gen.materialsproject.org/materials/mp-865002,0.0,-0.5890388174999988,0.001578520486111401,7.065924178315339,78.67901133221024,Cubic,Fm-3m,False,True,
CdPPt5,CdPPt5,mp-1025187,https://next-gen.materialsproject.org/materials/mp-1025187,0.0,-0.33184433780612366,0.0,16.83025619495491,110.38566473822584,Tetragonal,P4/mmm,True,False,
CeGa3,CeGa3,mp-862696,https://next-gen.materialsproject.org/materials/mp-862696,0.0,-0.6192085262499987,0.0,7.018958154318076,165.26708834441592,Hexagonal,P6_3/mmc,True,True,
CeGaGe,CeGaGe,mp-1025144,https://next-gen.materialsproject.org/materials/mp-1025144,0.0,-0.6171240741666656,0.006723315666667062,7.032302495018604,133.4036515015447,Tetragonal,I4_1md,False,True,mp-1226599
Co2NiSe4,Co2NiSe4,mp-1025190,https://next-gen.materialsproject.org/materials/mp-1025190,0.0,-0.3117381194642864,0.056285837857142695,7.066180719138563,115.71301687889505,Monoclinic,C2/m,False,False,
Cr2FeTe4,Cr2FeTe4,mp-1025380,https://next-gen.materialsproject.org/materials/mp-1025380,0.0,-0.35358144238095185,0.07840412685714337,6.794115419265103,163.81162040428396,Monoclinic,C2/m,False,True,
Cr2NiSe4,Cr2NiSe4,mp-1025151,https://next-gen.materialsproject.org/materials/mp-1025151,0.0,-0.6979948156249998,0.03121361690475677,6.22711916406191,127.6048254968779,Monoclinic,C2/m,False,True,
Cs2CaCl4,Cs2CaCl4,mp-1025185,https://next-gen.materialsproject.org/materials/mp-1025185,5.034,-2.5347460370443335,0.0,2.954754178813328,251.60294121295206,Tetragonal,I4/mmm,True,True,
Cs2KU2(Si2O7)2,Cs2KU2(Si2O7)2,mp-862811,https://next-gen.materialsproject.org/materials/mp-862811,0.0,-3.237675478111318,0.0,4.777483494252601,388.3469905820861,Orthorhombic,Cmmm,True,False,
Cs2Mn(PSe3)2,Cs2Mn(PSe3)2,mp-863753,https://next-gen.materialsproject.org/materials/mp-863753,0.0,-0.8575749577808726,0.0,3.983423938827769,714.0487458798242,Monoclinic,P2_1/c,True,False,
Cs3Rb,Cs3Rb,mp-862689,https://next-gen.materialsproject.org/materials/mp-862689,0.0,0.06590468963362128,0.06590468963362128,1.7381583543220736,925.1248082117091,Hexagonal,P6_3/mmc,False,True,
CsCaCO3F,CsCaCO3F,mp-862701,https://next-gen.materialsproject.org/materials/mp-862701,4.5255,-2.780834533045977,0.0,3.5702655816716873,351.60451031848226,Hexagonal,P-62m,True,True,
CsCaMg14,CsCaMg14,mp-1028191,https://next-gen.materialsproject.org/materials/mp-1028191,0.0,0.1774775212326265,0.19950846498262642,1.9790221256605782,430.65582647466357,Hexagonal,P-6m2,False,True,mp-1028231
CsHfMg14,CsHfMg14,mp-1026572,https://next-gen.materialsproject.org/materials/mp-1026572,0.0,0.24101944877155201,0.24101944877155201,2.709942849542304,399.31319692890236,Hexagonal,P-6m2,False,True,mp-1026586
CsKMg6O7,CsKMg6O7,mp-1031259,https://next-gen.materialsproject.org/materials/mp-1031259,1.1959,-2.059263290127011,0.614396132583332,3.55936075688861,200.52723302210168,Tetragonal,P4mm,False,True,
CsMg14B,CsMg14B,mp-1026611,https://next-gen.materialsproject.org/materials/mp-1026611,0.0,0.29921376856680926,0.31570483044180975,2.0551910319192537,391.0480338450094,Orthorhombic,Amm2,False,True,mp-1026562
CsMg14Bi,CsMg14Bi,mp-1026618,https://next-gen.materialsproject.org/materials/mp-1026618,0.0,0.14557473877155158,0.19021643523437493,2.7191548701778756,416.58033368958337,Orthorhombic,Amm2,False,True,mp-1026567
CsMg14C,CsMg14C,mp-1026663,https://next-gen.materialsproject.org/materials/mp-1026663,0.0,0.3833789022090517,0.38623783845635784,2.0794027547114897,387.4528679465405,Orthorhombic,Amm2,False,True,mp-1026565
CsMg14Cr,CsMg14Cr,mp-1026605,https://next-gen.materialsproject.org/materials/mp-1026605,0.0,0.28306407752155205,0.28306407752155205,2.213761977238801,393.93028192805855,Orthorhombic,Amm2,False,True,mp-1026604
CsMg14Ga,CsMg14Ga,mp-1026564,https://next-gen.materialsproject.org/materials/mp-1026564,0.0,0.19020700580280203,0.213654763459052,2.2608653215144017,398.74294203083184,Hexagonal,P-6m2,False,True,
CsMg14Mn,CsMg14Mn,mp-1028152,https://next-gen.materialsproject.org/materials/mp-1028152,0.0,0.349925330150862,0.349925330150862,2.29177610495868,382.65216769166994,Hexagonal,P-6m2,False,True,
CsMg14Sb,CsMg14Sb,mp-1026597,https://next-gen.materialsproject.org/materials/mp-1026597,0.0,0.1222819668965518,0.19626977896484377,2.4099822684130676,409.92565560079805,Orthorhombic,Amm2,False,True,mp-1026568
CsOsN2,CsOsN2,mp-1029566,https://next-gen.materialsproject.org/materials/mp-1029566,0.0,0.031309281880743355,0.2161622729224142,7.191119035921445,810.8562584955693,Tetragonal,I4_1/amd,False,True,mp-1119132
CsSrMg14,CsSrMg14,mp-1026616,https://next-gen.materialsproject.org/materials/mp-1026616,0.0,0.17167552434806055,0.19514992481681048,2.167628564918231,429.60439469375825,Orthorhombic,Amm2,False,True,mp-1026601
CuH6(NCl)2,CuH6(NCl)2,mp-862687,https://next-gen.materialsproject.org/materials/mp-862687,0.008899999999999908,-0.5849030188636362,0.05085148886363555,2.318986574544046,241.33170033336373,Orthorhombic,Cmcm,False,False,
Dy2AgIr,Dy2AgIr,mp-864981,https://next-gen.materialsproject.org/materials/mp-864981,0.0,-0.6054608212499968,0.019135924910715474,11.924670019530595,87.04462214079203,Cubic,Fm-3m,False,True,
Dy2AlZn,Dy2AlZn,mp-865159,https://next-gen.materialsproject.org/materials/mp-865159,0.0,-0.42318652125000256,0.012720849374996845,7.599261238466695,91.205352019548,Cubic,Fm-3m,False,True,
Dy2Mg,Dy2Mg,mp-864888,https://next-gen.materialsproject.org/materials/mp-864888,0.0,-0.028991751111107078,0.010259307777780169,6.756542063774079,171.69569699832635,Orthorhombic,Cmcm,False,True,
Dy2MgAl,Dy2MgAl,mp-865006,https://next-gen.materialsproject.org/materials/mp-865006,0.0,-0.2556806870833306,0.0,6.35444934692883,98.33086461787036,Cubic,Fm-3m,True,True,
Dy2MgIn,Dy2MgIn,mp-865007,https://next-gen.materialsproject.org/materials/mp-865007,0.0,-0.2984210862499985,0.0,7.359796467784074,104.71680537062484,Cubic,Fm-3m,True,True,
Dy2Ni12P7,Dy2Ni12P7,mp-864836,https://next-gen.materialsproject.org/materials/mp-864836,0.0,-0.7705762288492048,0.0,8.100719549770881,255.44143128588166,Hexagonal,P-6,True,False,
Dy2NiIr,Dy2NiIr,mp-864886,https://next-gen.materialsproject.org/materials/mp-864886,0.0,-0.6499292933333312,0.02530189590277132,12.03936196258871,79.43292363574021,Cubic,Fm-3m,False,True,
Dy2ZnIn,Dy2ZnIn,mp-865157,https://next-gen.materialsproject.org/materials/mp-865157,0.0,-0.48903394124999977,0.026644959166645776,8.587047925817052,97.69936996053497,Cubic,Fm-3m,False,True,
Dy2ZnOs,Dy2ZnOs,mp-865004,https://next-gen.materialsproject.org/materials/mp-865004,0.0,-0.35201212150000316,0.030801713624999394,11.503245670068036,83.81753916179181,Cubic,Fm-3m,False,True,
DyAl3,DyAl3,mp-864995,https://next-gen.materialsproject.org/materials/mp-864995,0.0,-0.4805608187499981,0.0,5.221685416552135,154.83479505398617,Hexagonal,P6_3/mmc,True,True,mp-1103088;mp-569981;mp-1106237;mp-567589;mp-31178
DyAu,DyAu,mp-1007918,https://next-gen.materialsproject.org/materials/mp-1007918,0.0,-0.8778207408333323,0.0,12.701028955393063,93.99368884072496,Orthorhombic,Cmcm,True,False,mp-11240
DyB2Rh3,DyB2Rh3,mp-1025143,https://next-gen.materialsproject.org/materials/mp-1025143,0.0,-0.7020998266666633,0.006018859901955054,10.430777018330648,78.45796938039648,Hexagonal,P6/mmm,False,False,
DyB4Mo,DyB4Mo,mp-864993,https://next-gen.materialsproject.org/materials/mp-864993,0.2812999999999999,-0.6830198629166683,0.0,7.90582129909342,253.46288488737142,Orthorhombic,Pbam,True,False,
DyBr2,DyBr2,mp-864986,https://next-gen.materialsproject.org/materials/mp-864986,0.0,-1.8763145522222207,0.12391080925926001,5.531093695880659,193.52593018775542,Tetragonal,P4_2/mnm,False,True,mp-30025
DyBr3,DyBr3,mp-864982,https://next-gen.materialsproject.org/materials/mp-864982,3.0029,-2.250253531666665,0.0,4.151515286173582,321.7566088280207,Hexagonal,P6_3/mmc,True,True,
DyHg3,DyHg3,mp-864994,https://next-gen.materialsproject.org/materials/mp-864994,0.0,-0.4066805731250014,0.0,13.596456333851714,186.68102379643608,Hexagonal,P6_3/mmc,True,False,
DyHoMg2,DyHoMg2,mp-862692,https://next-gen.materialsproject.org/materials/mp-862692,0.0,-0.052797641666664674,0.002089764999999133,5.762156577721616,108.36735073521399,Cubic,Fm-3m,False,True,
DyI3,DyI3,mp-865005,https://next-gen.materialsproject.org/materials/mp-865005,2.1725000000000003,-1.651786779166664,0.0,4.294145052199845,420.1195251213786,Hexagonal,P6_3/mmc,True,True,
DyMgAg2,DyMgAg2,mp-862680,https://next-gen.materialsproject.org/materials/mp-862680,0.0,-0.2981337024999977,0.0,7.999333559555389,83.56142628397977,Cubic,Fm-3m,True,True,
DyMgZn2,DyMgZn2,mp-865142,https://next-gen.materialsproject.org/materials/mp-865142,0.0,-0.335331704166665,0.0,6.808925186517311,77.46088938265297,Cubic,Fm-3m,True,True,
Er2Mg,Er2Mg,mp-862915,https://next-gen.materialsproject.org/materials/mp-862915,0.0,-0.034056040000000586,0.0005136749999978818,7.1303601093807485,167.12749459685506,Orthorhombic,Cmcm,False,True,mp-13497;mp-1225520
Er2MgGe2,Er2MgGe2,mp-862697,https://next-gen.materialsproject.org/materials/mp-862697,0.0,-0.7532496969999969,0.0,7.760735382483518,215.7225275710671,Tetragonal,P4/mbm,True,False,
Er2MgIn,Er2MgIn,mp-863702,https://next-gen.materialsproject.org/materials/mp-863702,0.0,-0.2873672754166634,0.0,7.725321001759216,101.8079876503818,Cubic,Fm-3m,True,True,
Er2NiIr,Er2NiIr,mp-862992,https://next-gen.materialsproject.org/materials/mp-862992,0.0,-0.708694914999997,0.016456293750001905,12.956024350202682,75.03279586226753,Cubic,Fm-3m,False,True,
Er4Ga16Co3,Er4Ga16Co3,mp-862806,https://next-gen.materialsproject.org/materials/mp-862806,0.0,-0.49499612217391403,0.0,8.444659184344575,385.6860545479832,Tetragonal,P4/mmm,True,False,
ErAgHg2,ErAgHg2,mp-864646,https://next-gen.materialsproject.org/materials/mp-864646,0.0,-0.31478544166667,0.0,13.135169328370994,85.49829089498073,Cubic,Fm-3m,True,True,
ErGaRh2,ErGaRh2,mp-863711,https://next-gen.materialsproject.org/materials/mp-863711,0.0,-0.8602678368749963,0.0,11.413418469939442,64.42198521686156,Cubic,Fm-3m,True,True,
ErMg3,ErMg3,mp-862681,https://next-gen.materialsproject.org/materials/mp-862681,0.0,-0.0330693512499991,0.0,4.184562286954147,95.3070555508646,Cubic,Fm-3m,True,True,mp-1184313
ErPaTc2,ErPaTc2,mp-863734,https://next-gen.materialsproject.org/materials/mp-863734,0.0,-0.21812609083333,0.002269517499989604,12.57733421198433,78.46256210308871,Cubic,Fm-3m,False,True,
ErRh2Pb,ErRh2Pb,mp-863735,https://next-gen.materialsproject.org/materials/mp-863735,0.0,-0.577332874999998,0.0,13.038042567605025,73.90380883678966,Cubic,Fm-3m,True,True,
ErSnRh2,ErSnRh2,mp-862931,https://next-gen.materialsproject.org/materials/mp-862931,0.0,-0.8253240662500003,0.0,11.51435633489184,70.92188912365705,Cubic,Fm-3m,True,True,
Eu,Eu,mp-21462,https://next-gen.materialsproject.org/materials/mp-21462,0.0,0.0,0.0,5.726844493972432,88.12607338472408,Hexagonal,P6_3/mmc,True,False,mp-1184367;mp-1057315;mp-623532;mp-20071;mp-1077457
Eu2TiO4,Eu2TiO4,mp-1025200,https://next-gen.materialsproject.org/materials/mp-1025200,0.0,-3.454467420476194,0.0,7.3892961857647945,93.43783758430642,Tetragonal,I4/mmm,True,True,
EuAgAu2,EuAgAu2,mp-865013,https://next-gen.materialsproject.org/materials/mp-865013,0.0,-0.4777755616666681,0.08001736583333319,12.389515859225716,87.62270438891336,Cubic,Fm-3m,False,True,
EuAl3Cu2,EuAl3Cu2,mp-1025136,https://next-gen.materialsproject.org/materials/mp-1025136,0.0,-0.37079765416667004,0.0,5.773973328061115,103.5327067525434,Hexagonal,P6/mmm,True,True,
Fe,Fe,mp-13,https://next-gen.materialsproject.org/materials/mp-13,0.0,0.0,0.0,7.902858241785766,23.468168469356993,Cubic,Im-3m,True,False,mp-1271068;mp-1271198;mp-136;mp-1271128;mp-150;mp-1194030;mp-1245108;mp-1096950;mp-568345
Ga,Ga,mp-142,https://next-gen.materialsproject.org/materials/mp-142,0.0,0.0,0.0,6.037763290229381,76.70242103705301,Orthorhombic,Cmce,True,False,mp-1067880;mp-567540;mp-10021;mp-569007;mp-569423;mp-1007857;mp-140
Gd2C(NO)2,Gd2C(NO)2,mp-1025163,https://next-gen.materialsproject.org/materials/mp-1025163,2.7352999999999996,-2.3235685507142847,0.0,6.19974527827248,103.5262494947376,Trigonal,P-3m1,True,True,
Gd2ReC2,Gd2ReC2,mp-864979,https://next-gen.materialsproject.org/materials/mp-864979,0.0,-0.4573141765000003,0.0,10.179715618571073,342.3797054535753,Orthorhombic,Pnma,True,False,
Ge,Ge,mp-32,https://next-gen.materialsproject.org/materials/mp-32,0.0,0.0,0.0,5.280205111627243,45.68820923290832,Cubic,Fd-3m,True,False,mp-1091415;mp-1007760;mp-1198022;mp-128;mp-137;mp-1080106;mp-78;mp-1061054;mp-148;mp-1224349;mp-1079020;mp-1197020;mp-1008733;mp-12093;mp-998883;mp-1067619
H,H2,mp-730101,https://next-gen.materialsproject.org/materials/mp-730101,9.7207,0.0,0.0,0.03601222016714036,371.81239953751634,Orthorhombic,P2_12_12_1,True,False,mp-632172;mp-973783;mp-1524613;mp-731827;mp-24504;mp-850274;mp-738409;mp-632291;mp-1188177;mp-1066989;mp-754417;mp-1525492;mp-1096977;mp-1181265;mp-23907;mp-634659;mp-632250;mp-570752
Hf(VGa2)2,Hf(VGa2)2,mp-1025167,https://next-gen.materialsproject.org/materials/mp-1025167,0.0,-0.349141078571431,0.0,8.800947550495096,105.52061321252853,Tetragonal,I4/mmm,True,False,
Hf2CoIr,Hf2CoIr,mp-864835,https://next-gen.materialsproject.org/materials/mp-864835,0.0,-0.6748442850000007,0.06937529874999804,15.074787394015619,66.98760794386509,Cubic,Fm-3m,False,True,
Hf2CoRe,Hf2CoRe,mp-864877,https://next-gen.materialsproject.org/materials/mp-864877,0.0,-0.4035203456249974,0.06133369991379389,15.05590201442684,66.4087815545797,Cubic,Fm-3m,False,True,
Hf2MnIr,Hf2MnIr,mp-865138,https://next-gen.materialsproject.org/materials/mp-865138,0.0,-0.6502841144827585,0.0,15.29100697587044,65.60652589520747,Cubic,Fm-3m,True,True,
Hf2MoIr,Hf2MoIr,mp-864684,https://next-gen.materialsproject.org/materials/mp-864684,0.0,-0.6188369750000007,0.0,15.394966584913169,69.58606810849952,Cubic,Fm-3m,True,True,
Hf2MoRh,Hf2MoRh,mp-865130,https://next-gen.materialsproject.org/materials/mp-865130,0.0,-0.5539430449999969,0.030073170869577837,13.29955680862474,69.39855000682795,Cubic,Fm-3m,False,True,
Hf2N,Hf2N,mp-864647,https://next-gen.materialsproject.org/materials/mp-864647,0.0,-1.4078241012500001,0.0,13.462054259511142,91.52212545339628,Tetragonal,P4_2/mnm,True,True,
Hf2OsRh,Hf2OsRh,mp-865131,https://next-gen.materialsproject.org/materials/mp-865131,0.0,-0.8791329674999986,0.0,15.80066129262089,68.32259530584457,Cubic,Fm-3m,True,True,
HfAlRh2,HfAlRh2,mp-864671,https://next-gen.materialsproject.org/materials/mp-864671,0.0,-1.097746739999998,0.0,11.163549339088929,61.176844654464915,Cubic,Fm-3m,True,True,
HfAlRu2,HfAlRu2,mp-864909,https://next-gen.materialsproject.org/materials/mp-864909,0.0,-0.8224986375000007,0.0,11.22138695434696,60.31829109374856,Cubic,Fm-3m,True,True,
HfGa5Co,HfGa5Co,mp-1025193,https://next-gen.materialsproject.org/materials/mp-1025193,0.0,-0.35505094571428636,0.0,8.890095436301177,109.46331517468417,Tetragonal,P4/mmm,True,True,
HfGa5Ni,HfGa5Ni,mp-1025176,https://next-gen.materialsproject.org/materials/mp-1025176,0.0,-0.34553332821428534,0.026785833142858095,8.449656339734823,115.1219754508209,Tetragonal,P4/mmm,False,False,
HfGaRu2,HfGaRu2,mp-865010,https://next-gen.materialsproject.org/materials/mp-865010,0.0,-0.6702607050000005,0.0,12.368314758413804,60.463269726912664,Cubic,Fm-3m,True,True,
HfInCo2,HfInCo2,mp-864715,https://next-gen.materialsproject.org/materials/mp-864715,0.0,-0.2811943525000018,0.0,11.431597297882963,59.72666119552622,Cubic,Fm-3m,True,True,
HfInPd2,HfInPd2,mp-864734,https://next-gen.materialsproject.org/materials/mp-864734,0.0,-0.7379010299999997,0.0,12.000205652861432,70.03867708344724,Cubic,Fm-3m,True,True,mp-1224492
HfMg14Al,HfMg14Al,mp-1028159,https://next-gen.materialsproject.org/materials/mp-1028159,0.0,0.051078078750000255,0.10210955756249973,2.556689011056232,354.45263090618437,Orthorhombic,Amm2,False,True,mp-1028153
HfMg14Nb,HfMg14Nb,mp-1026501,https://next-gen.materialsproject.org/materials/mp-1026501,0.0,0.1179956331250005,0.1179956331250005,2.8852957867815237,352.0248862484392,Orthorhombic,Amm2,False,True,mp-1026524
HfMg6VO8,HfMg6VO8,mp-1031480,https://next-gen.materialsproject.org/materials/mp-1031480,0.0,-2.731415873124999,0.30103057453125004,5.033461703375189,166.02439062671078,Tetragonal,P4/mmm,False,True,mp-1031458
HfMgN2,HfMgN2,mp-1245813,https://next-gen.materialsproject.org/materials/mp-1245813,1.2515999999999998,-1.6423224050000007,0.0,8.644883773700828,88.66894585694138,Tetragonal,I4_1/amd,True,True,mp-1029834
HfScCo2,HfScCo2,mp-865165,https://next-gen.materialsproject.org/materials/mp-865165,0.0,-0.39075806875000296,0.0,9.085563448757537,62.38054638774521,Cubic,Fm-3m,True,True,
HfScOs2,HfScOs2,mp-865001,https://next-gen.materialsproject.org/materials/mp-865001,0.0,-0.5647507812499963,0.0,15.013752094986144,66.79272139858045,Cubic,Fm-3m,True,True,
HfTaRe2,HfTaRe2,mp-865025,https://next-gen.materialsproject.org/materials/mp-865025,0.0,-0.3961533355833353,0.0,18.135548841448603,67.01030390792847,Cubic,Fm-3m,True,True,
HfTc2Sb,HfTc2Sb,mp-865023,https://next-gen.materialsproject.org/materials/mp-865023,0.0,-0.3720080525,0.0,12.305939812456828,66.96298905325405,Cubic,Fm-3m,True,True,
HgPd3,HgPd3,mp-1184658,https://next-gen.materialsproject.org/materials/mp-1184658,0.0,-0.13561633562499953,0.0,13.28693253285505,64.96843668344975,Tetragonal,I4/mmm,True,True,mp-863720;mp-977129
HgTe,HgTe,mp-2730,https://next-gen.materialsproject.org/materials/mp-2730,0.0,-0.19013660875000227,0.0,7.651789386804071,71.22155217297136,Cubic,F-43m,True,False,mp-1071269;mp-358;mp-1811;mp-1507;mp-1223902;mp-13141
Ho(TiGa2)2,Ho(TiGa2)2,mp-1025172,https://next-gen.materialsproject.org/materials/mp-1025172,0.0,-0.5318419388095249,0.004112105714278336,7.348391443682384,121.92523440119375,Tetragonal,I4/mmm,False,False,
Ho2AlZn,Ho2AlZn,mp-864674,https://next-gen.materialsproject.org/materials/mp-864674,0.0,-0.3736830974999972,0.0009447765624983617,7.81622071902773,89.70634327865235,Cubic,Fm-3m,False,True,
Ho2B4C,Ho2B4C,mp-1025183,https://next-gen.materialsproject.org/materials/mp-1025183,0.0,-0.573075297380951,0.0,7.99212002663169,80.0161992036459,Orthorhombic,Immm,True,True,
Ho2CoOs,Ho2CoOs,mp-864696,https://next-gen.materialsproject.org/materials/mp-864696,0.0,-0.14224146749999722,0.11148400656250068,12.50860478869704,76.86642244242984,Cubic,Fm-3m,False,True,
Ho2Mg,Ho2Mg,mp-863701,https://next-gen.materialsproject.org/materials/mp-863701,0.0,-0.025062646666661692,0.008869503333337025,6.944475169941027,169.37374465234066,Orthorhombic,Cmcm,False,True,
Ho2MgGe2,Ho2MgGe2,mp-863723,https://next-gen.materialsproject.org/materials/mp-863723,0.0,-0.7555680549999991,0.0,7.591112056266724,218.50527086794807,Tetragonal,P4/mbm,True,False,
Ho2OsAu,Ho2OsAu,mp-863736,https://next-gen.materialsproject.org/materials/mp-863736,0.0,-0.599672680546874,0.09096821437500324,14.074683117370883,84.59881478437534,Cubic,Fm-3m,False,True,
Ho2OsPd,Ho2OsPd,mp-863729,https://next-gen.materialsproject.org/materials/mp-863729,0.0,-0.6322109274218661,0.04742043937500284,12.824611231672268,81.12100835031839,Cubic,Fm-3m,False,True,
Ho3In,Ho3In,mp-863737,https://next-gen.materialsproject.org/materials/mp-863737,0.0,-0.24399049791666094,0.005633348750000877,9.125571584949293,110.92779070554123,Cubic,Pm-3m,False,True,mp-973465
Ho4Ni13C4,Ho4Ni13C4,mp-863728,https://next-gen.materialsproject.org/materials/mp-863728,0.0,-0.34624030095238145,0.0,9.276418068360256,263.2788623433256,Orthorhombic,Cmmm,True,False,
HoAs,HoAs,mp-295,https://next-gen.materialsproject.org/materials/mp-295,0.0,-1.7986194837499987,0.0,8.255765782798095,48.243069679295765,Cubic,Fm-3m,True,False,mp-1001917
HoCdPt2,HoCdPt2,mp-864673,https://next-gen.materialsproject.org/materials/mp-864673,0.0,-0.8219076862499959,0.018608861250001496,14.608809908344005,75.87375779974596,Cubic,Fm-3m,False,True,
HoCl2,HoCl2,mp-864641,https://next-gen.materialsproject.org/materials/mp-864641,0.0,-2.255867064999998,0.11639087499999956,4.795422951791534,163.32883550303504,Tetragonal,P4_2/mnm,False,True,
HoCu4Pd,HoCu4Pd,mp-1025134,https://next-gen.materialsproject.org/materials/mp-1025134,0.0,-0.37828091083333487,0.0,10.284710468224102,84.85122387397573,Cubic,F-43m,True,True,
HoI3,HoI3,mp-864657,https://next-gen.materialsproject.org/materials/mp-864657,2.2173,-1.6413067999999997,0.0,4.3904630389211965,412.74130921683786,Hexagonal,P6_3/mmc,True,True,
HoMgAu2,HoMgAu2,mp-864653,https://next-gen.materialsproject.org/materials/mp-864653,0.0,-0.7747982874999959,0.0,12.019350211322145,80.56791683785286,Cubic,Fm-3m,True,True,
HoMgRh2,HoMgRh2,mp-864744,https://next-gen.materialsproject.org/materials/mp-864744,0.0,-0.7243100999999967,0.0,9.55902377286256,68.62519269544913,Cubic,Fm-3m,True,True,
HoSbRh2,HoSbRh2,mp-864660,https://next-gen.materialsproject.org/materials/mp-864660,0.0,-0.7293727037499975,0.046822153749999984,11.084598028689754,73.77964281951866,Cubic,Fm-3m,False,True,
HoSnRh2,HoSnRh2,mp-864642,https://next-gen.materialsproject.org/materials/mp-864642,0.0,-0.8062632999999986,0.0,11.390074171937004,71.35625518549608,Cubic,Fm-3m,True,True,
InC6(NCl3)2,InC6(NCl3)2,mp-865009,https://next-gen.materialsproject.org/materials/mp-865009,0.05520000000000014,0.24939874722222252,0.7937802428958323,1.5963524731141217,3558.457677289003,Tetragonal,I4_1/acd,False,False,
InH4NCl4,InH4NCl4,mp-863731,https://next-gen.materialsproject.org/materials/mp-863731,3.6373999999999995,-1.0589316651666671,0.0,2.2712261031720073,401.6312670879411,Tetragonal,I4_1/a,True,False,
InPPd5,InPPd5,mp-1025161,https://next-gen.materialsproject.org/materials/mp-1025161,0.0,-0.5566757416156471,0.0,10.334910118847805,108.91877552443711,Tetragonal,P4/mmm,True,False,
InPd2Au,InPd2Au,mp-863724,https://next-gen.materialsproject.org/materials/mp-863724,0.0,-0.434341507500001,0.0,12.97549479672915,67.13883416294978,Cubic,Fm-3m,True,True,
Ir,Ir,mp-101,https://next-gen.materialsproject.org/materials/mp-101,0.0,0.0,0.0,22.304353644946936,14.310382775109328,Cubic,Fm-3m,True,False,mp-2647032;mp-2647047;mp-1060567
Ir3Rh,Ir3Rh,mp-863709,https://next-gen.materialsproject.org/materials/mp-863709,0.0,-0.025206192500000668,0.0,19.933656158210095,56.60928977766912,Tetragonal,I4/mmm,True,True,mp-1184771
K2NpO4,K2NpO4,mp-1025162,https://next-gen.materialsproject.org/materials/mp-1025162,0.2661000000000002,-2.890354923321427,0.0,5.189870466199193,121.32610783039469,Tetragonal,I4/mmm,True,True,
K2Pu2O5,K2Pu2O5,mp-862794,https://next-gen.materialsproject.org/materials/mp-862794,0.0,-2.7884055696666668,0.0,6.779698722218613,158.2710033071972,Tetragonal,P4/mmm,True,True,
K2PuO4,K2PuO4,mp-1025158,https://next-gen.materialsproject.org/materials/mp-1025158,0.0,-2.6772297833214287,0.0,5.318943292292937,120.56728602832138,Tetragonal,I4/mmm,True,True,
K2ZnH4(I2O7)2,K2ZnH4(I2O7)2,mp-863752,https://next-gen.materialsproject.org/materials/mp-863752,3.1176000000000004,-1.2386856799799995,0.0,3.9641312137960463,368.30862812089794,Monoclinic,C2,True,False,
KAcTe2,KAcTe2,mp-863710,https://next-gen.materialsproject.org/materials/mp-863710,0.8620999999999999,-1.5792424478125042,0.07703146999999433,6.249777290101117,138.50672648490055,Cubic,Fm-3m,False,True,
KCaMg14,KCaMg14,mp-1028171,https://next-gen.materialsproject.org/materials/mp-1028171,0.0,0.10877272029081642,0.13080366404081634,1.69027384156085,412.0675309160338,Hexagonal,P-6m2,False,True,mp-1028182
KHfNbBiO6,KHfNbBiO6,mp-1522209,https://next-gen.materialsproject.org/materials/mp-1522209,0.0,-2.726267619725,0.1806916464166637,7.370795804245669,138.65727195390778,Cubic,F-43m,False,True,
KLiMg6O7,KLiMg6O7,mp-1031307,https://next-gen.materialsproject.org/materials/mp-1031307,0.3933,-2.3617847677055552,0.4000097919166681,2.933639469021117,171.99791438572663,Tetragonal,P4mm,False,True,mp-1031367;mp-1031332;mp-1031324
KMg14Al,KMg14Al,mp-1028225,https://next-gen.materialsproject.org/materials/mp-1028225,0.0,0.12674852204687537,0.12815800061458393,1.7562659739996531,384.20136393576195,Orthorhombic,Amm2,False,True,mp-1028206
KMg6BO8,KMg6BO8,mp-1031258,https://next-gen.materialsproject.org/materials/mp-1031258,2.5778,-2.503348479151041,0.43756785546875054,3.111470637166312,172.77160799333862,Tetragonal,P4/mmm,False,True,mp-1031308
KMg6CrO8,KMg6CrO8,mp-1031323,https://next-gen.materialsproject.org/materials/mp-1031323,0.0,-2.5194240004531254,0.2889793006249999,3.523825974509414,171.96174192427895,Tetragonal,P4/mmm,False,True,mp-1031245
KMg6GaO8,KMg6GaO8,mp-1031256,https://next-gen.materialsproject.org/materials/mp-1031256,1.1688999999999998,-2.5411950659218743,0.2844060667578123,3.6789155630719583,172.71379349215806,Tetragonal,P4/mmm,False,True,mp-1031243
KMg6WO8,KMg6WO8,mp-1031281,https://next-gen.materialsproject.org/materials/mp-1031281,1.0774999999999997,-2.4197268723281242,0.35258302984375156,4.659522774135221,177.03426718770265,Tetragonal,P4/mmm,False,True,mp-1031276
KMnBiWO6,KMnBiWO6,mp-1522301,https://next-gen.materialsproject.org/materials/mp-1522301,0.0,-1.8991533695181027,0.17753417299999974,7.1866026410142805,134.67426363492334,Cubic,F-43m,False,True,
KNa2Bi,KNa2Bi,mp-863707,https://next-gen.materialsproject.org/materials/mp-863707,0.0,-0.5176606471875012,0.0,4.000901208113272,122.04630113747437,Cubic,Fm-3m,True,True,
KNaMg6O7,KNaMg6O7,mp-1031296,https://next-gen.materialsproject.org/materials/mp-1031296,0.4468000000000001,-2.28515230690862,0.4130563299166683,3.002246663377589,176.94398168842048,Tetragonal,P4mm,False,True,mp-1031453;mp-1031292;mp-1031421
KNb2InO6,KNb2InO6,mp-1522233,https://next-gen.materialsproject.org/materials/mp-1522233,0.0,-2.5728855253916665,0.10382610911111723,5.339691182532411,135.50205899922318,Cubic,Fm-3m,False,True,
KNdHf2O6,KNdHf2O6,mp-1522310,https://next-gen.materialsproject.org/materials/mp-1522310,2.7817,-3.5424951734749994,0.12575682637499597,7.543461427896411,140.07213408008383,Cubic,Fm-3m,False,True,
KNdInSbO6,KNdInSbO6,mp-1522255,https://next-gen.materialsproject.org/materials/mp-1522255,1.2359,-2.2913167441416653,0.19065954650000094,6.231274127361548,137.48336184061992,Cubic,F-43m,False,True,
KPrHf2O6,KPrHf2O6,mp-1522216,https://next-gen.materialsproject.org/materials/mp-1522216,2.8145999999999995,-3.5536201218916665,0.07274194137498569,7.482328716986771,140.47657646015335,Cubic,Fm-3m,False,True,
KPrHf4O12,KPrHf4O12,mp-1522348,https://next-gen.materialsproject.org/materials/mp-1522348,0.0,-3.198437591606481,0.16563072135416412,6.505289779429439,277.20163017375796,Orthorhombic,Amm2,False,True,
KPuO3,KPuO3,mp-863708,https://next-gen.materialsproject.org/materials/mp-863708,0.0,-2.921963576199996,1.739399999678426e-05,7.176625323314876,76.6096388014749,Cubic,Pm-3m,False,True,
KRbMg6O7,KRbMg6O7,mp-1031270,https://next-gen.materialsproject.org/materials/mp-1031270,0.0,-2.1874818706499997,0.4824413559999998,3.0215817199941575,210.14711777835922,Tetragonal,P4mm,False,True,mp-1031383;mp-1031286;mp-1031661
KSi2N3,KSi2N3,mp-1029418,https://next-gen.materialsproject.org/materials/mp-1029418,3.6731999999999987,-1.0853544762083338,0.0,3.392509252001216,134.3986975505549,Orthorhombic,Cmc2_1,True,True,
KSm(NiO3)4,KSm(NiO3)4,mp-1522205,https://next-gen.materialsproject.org/materials/mp-1522205,0.0,-0.8176572534583334,0.43702679541666534,4.564092107429155,224.19906642942115,Orthorhombic,Amm2,False,True,
KSrCeSbO6,KSrCeSbO6,mp-1522321,https://next-gen.materialsproject.org/materials/mp-1522321,1.9095000000000004,-2.853109766975,0.0,5.3278788902841345,604.1291901380869,Orthorhombic,Pnnn,True,True,mp-1522476
KSrTbSbO6,KSrTbSbO6,mp-1522221,https://next-gen.materialsproject.org/materials/mp-1522221,0.0,-2.657941577141668,0.01547614384374807,5.538956322485755,603.6627852996983,Tetragonal,P4_2/nnm,False,True,mp-1522340
KTl,KTl,mp-863730,https://next-gen.materialsproject.org/materials/mp-863730,0.0,-0.10100909987500313,0.0026281431944445988,5.038462166402303,962.9383633582352,Orthorhombic,Cmce,False,False,mp-1079544
Kr,Kr,mp-975590,https://next-gen.materialsproject.org/materials/mp-975590,7.179724259356957,0.0,0.0,2.945704346515623,141.71468334419296,Trigonal,R-3m,True,True,mp-567365;mp-612118;mp-976347;mp-974400
La,La,mp-26,https://next-gen.materialsproject.org/materials/mp-26,0.0,0.0,0.0,6.139065901187602,150.28863578550227,Hexagonal,P6_3/mmc,True,False,mp-156;mp-10023
LaCeMg14,LaCeMg14,mp-1026805,https://next-gen.materialsproject.org/materials/mp-1026805,0.0,0.057794047187500475,0.08644272875000025,2.602230485419928,395.18316565181175,Orthorhombic,Amm2,False,True,mp-1026906
LaCuPb,LaCuPb,mp-1025128,https://next-gen.materialsproject.org/materials/mp-1025128,0.0,-0.42460511499999737,0.0,8.928897599013009,152.3687024142157,Hexagonal,P6_3mc,True,True,mp-1018741
Li,Li,mp-1018134,https://next-gen.materialsproject.org/materials/mp-1018134,0.0,0.0,0.0,0.5649380298643795,61.205660097660434,Trigonal,R-3m,True,False,mp-51;mp-976411;mp-10173;mp-567337;mp-135;mp-1063005;mp-1103107;mp-604313
Li2GeN2,Li2GeN2,mp-1029776,https://next-gen.materialsproject.org/materials/mp-1029776,2.6889000000000003,-0.5682422468333342,0.0,3.6620451905536657,207.74239156303233,Monoclinic,P2_1/c,True,True,
Li4Ti3Fe3(SbO8)2,Li4Ti3Fe3(SbO8)2,mp-865132,https://next-gen.materialsproject.org/materials/mp-865132,0.1629000000000005,-2.431969152619047,0.04813796482142951,4.464723263195799,311.8252001115773,Triclinic,P1,False,True,mp-863112
LiAc2Ir,LiAc2Ir,mp-862685,https://next-gen.materialsproject.org/materials/mp-862685,0.0,-0.3199186054166603,0.026701294791664054,9.94025751361892,109.11129572766812,Cubic,Fm-3m,False,True,
LiAc2Ru,LiAc2Ru,mp-862686,https://next-gen.materialsproject.org/materials/mp-862686,0.0,-0.001742076666666037,0.08577427229166545,8.6321007817254,108.11287382539803,Cubic,Fm-3m,False,True,
LiCaMg14,LiCaMg14,mp-1028177,https://next-gen.materialsproject.org/materials/mp-1028177,0.0,0.020126575416665737,0.05261069333333346,1.6902444998800485,380.48253699899453,Hexagonal,P-6m2,False,True,mp-1028194
LiCrN2,LiCrN2,mp-1029395,https://next-gen.materialsproject.org/materials/mp-1029395,0.0,-0.6783073420833334,0.10563016691666594,3.212840293268092,89.87978805834804,Tetragonal,I-42d,False,True,
LiHf2Os,LiHf2Os,mp-862684,https://next-gen.materialsproject.org/materials/mp-862684,0.0,-0.4600334291666712,0.0,13.377225683423763,68.78775968632486,Cubic,Fm-3m,True,True,
LiIn3,LiIn3,mp-863027,https://next-gen.materialsproject.org/materials/mp-863027,0.0,-0.21112169666666958,0.0,6.4339686576485775,90.6913224436497,Cubic,Pm-3m,True,True,mp-973748
LiMg14B,LiMg14B,mp-1026806,https://next-gen.materialsproject.org/materials/mp-1026806,0.0,0.1665491705034725,0.19731206482638886,1.7506538408918566,339.5928450538273,Orthorhombic,Amm2,False,True,mp-1026801
LiMg14Co,LiMg14Co,mp-1027758,https://next-gen.materialsproject.org/materials/mp-1027758,0.0,0.08373577260416631,0.09418894677083323,1.9802614815796533,340.5703285581153,Orthorhombic,Amm2,False,True,mp-1027718
LiMg6BiO8,LiMg6BiO8,mp-1031076,https://next-gen.materialsproject.org/materials/mp-1031076,1.0029000000000003,-2.6158226495833334,0.1234253770312499,4.683765480516081,173.63024825938297,Tetragonal,P4/mmm,False,True,mp-1031101
LiMg6CrO8,LiMg6CrO8,mp-1031034,https://next-gen.materialsproject.org/materials/mp-1031034,1.2919,-2.8368578020833337,0.04402953874999849,3.6487145867362885,151.440949046096,Tetragonal,P4/mmm,False,True,mp-1031027
LiMg6SbO8,LiMg6SbO8,mp-1031070,https://next-gen.materialsproject.org/materials/mp-1031070,0.22439999999999927,-2.646471358333333,0.1304655837500004,3.9946669284706835,167.32571033645587,Tetragonal,P4/mmm,False,True,mp-1031131
LiMg6WO8,LiMg6WO8,mp-1031191,https://next-gen.materialsproject.org/materials/mp-1031191,1.3883,-2.7003482102083334,0.09407086257812391,4.843418197669424,159.28765910275746,Tetragonal,P4/mmm,False,True,mp-1031055
LiSc2Os,LiSc2Os,mp-862887,https://next-gen.materialsproject.org/materials/mp-862887,0.0,-0.33092544833333015,0.0,6.883041420460087,69.25895344038463,Cubic,Fm-3m,True,True,
LiScAu2,LiScAu2,mp-862815,https://next-gen.materialsproject.org/materials/mp-862815,0.0,-0.7306360679166666,0.0,10.60543408439204,69.8055553627059,Cubic,Fm-3m,True,True,
LiScTl2,LiScTl2,mp-865231,https://next-gen.materialsproject.org/materials/mp-865231,0.0,-0.31114296041666734,0.0,8.742700281407451,87.49582333603125,Cubic,Fm-3m,True,True,
LiSiBiO4,LiSiBiO4,mp-753327,https://next-gen.materialsproject.org/materials/mp-753327,3.3908,-2.5252663454761906,0.02055176595238173,5.6400499221973215,362.72977204706126,Orthorhombic,Pnma,False,True,mp-757874;mp-766176;mp-757038;mp-752501;mp-757890;mp-772109;mp-757883;mp-863062;mp-766374;mp-766196;mp-756818;mp-863408;mp-1266684;mp-1176587;mp-757383;mp-766350;mp-757541;mp-757349;mp-757219;mp-757159
LiSiPd2,LiSiPd2,mp-864997,https://next-gen.materialsproject.org/materials/mp-864997,0.0,-0.6969589833333325,0.0,7.985017179231454,51.54553808562679,Cubic,Fm-3m,True,True,
LiSmTl2,LiSmTl2,mp-865116,https://next-gen.materialsproject.org/materials/mp-865116,0.0,-0.33112647125000194,0.0,9.421361558706822,99.77086216175321,Cubic,Fm-3m,True,True,
LiTbAu2,LiTbAu2,mp-864824,https://next-gen.materialsproject.org/materials/mp-864824,0.0,-0.7089497049999984,0.0011664654166674282,11.634351958369175,79.89864187637255,Cubic,Fm-3m,False,True,
LiTi2N3,LiTi2N3,mp-1029424,https://next-gen.materialsproject.org/materials/mp-1029424,0.07889999999999997,-1.530816893333333,0.0,3.588268078046691,133.92080045595733,Orthorhombic,Cmcm,True,True,
LiTiRh2,LiTiRh2,mp-863727,https://next-gen.materialsproject.org/materials/mp-863727,0.0,-0.6442073891666658,0.0,8.091051674866987,53.48724108970368,Cubic,Fm-3m,True,True,
LiV2CrO6,LiV2CrO6,mp-1280737,https://next-gen.materialsproject.org/materials/mp-1280737,1.2069999999999999,-2.415675690333333,0.0635695626875119,4.217078871484996,202.25082090680567,Triclinic,P1,False,True,mp-1275173;mp-863111;mp-780611
LiY2Rh,LiY2Rh,mp-862672,https://next-gen.materialsproject.org/materials/mp-862672,0.0,-0.4510595958333319,0.009756284095236545,5.605016019800352,85.221465542255,Cubic,Fm-3m,False,True,
LiY2Ru,LiY2Ru,mp-862673,https://next-gen.materialsproject.org/materials/mp-862673,0.0,-0.24485259333333254,0.0,5.644397288659814,84.08688046955186,Cubic,Fm-3m,True,True,
Lu2Cr2C3,Lu2Cr2C3,mp-1025175,https://next-gen.materialsproject.org/materials/mp-1025175,0.0,-0.34976761690476366,0.0,9.174274444186079,88.68220634136547,Monoclinic,C2/m,True,False,
Lu2MgGe2,Lu2MgGe2,mp-865129,https://next-gen.materialsproject.org/materials/mp-865129,0.0,-0.7131732046666684,0.0,8.276663759854898,208.46119199153583,Tetragonal,P4/mbm,True,False,
Lu2MgIn,Lu2MgIn,mp-865240,https://next-gen.materialsproject.org/materials/mp-865240,0.0,-0.2526575287500008,0.0,8.256667787405146,98.35665868349409,Cubic,Fm-3m,True,True,
Lu2MgZrO6,Lu2MgZrO6,mp-aaaiejbq,https://next-gen.materialsproject.org/materials/mp-aaaiejbq,3.1921999999999997,-3.0499624035833337,0.7255503139166635,7.744933969208251,120.37872408196804,Cubic,Fm-3m,False,True,
Lu2TiZnO6,Lu2TiZnO6,mp-aaaiejbr,https://next-gen.materialsproject.org/materials/mp-aaaiejbr,2.4032,-2.8204423027500014,0.5554356164999952,8.296274104391875,111.92784412686315,Cubic,Fm-3m,False,True,
Lu4Ni13C4,Lu4Ni13C4,mp-865141,https://next-gen.materialsproject.org/materials/mp-865141,0.0,-0.3601910750793639,0.0,9.73627216132248,257.6910290855262,Orthorhombic,Cmmm,True,False,
LuCd,LuCd,mp-2217,https://next-gen.materialsproject.org/materials/mp-2217,0.0,-0.35467518833333145,0.0,9.88653571865453,48.26790800418356,Cubic,Pm-3m,True,False,
LuGa5Co,LuGa5Co,mp-1025155,https://next-gen.materialsproject.org/materials/mp-1025155,0.0,-0.44471114773809567,0.0,8.102046079584062,119.38826686933753,Tetragonal,P4/mmm,True,False,
LuMgRh2,LuMgRh2,mp-865271,https://next-gen.materialsproject.org/materials/mp-865271,0.0,-0.7956248804166615,0.0,10.137692912642345,66.35199482285317,Cubic,Fm-3m,True,True,
Mg,Mg,mp-153,https://next-gen.materialsproject.org/materials/mp-153,0.0,0.0,0.0,1.8017993871104938,44.79899633535127,Hexagonal,P6_3/mmc,True,False,mp-1094122;mp-973364;mp-1056702;mp-1056351;mp-110;mp-2017534;mp-1247180;mp-1055956
Mg14AlBi,Mg14AlBi,mp-1028236,https://next-gen.materialsproject.org/materials/mp-1028236,0.0,0.018868178124999968,0.048194209661458265,2.5781782843299927,371.1363378632577,Hexagonal,P-6m2,False,True,mp-1028163
Mg14AlC,Mg14AlC,mp-1028322,https://next-gen.materialsproject.org/materials/mp-1028322,0.0,0.27408674468749994,0.28396125539062544,1.8394952581300392,342.36552759672173,Orthorhombic,Amm2,False,True,mp-1028229
Mg14AlSb,Mg14AlSb,mp-1028232,https://next-gen.materialsproject.org/materials/mp-1028232,0.0,-0.01154237499999966,0.05676262532552134,2.251478200225371,360.6620596711519,Hexagonal,P-6m2,False,True,mp-1028233
Mg14AlSn,Mg14AlSn,mp-1028255,https://next-gen.materialsproject.org/materials/mp-1028255,0.0,-0.0022656065624997446,0.030474892942708554,2.24601346439639,359.2846319176641,Hexagonal,P-6m2,False,True,mp-1028234
Mg14AlZn,Mg14AlZn,mp-1028199,https://next-gen.materialsproject.org/materials/mp-1028199,0.0,0.023671315625000355,0.038362542292708524,2.042977256696919,351.6680009873715,Hexagonal,P-6m2,False,True,mp-1028202
Mg14CdFe,Mg14CdFe,mp-1027778,https://next-gen.materialsproject.org/materials/mp-1027778,0.0,0.12017290937500036,0.13288995906250012,2.487639491530691,339.4492222191005,Hexagonal,P-6m2,False,True,mp-1027800
Mg14CdSn,Mg14CdSn,mp-1026584,https://next-gen.materialsproject.org/materials/mp-1026584,0.0,-0.018191734687499572,0.02585633593749992,2.5896137864929183,366.39327612409676,Hexagonal,P-6m2,False,True,mp-1026575
Mg14CrB,Mg14CrB,mp-1026516,https://next-gen.materialsproject.org/materials/mp-1026516,0.0,0.26726683692708386,0.33345006890625006,1.9977080102077742,335.0465978595938,Orthorhombic,Amm2,False,True,mp-1026505
Mg14CrCd,Mg14CrCd,mp-1026496,https://next-gen.materialsproject.org/materials/mp-1026496,0.0,0.0814801987500009,0.09419724843750021,2.3791105729518627,352.24762197557675,Hexagonal,P-6m2,False,True,mp-1026506
Mg14CrFe,Mg14CrFe,mp-1027789,https://next-gen.materialsproject.org/materials/mp-1027789,0.0,0.1743410081250003,0.1743410081250003,2.165080447616828,343.6851455500314,Hexagonal,P-6m2,False,True,mp-1027877
Mg14CrGa,Mg14CrGa,mp-1026492,https://next-gen.materialsproject.org/materials/mp-1026492,0.0,0.07606697703125054,0.09951473468749983,2.1960055261777054,349.33926204660617,Hexagonal,P-6m2,False,True,mp-1026517
Mg14CrMo,Mg14CrMo,mp-1026507,https://next-gen.materialsproject.org/materials/mp-1026507,0.0,0.1899514306250003,0.1899514306250003,2.3897154545469803,339.2392601355739,Orthorhombic,Amm2,False,True,mp-1026498
Mg14CrW,Mg14CrW,mp-1026538,https://next-gen.materialsproject.org/materials/mp-1026538,0.0,0.23080007000000036,0.23080007000000036,2.8453819070492123,336.2102937827482,Orthorhombic,Amm2,False,True,mp-1026497
Mg14CuNi,Mg14CuNi,mp-1027871,https://next-gen.materialsproject.org/materials/mp-1027871,0.0,0.045899193125000126,0.0930847189583337,2.3084517957217083,332.696974598353,Orthorhombic,Amm2,False,True,mp-1027804
Mg14FeB,Mg14FeB,mp-1028228,https://next-gen.materialsproject.org/materials/mp-1028228,0.0,0.2460447406770836,0.2945380548437502,2.0452229650437657,330.3877047678663,Orthorhombic,Amm2,False,True,mp-1027782
Mg14FeBi,Mg14FeBi,mp-1027992,https://next-gen.materialsproject.org/materials/mp-1027992,0.0,0.08954854687500013,0.11746509984374987,2.838764102241137,353.9514084071026,Orthorhombic,Amm2,False,True,mp-1027809
Mg14FeSb,Mg14FeSb,mp-1027786,https://next-gen.materialsproject.org/materials/mp-1027786,0.0,0.05487088812499996,0.12176640988281262,2.45907959594131,349.70469103004535,Hexagonal,P-6m2,False,True,mp-1027862
Mg14FeW,Mg14FeW,mp-1099086,https://next-gen.materialsproject.org/materials/mp-1099086,0.0,0.2241153006250003,0.2262967686718751,2.9663841411114245,324.6504464370127,Orthorhombic,Amm2,False,True,mp-1027792
Mg14MnAl,Mg14MnAl,mp-1028205,https://next-gen.materialsproject.org/materials/mp-1028205,0.0,0.07521240825431041,0.10924812625000024,2.038837064673647,343.85400883963433,Orthorhombic,Amm2,False,True,mp-1028192
Mg14MnCo,Mg14MnCo,mp-1028148,https://next-gen.materialsproject.org/materials/mp-1028148,0.0,0.14530404450431034,0.14696754687500002,2.277590781353669,331.10393579112093,Hexagonal,P-6m2,False,True,mp-1028245
Mg14MnFe,Mg14MnFe,mp-1028160,https://next-gen.materialsproject.org/materials/mp-1028160,0.0,0.14552303137931055,0.14552303137931055,2.2167236049822763,337.8820894469697,Orthorhombic,Amm2,False,True,mp-1028142
Mg14MnNb,Mg14MnNb,mp-1028064,https://next-gen.materialsproject.org/materials/mp-1028064,0.0,0.14101290387931043,0.15441419773437515,2.353690980655078,344.3668176823849,Orthorhombic,Amm2,False,True,mp-1028054
Mg14MnNi,Mg14MnNi,mp-1028195,https://next-gen.materialsproject.org/materials/mp-1028195,0.0,0.09230657700431033,0.12100038908764388,2.2683306574362776,332.2800758305741,Orthorhombic,Amm2,False,True,mp-1028161
Mg14MnSn,Mg14MnSn,mp-1028154,https://next-gen.materialsproject.org/materials/mp-1028154,0.0,0.0459625785668103,0.07729359950431025,2.4141435654461256,353.4922297745721,Orthorhombic,Amm2,False,True,mp-1028146
Mg14MnV,Mg14MnV,mp-1028144,https://next-gen.materialsproject.org/materials/mp-1028144,0.0,0.15646473325431032,0.1919749900000003,2.1471982284418054,345.03044024538247,Hexagonal,P-6m2,False,True,mp-1028162
Mg14NbB,Mg14NbB,mp-1026514,https://next-gen.materialsproject.org/materials/mp-1026514,0.0,0.2557678719270835,0.35197271906250016,2.229002091074351,330.757155208446,Hexagonal,P-6m2,False,True,mp-1026525
Mg14NbBi,Mg14NbBi,mp-1026523,https://next-gen.materialsproject.org/materials/mp-1026523,0.0,0.0726809049999999,0.10059745796874964,2.9430509387066768,362.3200698083948,Hexagonal,P-6m2,False,True,mp-1026528
Mg14NbC,Mg14NbC,mp-1026534,https://next-gen.materialsproject.org/materials/mp-1026534,0.0,0.3498399446875,0.41212099911458333,2.2559587738856357,327.68796481379724,Hexagonal,P-6m2,False,True,mp-1026530
Mg14NbCd,Mg14NbCd,mp-1026512,https://next-gen.materialsproject.org/materials/mp-1026512,0.0,0.07664645875000042,0.08936350843750018,2.576909022449132,351.57203925602914,Hexagonal,P-6m2,False,True,mp-1026522
Mg14NbCr,Mg14NbCr,mp-1026539,https://next-gen.materialsproject.org/materials/mp-1026539,0.0,0.16180137687500062,0.1645639437500006,2.350124985034453,342.8106434062681,Orthorhombic,Amm2,False,True,mp-1026535
Mg14NbFe,Mg14NbFe,mp-1027814,https://next-gen.materialsproject.org/materials/mp-1027814,0.0,0.18403941562500004,0.1975647553846156,2.4472931105544027,331.81113595470237,Orthorhombic,Amm2,False,True,mp-1027791
Mg14NbGa,Mg14NbGa,mp-1026553,https://next-gen.materialsproject.org/materials/mp-1026553,0.0,0.06906905078125014,0.11472022770833368,2.4175400955050055,345.42718434260445,Orthorhombic,Amm2,False,True,mp-1026526
Mg14NbMo,Mg14NbMo,mp-1026529,https://next-gen.materialsproject.org/materials/mp-1026529,0.0,0.16876734625000012,0.17805479062500007,2.5939128697228573,338.72318197387847,Orthorhombic,Amm2,False,True,mp-1026510
Mg14NbSb,Mg14NbSb,mp-1026520,https://next-gen.materialsproject.org/materials/mp-1026520,0.0,0.041361974375,0.11307726971354182,2.6015758793395767,354.2059053795351,Hexagonal,P-6m2,False,True,mp-1026542
Mg14NbW,Mg14NbW,mp-1026531,https://next-gen.materialsproject.org/materials/mp-1026531,0.0,0.2004234475000004,0.20561303312500057,3.0318607862230422,337.93761567461837,Orthorhombic,Amm2,False,True,mp-1026515
Mg14TiCo,Mg14TiCo,mp-1028031,https://next-gen.materialsproject.org/materials/mp-1028031,0.0,0.12496419166666684,0.17346051687500008,2.216700125097858,334.9020992699271,Orthorhombic,Amm2,False,True,mp-1027684
Mg14ZnCu,Mg14ZnCu,mp-1027999,https://next-gen.materialsproject.org/materials/mp-1027999,0.0,0.03832360625000031,0.07357197312500019,2.2864622165239146,340.7738116042633,Orthorhombic,Amm2,False,True,mp-1027998
Mg14ZrAl,Mg14ZrAl,mp-1028216,https://next-gen.materialsproject.org/materials/mp-1028216,0.0,0.026552081875000244,0.08726865619791724,2.1424072314610374,355.35566385773046,Orthorhombic,Amm2,False,True,mp-1028197
Mg2AgAu,Mg2AgAu,mp-864978,https://next-gen.materialsproject.org/materials/mp-864978,0.0,-0.4259849579166666,0.0,8.356768426481388,70.2315557494779,Cubic,Fm-3m,True,True,
Mg2AgIr,Mg2AgIr,mp-864976,https://next-gen.materialsproject.org/materials/mp-864976,0.0,-0.2838000004166652,0.011970491644738068,9.03415098051601,64.09257538352549,Cubic,Fm-3m,False,True,
Mg2Cu,Mg2Cu,mp-2481,https://next-gen.materialsproject.org/materials/mp-2481,0.0,-0.08748052166666653,0.0,3.515311247710182,211.9179858513011,Orthorhombic,Fddd,True,False,mp-1052023;mp-865014
Mg2PdPt,Mg2PdPt,mp-864975,https://next-gen.materialsproject.org/materials/mp-864975,0.0,-0.7936226175000014,0.0,9.368800007185337,62.05468951519651,Cubic,Fm-3m,True,True,
Mg3Al2(GeO4)3,Mg3Al2(GeO4)3,mp-aaaiejdl,https://next-gen.materialsproject.org/materials/mp-aaaiejdl,4.353899999999999,-2.5775152570000004,0.03331997862499847,4.405619740283419,809.2956505348285,Cubic,Ia-3d,False,True,
Mg6TiSnO8,Mg6TiSnO8,mp-1031502,https://next-gen.materialsproject.org/materials/mp-1031502,0.0,-2.5484588436458324,0.402661612343751,4.175860199361313,175.1268060291316,Tetragonal,P4/mmm,False,True,mp-1031456
MgAlF5,MgAlF5,mp-1025166,https://next-gen.materialsproject.org/materials/mp-1025166,4.677,-3.299149611428571,0.5471415907142854,2.1962619333038873,110.59757999495325,Orthorhombic,Immm,False,True,
MgGaPd2,MgGaPd2,mp-865123,https://next-gen.materialsproject.org/materials/mp-865123,0.0,-0.7104745106249983,0.0,8.556779237784,59.55118027952161,Cubic,Fm-3m,True,True,
MgGaRh2,MgGaRh2,mp-865125,https://next-gen.materialsproject.org/materials/mp-865125,0.0,-0.6831364531249982,0.0,8.96546140484995,55.534718337704646,Cubic,Fm-3m,True,True,
MgGeIr2,MgGeIr2,mp-865160,https://next-gen.materialsproject.org/materials/mp-865160,0.0,-0.33299379500000104,0.019706491986839936,14.16043036206824,56.44945923387101,Cubic,Fm-3m,False,True,
MgSnIr2,MgSnIr2,mp-864906,https://next-gen.materialsproject.org/materials/mp-864906,0.0,-0.3313009074999984,0.0,13.90183890773546,63.00243278430109,Cubic,Fm-3m,True,True,
MgSnPd2,MgSnPd2,mp-864883,https://next-gen.materialsproject.org/materials/mp-864883,0.0,-0.6721823899999988,0.0,8.838714097254504,66.85487547946326,Cubic,Fm-3m,True,True,
MgTiIr2,MgTiIr2,mp-864908,https://next-gen.materialsproject.org/materials/mp-864908,0.013099999999999667,-0.7674558595833325,0.0,13.009333748548613,58.28216238882143,Cubic,Fm-3m,True,True,
MgZrPd2,MgZrPd2,mp-864907,https://next-gen.materialsproject.org/materials/mp-864907,0.0,-0.6919770612500002,0.0,7.870014437918352,69.28444132135763,Cubic,Fm-3m,True,True,
MgZrRh2,MgZrRh2,mp-864910,https://next-gen.materialsproject.org/materials/mp-864910,0.0,-0.7863486762500003,0.0,8.259783060732307,64.6018933528073,Cubic,Fm-3m,True,True,
Mn(CrSe2)2,Mn(CrSe2)2,mp-1025180,https://next-gen.materialsproject.org/materials/mp-1025180,0.0,-0.7704808667580048,0.0,5.44748260567828,144.72272747809123,Monoclinic,C2/m,True,False,
Mn2AlCr,Mn2AlCr,mp-864988,https://next-gen.materialsproject.org/materials/mp-864988,0.0,-0.16105888646551758,0.0,5.412413096780222,57.94069836208003,Cubic,Fm-3m,True,True,
Mn2AlRe,Mn2AlRe,mp-864989,https://next-gen.materialsproject.org/materials/mp-864989,0.0,-0.19773269459051868,0.0,11.009652144164269,48.72646570044304,Cubic,Fm-3m,True,True,
Mn2AlW,Mn2AlW,mp-864990,https://next-gen.materialsproject.org/materials/mp-864990,0.0,-0.2151946714655164,0.0,10.587905288950601,50.29615651700608,Cubic,Fm-3m,True,True,
Mn2NbAl,Mn2NbAl,mp-865011,https://next-gen.materialsproject.org/materials/mp-865011,0.0,-0.25654126146551803,0.0,7.100950475238931,53.7297245266498,Cubic,Fm-3m,True,True,
Mn2VSi,Mn2VSi,mp-865026,https://next-gen.materialsproject.org/materials/mp-865026,0.0,-0.4578360009913798,0.0,7.015241451395822,44.71420739514216,Cubic,Fm-3m,True,True,
Mn3Ir,Mn3Ir,mp-2017103,https://next-gen.materialsproject.org/materials/mp-2017103,0.0,-0.4353712483620704,0.0,10.501722666069275,112.90798040284868,Orthorhombic,Cmcm,True,True,mp-864735;mp-2766475
MnAlRu2,MnAlRu2,mp-864980,https://next-gen.materialsproject.org/materials/mp-864980,0.0,-0.4141381869827594,0.0,8.950192448555134,52.70188760523177,Cubic,Fm-3m,True,True,
MnGaRu2,MnGaRu2,mp-865140,https://next-gen.materialsproject.org/materials/mp-865140,0.0,-0.3626885436206919,0.0,10.216249145226588,53.11791982284776,Cubic,Fm-3m,True,True,
MnIr3,MnIr3,mp-865022,https://next-gen.materialsproject.org/materials/mp-865022,0.0,-0.16418418823275616,0.0,18.69400965620118,112.2047440877908,Hexagonal,P6_3/mmc,True,True,
MnNbRu2,MnNbRu2,mp-864992,https://next-gen.materialsproject.org/materials/mp-864992,0.0,-0.32573629612069155,0.0,9.75071231104599,59.60208779492318,Cubic,Fm-3m,True,True,
MnV3,MnV3,mp-864984,https://next-gen.materialsproject.org/materials/mp-864984,0.0,-0.08009572362068873,0.01897389500000024,6.984606356494616,49.394025292485416,Cubic,Fm-3m,False,True,
MnVRu2,MnVRu2,mp-864983,https://next-gen.materialsproject.org/materials/mp-864983,0.0,-0.32002145362068646,0.0,9.484178573714932,53.92965605698385,Cubic,Fm-3m,True,True,
MnZnIr2,MnZnIr2,mp-864985,https://next-gen.materialsproject.org/materials/mp-864985,0.0,-0.20868979198275817,0.0,15.43697893554305,54.29874912524635,Cubic,Fm-3m,True,True,
MnZnRh2,MnZnRh2,mp-864987,https://next-gen.materialsproject.org/materials/mp-864987,0.0,-0.45294993237068937,0.00998102799999856,9.959133787004081,54.38205650694362,Cubic,Fm-3m,False,True,
Mo2SeS3,Mo2SeS3,mp-1221485,https://next-gen.materialsproject.org/materials/mp-1221485,1.0635000000000003,-0.904702752916665,0.007388366666665647,5.193448024448806,117.35478131134994,Trigonal,P3m1,False,True,mp-1027608;mp-1027890
MoI3,MoI3,mp-864733,https://next-gen.materialsproject.org/materials/mp-864733,0.0,-0.25870789375000136,0.22363099583333224,4.14893083193978,381.54485659086595,Hexagonal,P6_3/mmc,False,True,
MoW3(SeS3)2,MoW3(SeS3)2,mp-1030520,https://next-gen.materialsproject.org/materials/mp-1030520,0.6825000000000001,-0.7378869441666703,0.11228227291666926,5.071798081333463,326.67626751432056,Trigonal,P3m1,False,True,mp-1029037;mp-1028917;mp-1029234;mp-1027328;mp-1029232;mp-1027115;mp-1080151
MoW3S8,MoW3S8,mp-1029246,https://next-gen.materialsproject.org/materials/mp-1029246,1.2245,-0.9006355102083319,0.0035851325000102463,4.925234271307399,304.7761842045002,Trigonal,P3m1,False,True,mp-1027273
Na,Na,mp-10172,https://next-gen.materialsproject.org/materials/mp-10172,0.0,0.0,0.0,1.0334941659185817,73.87639201807406,Hexagonal,P6_3/mmc,True,False,mp-973198;mp-1545923;mp-974558;mp-2018774;mp-982370;mp-974920;mp-1525464;mp-127;mp-1186081;mp-567772;mp-1186040;mp-1186055;mp-1079952;mp-999501;mp-1221597;mp-689577
Na2CeFeO6,Na2CeFeO6,mp-1522277,https://next-gen.materialsproject.org/materials/mp-1522277,0.0,-1.9904700622758618,0.1791511684999998,4.205032323327836,133.4490311042368,Cubic,Fm-3m,False,True,
Na2TlBi,Na2TlBi,mp-864898,https://next-gen.materialsproject.org/materials/mp-864898,0.0,-0.3731435687499989,0.0,6.862403242532897,111.15018554222817,Cubic,Fm-3m,True,True,
Na3IrN2,Na3IrN2,mp-1029569,https://next-gen.materialsproject.org/materials/mp-1029569,0.0,-0.03514567713122574,0.03905979911877644,4.2535429027057665,451.6022756305921,Monoclinic,P2_1/c,False,True,
Na3Mo2N5,Na3Mo2N5,mp-1029845,https://next-gen.materialsproject.org/materials/mp-1029845,1.8154,-0.5313333374137941,0.0,3.4270276297124935,641.3065653612646,Tetragonal,I4_1,True,True,
Na3Np(HO3)2,Na3Np(HO3)2,mp-1180577,https://next-gen.materialsproject.org/materials/mp-1180577,1.4886,-2.2845712391989945,0.0,4.173100384360891,321.5006340353797,Orthorhombic,Fdd2,True,False,mp-864664
Na3Sn,Na3Sn,mp-864742,https://next-gen.materialsproject.org/materials/mp-864742,0.0,-0.18876372000000075,0.03806853762499962,2.833663938384378,109.98086924657377,Tetragonal,I4/mmm,False,True,mp-1186080
NaCaDySeO6,NaCaDySeO6,mp-1522311,https://next-gen.materialsproject.org/materials/mp-1522311,2.2461999999999995,-2.3936947715389723,0.18532431787499615,5.216135708303975,127.50550758818733,Cubic,F-43m,False,True,
NaCaMg14,NaCaMg14,mp-1028183,https://next-gen.materialsproject.org/materials/mp-1028183,0.0,0.04857301319383378,0.0706039569438337,1.713515707977983,390.86780514596046,Hexagonal,P-6m2,False,True,mp-1028186
NaCaNbSnO6,NaCaNbSnO6,mp-1522332,https://next-gen.materialsproject.org/materials/mp-1522332,3.2445000000000004,-2.6538687186379315,0.11582018724999976,4.674122643980094,131.6887854795422,Cubic,F-43m,False,True,
NaDyTl2,NaDyTl2,mp-865114,https://next-gen.materialsproject.org/materials/mp-865114,0.0,-0.3188946312500036,0.0,9.416721458829176,104.79081519595908,Cubic,Fm-3m,True,True,
NaErTl2,NaErTl2,mp-865117,https://next-gen.materialsproject.org/materials/mp-865117,0.0,-0.20958111451149897,0.0,9.652356155847887,103.05135943106991,Cubic,Fm-3m,True,True,
NaLa(NiO3)4,NaLa(NiO3)4,mp-1522197,https://next-gen.materialsproject.org/materials/mp-1522197,0.0,-0.8148693392432954,0.44541676171296096,4.4267927925700254,220.81350905774727,Orthorhombic,Amm2,False,True,
NaMg14Fe,NaMg14Fe,mp-1027787,https://next-gen.materialsproject.org/materials/mp-1027787,0.0,0.17707594178879327,0.17707594178879327,1.9652127185793975,354.1295233745586,Hexagonal,P-6m2,False,True,mp-1027757
NaNdHg2,NaNdHg2,mp-865115,https://next-gen.materialsproject.org/materials/mp-865115,0.0,-0.442352603125002,0.0,9.27321156975831,101.784580565542,Cubic,Fm-3m,True,True,
NaNdTl2,NaNdTl2,mp-865122,https://next-gen.materialsproject.org/materials/mp-865122,0.0,-0.2592804113864968,0.0085350051975559,8.66916877771152,110.32981596606277,Cubic,Fm-3m,False,True,
NaNiCSO7,NaNiCSO7,mp-863078,https://next-gen.materialsproject.org/materials/mp-863078,0.07330000000000003,-1.7440401053526637,0.0450193600000004,2.570044497582458,307.23274832709524,Monoclinic,P2_1,False,True,
NaPaO3,NaPaO3,mp-865120,https://next-gen.materialsproject.org/materials/mp-865120,2.952,-3.440691451275864,0.0,6.188465133544278,81.04148454461952,Cubic,Pm-3m,True,True,
NaPr(FeO3)4,NaPr(FeO3)4,mp-1522287,https://next-gen.materialsproject.org/materials/mp-1522287,0.0,-1.3949890829469993,0.2445866083333339,4.295333628120791,223.9408888471201,Tetragonal,P4/mmm,False,True,
NaPrAu2,NaPrAu2,mp-865118,https://next-gen.materialsproject.org/materials/mp-865118,0.0,-0.5814311382614927,0.0005935409375026346,9.943577490095347,93.15555041669148,Cubic,Fm-3m,False,True,
NaPrHfTiO6,NaPrHfTiO6,mp-1522207,https://next-gen.materialsproject.org/materials/mp-1522207,2.2549,-3.438231605637931,0.09504095558333248,6.321449205478548,127.72996451652628,Cubic,F-43m,False,True,
NaPrHg2,NaPrHg2,mp-865119,https://next-gen.materialsproject.org/materials/mp-865119,0.0,-0.44250345166666705,0.0,9.070472226231796,103.44920399681824,Cubic,Fm-3m,True,True,
NaPrMnWO6,NaPrMnWO6,mp-1522211,https://next-gen.materialsproject.org/materials/mp-1522211,1.1303,-2.489894680097701,0.12373782000000588,6.316234247270381,131.1009188055315,Cubic,F-43m,False,True,
NaPrTl2,NaPrTl2,mp-865112,https://next-gen.materialsproject.org/materials/mp-865112,0.0,-0.36514797541666866,0.0021092467708285767,8.46270508632876,112.36725936667645,Cubic,Fm-3m,False,True,
NaSmAu2,NaSmAu2,mp-865111,https://next-gen.materialsproject.org/materials/mp-865111,0.0,-0.5894525890948268,0.0,10.57071854314002,89.1136611787171,Cubic,Fm-3m,True,True,
NaSr2In,NaSr2In,mp-865124,https://next-gen.materialsproject.org/materials/mp-865124,0.0,-0.21268963951149367,0.02359369910370246,3.572273097057685,145.51744427262636,Cubic,Fm-3m,False,True,
NaSr2Tl,NaSr2Tl,mp-865128,https://next-gen.materialsproject.org/materials/mp-865128,0.0,-0.2475454924999987,0.0,4.617635550327045,144.78291409331425,Cubic,Fm-3m,True,True,
NaSrAu2,NaSrAu2,mp-865121,https://next-gen.materialsproject.org/materials/mp-865121,0.0,-0.5846316874999964,0.026257758000003406,8.3705026662311,100.09114660041729,Cubic,Fm-3m,False,True,
NaSrLaSeO6,NaSrLaSeO6,mp-1522549,https://next-gen.materialsproject.org/materials/mp-1522549,2.2348999999999997,-2.3770030948723075,0.15726792162499503,4.949775381828337,142.4007528221615,Cubic,F-43m,False,True,
NaSrSbWO6,NaSrSbWO6,mp-1522343,https://next-gen.materialsproject.org/materials/mp-1522343,1.1150000000000002,-2.2242444991379307,0.1714635705625014,5.763687436896942,147.56843856356036,Cubic,F-43m,False,True,
NaSrSnBiO6,NaSrSnBiO6,mp-1522253,https://next-gen.materialsproject.org/materials/mp-1522253,0.0,-1.9725340966379306,0.13627557575000004,6.166269608135562,143.88283095970917,Cubic,F-43m,False,True,
NaTl2Cd,NaTl2Cd,mp-865127,https://next-gen.materialsproject.org/materials/mp-865127,0.0,-0.06354454201149817,0.0,8.655172792828814,104.40128676223978,Cubic,Fm-3m,True,True,
NaTlPd2,NaTlPd2,mp-865126,https://next-gen.materialsproject.org/materials/mp-865126,0.0,-0.2104500300000005,0.0,10.267052266742796,71.19774801930876,Cubic,Fm-3m,True,True,
NaYMg14,NaYMg14,mp-1028037,https://next-gen.materialsproject.org/materials/mp-1028037,0.0,0.05206809428879344,0.06644230522629324,1.9392085604964238,387.1882023069436,Hexagonal,P-6m2,False,True,mp-1028042
Nb2VSe4,Nb2VSe4,mp-1025195,https://next-gen.materialsproject.org/materials/mp-1025195,0.0,-1.0276718008928551,0.0017282628571386738,6.523738065482341,140.65622328493836,Monoclinic,C2/m,False,False,
Nb4Ni2C,Nb4Ni2C,mp-864841,https://next-gen.materialsproject.org/materials/mp-864841,0.0,-0.3401472232142879,0.0,8.294363364719814,401.221052203753,Cubic,Fd-3m,True,False,
NbC2NCl8,NbC2NCl8,mp-864879,https://next-gen.materialsproject.org/materials/mp-864879,2.3156,-0.958614858333334,0.11341320250867781,2.182460547459042,630.8389429477274,Orthorhombic,Cmc2_1,False,False,
NbGeRu2,NbGeRu2,mp-864669,https://next-gen.materialsproject.org/materials/mp-864669,0.0,-0.26793436625000844,0.0,10.296243449820913,59.29906398147421,Cubic,Fm-3m,True,True,
NbSiTc2,NbSiTc2,mp-864672,https://next-gen.materialsproject.org/materials/mp-864672,0.0,-0.4563783687499985,0.0,9.021252243365542,58.34859585680153,Cubic,Fm-3m,True,True,
NbZn2N3,NbZn2N3,mp-1029422,https://next-gen.materialsproject.org/materials/mp-1029422,1.8500999999999999,-0.579105951666668,0.0,5.788296266730561,152.47287666534035,Orthorhombic,Cmc2_1,True,True,
NbZnCo2,NbZnCo2,mp-864857,https://next-gen.materialsproject.org/materials/mp-864857,0.0,-0.1624275449999999,0.0,8.920965281531974,51.40818338996176,Cubic,Fm-3m,True,True,
NbZnRh2,NbZnRh2,mp-864831,https://next-gen.materialsproject.org/materials/mp-864831,0.0,-0.464071497499992,0.0,10.219445038098282,59.166234346412956,Cubic,Fm-3m,True,True,
Nd2CuRu,Nd2CuRu,mp-864837,https://next-gen.materialsproject.org/materials/mp-864837,0.0,-0.17880408390624325,0.029915763750004487,8.41642853252989,89.39543052253437,Cubic,Fm-3m,False,True,
Nd2In8Pd,Nd2In8Pd,mp-864685,https://next-gen.materialsproject.org/materials/mp-864685,0.0,-0.4402176716666627,0.007254005917355144,8.061679241887585,270.54310318654683,Tetragonal,P4/mmm,False,False,
Nd2NiIr,Nd2NiIr,mp-864659,https://next-gen.materialsproject.org/materials/mp-864659,0.0,-0.4443475437500002,0.07633080797619485,10.097751897437746,88.70147373931196,Cubic,Fm-3m,False,True,
Nd2ReC2,Nd2ReC2,mp-864686,https://next-gen.materialsproject.org/materials/mp-864686,0.0,-0.4040927580000016,0.0,9.024493634366584,367.05945304286706,Orthorhombic,Pnma,True,False,
Nd3MnAlS7,Nd3MnAlS7,mp-864652,https://next-gen.materialsproject.org/materials/mp-864652,0.0,-1.917803520660918,0.0,4.6348508702711095,529.598655612228,Hexagonal,P6_3,True,False,
Nd3SiAgS7,Nd3SiAgS7,mp-864666,https://next-gen.materialsproject.org/materials/mp-864666,1.7708999999999997,-1.748846723515624,0.0,4.957879866792808,531.288047170096,Hexagonal,P6_3,True,False,
NdAgAu2,NdAgAu2,mp-864892,https://next-gen.materialsproject.org/materials/mp-864892,0.0,-0.5686161722916676,0.011866030044641818,12.392187248383793,86.56907626249773,Cubic,Fm-3m,False,True,
NdAgHg2,NdAgHg2,mp-864893,https://next-gen.materialsproject.org/materials/mp-864893,0.0,-0.4167453568749977,0.0,11.684493349195343,92.84218562350131,Cubic,Fm-3m,True,True,
NdAl,NdAl,mp-864637,https://next-gen.materialsproject.org/materials/mp-864637,0.0,-0.45537945249999723,0.0,5.6098649304854025,405.46199081399993,Orthorhombic,Pbcm,True,False,mp-12793
NdRh3,NdRh3,mp-864699,https://next-gen.materialsproject.org/materials/mp-864699,0.0,-0.5035142760416657,0.0,10.584537360325454,426.370238156317,Hexagonal,P6_3/mmc,True,False,mp-1065290
NdSnAu2,NdSnAu2,mp-864668,https://next-gen.materialsproject.org/materials/mp-864668,0.0,-0.6936740606249971,0.0,12.061281624982604,90.43677689960901,Cubic,Fm-3m,True,True,
NdTlAu2,NdTlAu2,mp-864667,https://next-gen.materialsproject.org/materials/mp-864667,0.0,-0.5639638902083366,0.01839393624999719,13.279710981315192,92.85196786211165,Cubic,Fm-3m,False,True,
Ni,Ni,mp-23,https://next-gen.materialsproject.org/materials/mp-23,0.0,0.0,0.0,9.289219866096774,10.492020341068946,Cubic,Fm-3m,True,False,mp-10257;mp-1008728;mp-1246134;mp-1014111;mp-1094136
NpB6,NpB6,mp-1025156,https://next-gen.materialsproject.org/materials/mp-1025156,0.0,-0.41981790339286007,0.010547701785721841,7.264710413745255,68.99934863613983,Cubic,Pm-3m,False,False,
NpGa5Ni,NpGa5Ni,mp-1025198,https://next-gen.materialsproject.org/materials/mp-1025198,0.0,-0.31385263946428665,0.0,8.833358907994405,121.12032147420726,Tetragonal,P4/mmm,True,True,
NpNi5,NpNi5,mp-1025137,https://next-gen.materialsproject.org/materials/mp-1025137,0.0,-0.2409181714583326,0.0,11.02725237278791,79.88038620087245,Hexagonal,P6/mmm,True,True,
NpP3,NpP3,mp-864899,https://next-gen.materialsproject.org/materials/mp-864899,0.0,-0.5295174569196419,0.19997842250991837,7.577351313736794,144.60123660312547,Hexagonal,P6_3/mmc,False,True,
NpSnRh2,NpSnRh2,mp-864834,https://next-gen.materialsproject.org/materials/mp-864834,0.0,-0.21791492093749998,0.1268189395833339,12.637265586347525,73.78396474680099,Cubic,Fm-3m,False,True,
PaAlRu2,PaAlRu2,mp-865149,https://next-gen.materialsproject.org/materials/mp-865149,0.0,-0.6048477849999969,0.0,11.108198698968113,68.7878739070139,Cubic,Fm-3m,True,True,
PaAlTc2,PaAlTc2,mp-865148,https://next-gen.materialsproject.org/materials/mp-865148,0.0,-0.3872171074999997,0.0,11.070092827111825,68.10364405518729,Cubic,Fm-3m,True,True,
PaCo3,PaCo3,mp-864655,https://next-gen.materialsproject.org/materials/mp-864655,0.0,-0.16253061999999474,0.0,12.505405906132863,54.154717440361665,Cubic,Pm-3m,True,True,
PaCu2Sn,PaCu2Sn,mp-864717,https://next-gen.materialsproject.org/materials/mp-864717,0.0,-0.11853315749999993,0.0,10.8350186267063,73.07859419173748,Cubic,Fm-3m,True,True,
PaGaAu2,PaGaAu2,mp-864716,https://next-gen.materialsproject.org/materials/mp-864716,0.0,-0.4242171574999958,0.07049734857142909,14.247448272971644,80.96630460798104,Cubic,Fm-3m,False,True,
PaInAu2,PaInAu2,mp-862819,https://next-gen.materialsproject.org/materials/mp-862819,0.0,-0.48335766749999465,0.00984479785714143,14.331489233317482,85.71651041072303,Cubic,Fm-3m,False,True,
PaInCu2,PaInCu2,mp-862823,https://next-gen.materialsproject.org/materials/mp-862823,0.0,-0.10240786499999643,0.0,10.746241365787135,73.08091122213737,Cubic,Fm-3m,True,True,
PaInPt2,PaInPt2,mp-862824,https://next-gen.materialsproject.org/materials/mp-862824,0.0,-0.8719505274999904,0.056646594583341425,15.22038173987616,80.29976568313667,Cubic,Fm-3m,False,True,
PaPbAu2,PaPbAu2,mp-862813,https://next-gen.materialsproject.org/materials/mp-862813,0.0,-0.3313122774999968,0.1225680975000003,15.059089357363058,91.76180136404747,Cubic,Fm-3m,False,True,
PaSi3,PaSi3,mp-862820,https://next-gen.materialsproject.org/materials/mp-862820,0.0,-0.34132750624999986,0.0110867216666648,7.5697300361922375,69.16433117423723,Cubic,Pm-3m,False,True,mp-1186408
PaSiTc2,PaSiTc2,mp-862814,https://next-gen.materialsproject.org/materials/mp-862814,0.0,-0.33196286874999714,0.18636756958333933,11.33015584589691,66.70224512970584,Cubic,Fm-3m,False,True,
PaSnAu2,PaSnAu2,mp-862821,https://next-gen.materialsproject.org/materials/mp-862821,0.0,-0.4287535025000011,0.02512687249999601,14.185867604946221,87.05199417584309,Cubic,Fm-3m,False,True,
PaTe2Au,PaTe2Au,mp-862829,https://next-gen.materialsproject.org/materials/mp-862829,0.0,-0.4869415349999997,0.09886000247768578,11.1447033084603,101.79583315466999,Cubic,Fm-3m,False,True,
Pm2IrAu,Pm2IrAu,mp-863715,https://next-gen.materialsproject.org/materials/mp-863715,0.0,-0.8176019137499964,0.0,12.264143083653998,91.96002065535268,Cubic,Fm-3m,True,True,
Pm2IrPd,Pm2IrPd,mp-863716,https://next-gen.materialsproject.org/materials/mp-863716,0.0,-0.8215086912500027,0.0,11.063399845696114,88.35030366294781,Cubic,Fm-3m,True,True,
Pm2IrPt,Pm2IrPt,mp-863721,https://next-gen.materialsproject.org/materials/mp-863721,0.0,-0.9635367787499973,0.0,12.720514720694677,88.4150363891222,Cubic,Fm-3m,True,True,
Pm2IrRh,Pm2IrRh,mp-863722,https://next-gen.materialsproject.org/materials/mp-863722,0.0,-0.7493619687500015,0.0,11.319304449193382,85.83732116361446,Cubic,Fm-3m,True,True,
Pm2MgGa,Pm2MgGa,mp-863705,https://next-gen.materialsproject.org/materials/mp-863705,0.0,-0.3314687918750008,0.0,6.117831046011166,104.23522532139664,Cubic,Fm-3m,True,True,
Pm2MgSn,Pm2MgSn,mp-863703,https://next-gen.materialsproject.org/materials/mp-863703,0.0,-0.43075507625000053,0.0,6.448642719150184,111.50227361691238,Cubic,Fm-3m,True,True,
Pm2MgTl,Pm2MgTl,mp-863704,https://next-gen.materialsproject.org/materials/mp-863704,0.0,-0.24919348333333602,0.0,7.502145487611695,114.8074491709028,Cubic,Fm-3m,True,True,
Pm2NiIr,Pm2NiIr,mp-863713,https://next-gen.materialsproject.org/materials/mp-863713,0.0,-0.5196003137500007,0.0,10.662002551951847,84.24335368600285,Cubic,Fm-3m,True,True,
Pm2NiRh,Pm2NiRh,mp-863714,https://next-gen.materialsproject.org/materials/mp-863714,0.0,-0.48908257374999664,0.0,8.930439821118329,83.97096133585376,Cubic,Fm-3m,True,True,
Pm2NiRu,Pm2NiRu,mp-863717,https://next-gen.materialsproject.org/materials/mp-863717,0.0,-0.21115575500000006,0.0,8.991600324740942,83.06082015403759,Cubic,Fm-3m,True,True,
Pm2PdPt,Pm2PdPt,mp-863725,https://next-gen.materialsproject.org/materials/mp-863725,0.0,-1.007626048749998,0.0,10.778710881721874,91.12550769759108,Cubic,Fm-3m,True,True,
Pm2PdRh,Pm2PdRh,mp-863726,https://next-gen.materialsproject.org/materials/mp-863726,0.0,-0.7872124312499977,0.0,9.37088464325528,88.48145425147196,Cubic,Fm-3m,True,True,
Pm2RuAu,Pm2RuAu,mp-863733,https://next-gen.materialsproject.org/materials/mp-863733,0.0,-0.5138721350000068,0.0,10.715871884105475,91.12256168595304,Cubic,Fm-3m,True,True,
Pm2RuRh,Pm2RuRh,mp-863742,https://next-gen.materialsproject.org/materials/mp-863742,0.0,-0.4564240324999993,0.0,9.701582460708497,84.54967219640454,Cubic,Fm-3m,True,True,
Pm2SiAg,Pm2SiAg,mp-863743,https://next-gen.materialsproject.org/materials/mp-863743,0.0,-0.47706193624999926,0.0,7.264860593322509,97.36081667570537,Cubic,Fm-3m,True,True,
PmCdAg2,PmCdAg2,mp-862889,https://next-gen.materialsproject.org/materials/mp-862889,0.0,-0.2884987793750007,0.0,8.963596192127534,87.65229113600166,Cubic,Fm-3m,True,True,
PmCdAu2,PmCdAu2,mp-862891,https://next-gen.materialsproject.org/materials/mp-862891,0.0,-0.7154953668749968,0.0,12.413180971943373,87.13176670070654,Cubic,Fm-3m,True,True,
PmHgAu2,PmHgAu2,mp-862912,https://next-gen.materialsproject.org/materials/mp-862912,0.0,-0.6545130362500018,0.0,13.942246000694691,88.07813769446682,Cubic,Fm-3m,True,True,
PmHoMg2,PmHoMg2,mp-862918,https://next-gen.materialsproject.org/materials/mp-862918,0.0,-0.07157329562499815,0.0,5.341587996658804,111.459402993171,Cubic,Fm-3m,True,True,
PmIn3,PmIn3,mp-862920,https://next-gen.materialsproject.org/materials/mp-862920,0.0,-0.5786828243749973,0.0,7.949370309207523,102.2417446697352,Cubic,Pm-3m,True,True,
PmInAu2,PmInAu2,mp-862917,https://next-gen.materialsproject.org/materials/mp-862917,0.0,-0.7856807268750003,0.0,12.372821169952006,87.73902823684963,Cubic,Fm-3m,True,True,
PmInCu2,PmInCu2,mp-862916,https://next-gen.materialsproject.org/materials/mp-862916,0.0,-0.3479316243750006,0.0,8.550367024459124,75.14053716266977,Cubic,Fm-3m,True,True,
PmInHg2,PmInHg2,mp-862919,https://next-gen.materialsproject.org/materials/mp-862919,0.0,-0.4748182431250001,0.007462305000011327,11.128655430545662,98.62943554396344,Cubic,Fm-3m,False,True,
PmNi3,PmNi3,mp-863718,https://next-gen.materialsproject.org/materials/mp-863718,0.0,-0.1426941731250011,0.0,8.747764720613329,121.89770378718313,Hexagonal,P6_3/mmc,True,True,
Pr,Pr,mp-97,https://next-gen.materialsproject.org/materials/mp-97,0.0,0.008044545000000625,0.008044545000000625,6.276136276343673,223.68793247843672,Cubic,Fm-3m,False,False,mp-567630;mp-1059528;mp-38;mp-981544;mp-1179917;mp-1059256;mp-1009594;mp-568938;mp-63
Pr(Al2Cu)4,Pr(Al2Cu)4,mp-862763,https://next-gen.materialsproject.org/materials/mp-862763,0.0,-0.33853472628204995,0.0,5.104933743449053,198.7285954122149,Tetragonal,I4/mmm,True,False,
Pr3AgGeS7,Pr3AgGeS7,mp-862792,https://next-gen.materialsproject.org/materials/mp-862792,1.8295000000000003,-1.7066765528472214,0.0,5.010635601977613,548.5951476241954,Hexagonal,P6_3,True,False,
Pr3Co,Pr3Co,mp-862762,https://next-gen.materialsproject.org/materials/mp-862762,0.0,0.05026245875000157,0.05077495982843416,6.879371965853307,465.047594767578,Orthorhombic,Pnma,False,False,
Pr3SiAgS7,Pr3SiAgS7,mp-863751,https://next-gen.materialsproject.org/materials/mp-863751,1.7613000000000003,-1.7942819311805553,0.0,4.808538322151149,540.8798324190235,Hexagonal,P6_3,True,False,
PrBiAu2,PrBiAu2,mp-862761,https://next-gen.materialsproject.org/materials/mp-862761,0.0,-0.6096350629166665,0.047284541768024546,12.432267023008597,99.34987244712381,Cubic,Fm-3m,False,True,
PrEuHfMnO6,PrEuHfMnO6,mp-1522235,https://next-gen.materialsproject.org/materials/mp-1522235,0.0,-3.194883035459771,0.21118496168750234,8.098248493060387,127.60129293011386,Cubic,F-43m,False,True,
PrEuZrMnO6,PrEuZrMnO6,mp-1522055,https://next-gen.materialsproject.org/materials/mp-1522055,0.0,-3.098142623459771,0.27584031424999544,6.597026481009243,134.67254957260104,Cubic,F-43m,False,True,
Pt,Pt,mp-126,https://next-gen.materialsproject.org/materials/mp-126,0.0,0.0,0.0,21.134925773252462,15.327454053856243,Cubic,Fm-3m,True,False,mp-2647022;mp-2646979
Pt3W,Pt3W,mp-862798,https://next-gen.materialsproject.org/materials/mp-862798,0.0,-0.2504300900000018,0.01169780500000428,20.94043328796848,60.98762599757638,Tetragonal,I4/mmm,False,True,
Rb,Rb,mp-1179656,https://next-gen.materialsproject.org/materials/mp-1179656,0.0,0.0,0.0,1.572308151180915,722.1109726006154,Monoclinic,C2/c,True,True,mp-1543931;mp-604321;mp-1949777;mp-639755;mp-1186853;mp-2204861;mp-70;mp-975129;mp-975204;mp-1525391;mp-12628;mp-1949616;mp-975519;mp-656615;mp-867126;mp-974620;mp-1186899;mp-1179802;mp-640416;mp-569688;mp-639736;mp-1018045;mp-1063817;mp-1179832
Rb2CN2,Rb2CN2,mp-1029784,https://next-gen.materialsproject.org/materials/mp-1029784,2.8228,-0.5724394000000004,0.0,3.387206687260873,310.2616900838648,Monoclinic,C2/m,True,True,
Rb2CuF4,Rb2CuF4,mp-1025177,https://next-gen.materialsproject.org/materials/mp-1025177,0.0,-2.5106063250000004,0.0,4.420166376877518,116.6372884700889,Tetragonal,I4/mmm,True,True,
Rb2MgP4(HO2)8,Rb2MgP4(HO2)8,mp-863025,https://next-gen.materialsproject.org/materials/mp-863025,5.3654,-2.214868413179724,0.0,2.560925329557136,378.14810571538413,Triclinic,P-1,True,False,
Rb2NpO4,Rb2NpO4,mp-1025179,https://next-gen.materialsproject.org/materials/mp-1025179,0.2717999999999998,-2.8707471905357136,0.0,6.049958985852241,129.53203787877305,Tetragonal,I4/mmm,True,True,
Rb2PdCl4,Rb2PdCl4,mp-1025201,https://next-gen.materialsproject.org/materials/mp-1025201,1.7485,-1.733445527857143,0.0,3.04626082137027,228.49132659374055,Tetragonal,P4/mmm,True,True,
RbAcTe2,RbAcTe2,mp-862797,https://next-gen.materialsproject.org/materials/mp-862797,0.9157000000000002,-1.4557776533333335,0.0,6.584976532538694,143.1492664263835,Cubic,Fm-3m,True,True,
RbBaTaS4,RbBaTaS4,mp-863024,https://next-gen.materialsproject.org/materials/mp-863024,2.4747000000000003,-1.7613472946190467,0.0,4.148769487105938,851.7332550345058,Orthorhombic,Pnma,True,False,
RbCaMg14,RbCaMg14,mp-1028185,https://next-gen.materialsproject.org/materials/mp-1028185,0.0,0.15391382203125037,0.17026189515625023,1.8426061656505799,419.78874772033475,Hexagonal,P-6m2,False,True,mp-1028196
RbCeMg6O8,RbCeMg6O8,mp-1031089,https://next-gen.materialsproject.org/materials/mp-1031089,0.0,-2.5852494135937496,0.43976209312500014,4.108073483713614,201.867897241363,Tetragonal,P4/mmm,False,True,mp-1031097
RbCoN,RbCoN,mp-1029420,https://next-gen.materialsproject.org/materials/mp-1029420,0.0,-0.10349192583333415,0.07915443388888921,4.263522427212368,246.7838936989469,Orthorhombic,Pnma,False,True,
RbF2,RbF2,mp-863016,https://next-gen.materialsproject.org/materials/mp-863016,1.4293999999999998,-2.1148603091666662,0.05161430500000064,2.938348316162097,139.54628961335175,Tetragonal,P4_2/mnm,False,True,
RbMg14Al,RbMg14Al,mp-1028262,https://next-gen.materialsproject.org/materials/mp-1028262,0.0,0.16617071828125018,0.16758019684895897,1.9090982351042458,393.77656695590235,Orthorhombic,Amm2,False,True,mp-1028239
RbMg14Fe,RbMg14Fe,mp-1028050,https://next-gen.materialsproject.org/materials/mp-1028050,0.0,0.2552711201562501,0.2552711201562501,2.085611299649478,383.43053398986063,Orthorhombic,Amm2,False,True,
RbMg14Ti,RbMg14Ti,mp-1026502,https://next-gen.materialsproject.org/materials/mp-1026502,0.0,0.21488911369791674,0.21488911369791674,2.006999401566227,391.8482850639214,Hexagonal,P-6m2,False,True,mp-1026544
RbMnN2,RbMnN2,mp-1029835,https://next-gen.materialsproject.org/materials/mp-1029835,0.0,-0.4523311015140097,0.0,4.271856179592073,1047.4762240042082,Cubic,Fd-3m,True,True,
RbSrCO3F,RbSrCO3F,mp-863745,https://next-gen.materialsproject.org/materials/mp-863745,4.1334,-2.782900134642858,0.0,3.4390934088057876,121.7221279524307,Hexagonal,P-6m2,True,False,
RbYMg14,RbYMg14,mp-1028038,https://next-gen.materialsproject.org/materials/mp-1028038,0.0,0.14593803140625017,0.16031224234374997,2.0662966544565706,413.58334755729624,Hexagonal,P-6m2,False,True,mp-1028060
RbZnH2Se2ClO6,RbZnH2Se2ClO6,mp-863023,https://next-gen.materialsproject.org/materials/mp-863023,4.3352,-1.4560335403605769,0.03786015022435674,3.450970830338999,425.6155723400772,Monoclinic,P2/c,False,False,
Re,Re,mp-1186901,https://next-gen.materialsproject.org/materials/mp-1186901,0.0,0.0,0.0,20.87695199401128,59.243130605479955,Hexagonal,P6_3/mmc,True,True,mp-8;mp-975065;mp-8642;mp-2647037
Rh,Rh,mp-74,https://next-gen.materialsproject.org/materials/mp-74,0.0,0.0,0.0,12.397977691611958,13.782780337825384,Cubic,Fm-3m,True,False,mp-1186916;mp-2646993;mp-2647000;mp-1239193
Ru,Ru,mp-33,https://next-gen.materialsproject.org/materials/mp-33,0.0,0.0,0.0,12.384952667667424,27.10235367049707,Hexagonal,P6_3/mmc,True,False,mp-8639
RuF6,RuF6,mp-1209121,https://next-gen.materialsproject.org/materials/mp-1209121,0.0,-1.9049243171428587,0.0,3.9000408005410985,366.26922283517223,Orthorhombic,Pnma,True,True,mp-1025168
Sb,Sb,mp-104,https://next-gen.materialsproject.org/materials/mp-104,0.0,0.0,0.0,6.4307883725126525,62.881010949113254,Trigonal,R-3m,True,False,mp-133;mp-1179605;mp-632286;mp-567409;mp-1179618;mp-7761;mp-1236935;mp-567144;mp-80;mp-10631;mp-10630;mp-1179613;mp-1104795
Sc2AgAu,Sc2AgAu,mp-862703,https://next-gen.materialsproject.org/materials/mp-862703,0.0,-0.5840585537500012,0.007804138124999582,8.34753950121907,78.525191753071,Cubic,Fm-3m,False,True,
Sc2AgHg,Sc2AgHg,mp-862702,https://next-gen.materialsproject.org/materials/mp-862702,0.0,-0.38885600062500103,0.0,7.982122277510086,82.87382299346916,Cubic,Fm-3m,True,True,
ScCu,ScCu,mp-1169,https://next-gen.materialsproject.org/materials/mp-1169,0.0,-0.2565679075000009,0.0,5.293006278650464,34.03957117059332,Cubic,Pm-3m,True,False,
ScGa5Ni,ScGa5Ni,mp-1025191,https://next-gen.materialsproject.org/materials/mp-1025191,0.0,-0.45049109464285664,0.0,6.710464832276293,111.91513230827447,Tetragonal,P4/mmm,True,True,
ScTaOs2,ScTaOs2,mp-862699,https://next-gen.materialsproject.org/materials/mp-862699,0.0,-0.5299619780833336,0.0,15.593447225062432,64.57140310682323,Cubic,Fm-3m,True,True,
ScZn2Pt,ScZn2Pt,mp-862704,https://next-gen.materialsproject.org/materials/mp-862704,0.0,-0.6681716812499996,0.05077385671875234,9.779803787157311,62.968957792669194,Cubic,Fm-3m,False,True,
Si,Si,mp-149,https://next-gen.materialsproject.org/materials/mp-149,0.6102999999999996,0.0,0.0,2.3128002565764314,40.32952684741405,Cubic,Fd-3m,True,False,mp-165;mp-1079297;mp-1203790;mp-971662;mp-971661;mp-1196961;mp-1095269;mp-999200;mp-1201492;mp-1199894;mp-1204627;mp-1200830;mp-1202745;mp-168;mp-1204046;mp-571520;mp-1072544;mp-92;mp-109;mp-34;mp-1245041;mp-1244971;mp-1245242;mp-1244933;mp-1268191;mp-1244990;mp-1120447;mp-16220;mp-644693;mp-1079649;mp-676011;mp-2351841;mp-1120747;mp-1056579;mp-1001113;mp-10649;mp-1094057;mp-1014212;mp-27;mp-1524805;mp-1403870;mp-988210
SmCl3,SmCl3,mp-863026,https://next-gen.materialsproject.org/materials/mp-863026,3.5875000000000004,-2.6602695662500007,0.0,3.0462695278224956,279.8780116733737,Hexagonal,P6_3/mmc,True,True,
SmGa2Ni,SmGa2Ni,mp-1025423,https://next-gen.materialsproject.org/materials/mp-1025423,0.0,-0.635551221250001,0.0,7.857985131239873,147.28886846439445,Orthorhombic,Cmmm,True,False,
Sr3Co(CN)3,Sr3Co(CN)3,mp-862670,https://next-gen.materialsproject.org/materials/mp-862670,1.1036000000000001,-0.7141370705,0.0,3.7151017634062513,357.4377996668862,Hexagonal,P6_3/m,True,False,
Sr3ReN3,Sr3ReN3,mp-1029531,https://next-gen.materialsproject.org/materials/mp-1029531,0.0,-0.828368318214286,0.0,5.659121146737976,288.1964512325998,Hexagonal,P6_3/m,True,True,
SrCaMg14,SrCaMg14,mp-1028189,https://next-gen.materialsproject.org/materials/mp-1028189,0.0,0.04251153041666633,0.08801687463541619,1.8813315149793748,413.0474298746191,Hexagonal,P-6m2,False,True,mp-1028214
SrCrN2,SrCrN2,mp-1029838,https://next-gen.materialsproject.org/materials/mp-1029838,0.0,-0.9356051731249995,0.054681037999994686,4.748484365350338,234.479309553745,Monoclinic,P2_1/c,False,True,
SrHfMg14,SrHfMg14,mp-1026536,https://next-gen.materialsproject.org/materials/mp-1026536,0.0,0.12028277687500033,0.13478271187500024,2.5872210177763,389.1888917465384,Hexagonal,P-6m2,False,True,mp-1026552
SrHfN2,SrHfN2,mp-1029396,https://next-gen.materialsproject.org/materials/mp-1029396,1.5456999999999996,-1.6709323618749998,0.0,7.3476728280010715,132.94097552148477,Tetragonal,P4/nmm,True,True,mp-9383
SrLiMg14,SrLiMg14,mp-1026831,https://next-gen.materialsproject.org/materials/mp-1026831,0.0,0.04934201857638776,0.0832695932118046,1.8406085968789168,392.29082440553884,Orthorhombic,Amm2,False,True,mp-1026818
SrMg(CoO3)4,SrMg(CoO3)4,mp-1522326,https://next-gen.materialsproject.org/materials/mp-1522326,0.0,-1.0904129097222228,0.363555580967736,4.28606712132228,209.0753239018062,Tetragonal,P4/mmm,False,True,
SrMg14B,SrMg14B,mp-1026709,https://next-gen.materialsproject.org/materials/mp-1026709,0.0,0.16118927794271443,0.21859599286458398,1.9371195204158076,376.0636049539692,Orthorhombic,Amm2,False,True,mp-1026560
SrMg14Bi,SrMg14Bi,mp-1026580,https://next-gen.materialsproject.org/materials/mp-1026580,0.0,0.0067628362500000705,0.11919878779017812,2.649076210078367,399.2139512692322,Orthorhombic,Amm2,False,True,mp-1026550
SrMg14C,SrMg14C,mp-1026595,https://next-gen.materialsproject.org/materials/mp-1026595,0.0,0.23576870585938003,0.26091054734374985,1.9780817933754749,369.2831617183787,Orthorhombic,Amm2,False,True,mp-1026551
SrMg14Cd,SrMg14Cd,mp-1026583,https://next-gen.materialsproject.org/materials/mp-1026583,0.0,0.04674912000000031,0.08478809562500023,2.2694387685552986,395.3360328147064,Orthorhombic,Amm2,False,True,mp-1026555
SrMg14Ga,SrMg14Ga,mp-1026623,https://next-gen.materialsproject.org/materials/mp-1026623,0.0,0.033064407656250294,0.08710979531250018,2.1434092066691446,385.510067387723,Orthorhombic,Amm2,False,True,mp-1026574
SrMg14Mn,SrMg14Mn,mp-1028062,https://next-gen.materialsproject.org/materials/mp-1028062,0.0,0.12478585887931049,0.1392857938793104,2.089311217416535,383.74121845004294,Orthorhombic,Amm2,False,True,mp-1028053
SrMg14Mo,SrMg14Mo,mp-1026582,https://next-gen.materialsproject.org/materials/mp-1026582,0.0,0.18918453625000042,0.20368447125000033,2.3074800477173123,376.96541789510053,Orthorhombic,Amm2,False,True,mp-1026559
SrMg14Nb,SrMg14Nb,mp-1026571,https://next-gen.materialsproject.org/materials/mp-1026571,0.0,0.16005942937499995,0.17455936437499986,2.2698544018352145,380.9948053244733,Hexagonal,P-6m2,False,True,mp-1026599
SrMg14Sb,SrMg14Sb,mp-1026577,https://next-gen.materialsproject.org/materials/mp-1026577,0.0,-0.019976194999999697,0.12905725183035677,2.3233997501857124,392.8361011310788,Orthorhombic,Amm2,False,True,mp-1026561
SrMg14W,SrMg14W,mp-1026570,https://next-gen.materialsproject.org/materials/mp-1026570,0.0,0.20847615734375058,0.2319505578125005,2.707755559708758,375.1452235000449,Orthorhombic,Amm2,False,True,mp-1026558
SrSmV4O12,SrSmV4O12,mp-1522304,https://next-gen.materialsproject.org/materials/mp-1522304,0.0,-2.6335752702777793,0.18591070118054098,4.859299808208273,216.563718730189,Tetragonal,P4/mmm,False,True,
SrYMg14,SrYMg14,mp-1028049,https://next-gen.materialsproject.org/materials/mp-1028049,0.0,0.059095923125000116,0.08797006906249982,2.0981673540095516,409.0044094627607,Hexagonal,P-6m2,False,True,mp-1028058
Ta2NbIr,Ta2NbIr,mp-864640,https://next-gen.materialsproject.org/materials/mp-864640,0.0,-0.38402082116667025,0.0,16.011997485054735,67.0997207757397,Cubic,Fm-3m,True,True,
Ta2NbOs,Ta2NbOs,mp-864639,https://next-gen.materialsproject.org/materials/mp-864639,0.0,-0.35350154366667397,0.0,15.97071884028071,67.06655347770486,Cubic,Fm-3m,True,True,
Ta2NbRu,Ta2NbRu,mp-864651,https://next-gen.materialsproject.org/materials/mp-864651,0.0,-0.2834853049166739,0.0,13.831033793662336,66.7374123702255,Cubic,Fm-3m,True,True,
Ta2OsW,Ta2OsW,mp-864650,https://next-gen.materialsproject.org/materials/mp-864650,0.0,-0.34673705366666496,0.0,18.648875423001332,65.53209617991625,Cubic,Fm-3m,True,True,
Ta2VOs,Ta2VOs,mp-864670,https://next-gen.materialsproject.org/materials/mp-864670,0.0,-0.3847495461666668,0.0,15.918739369990444,62.908043353255586,Cubic,Fm-3m,True,True,
Ta6Pb4O19,Ta6Pb4O19,mp-863066,https://next-gen.materialsproject.org/materials/mp-863066,1.7422999999999997,-2.8949310439310354,0.0,8.145382931157817,904.5285908180223,Orthorhombic,Imma,True,True,mp-685995
TaZn2,TaZn2,mp-862679,https://next-gen.materialsproject.org/materials/mp-862679,0.0,-0.14320691786111203,0.0,11.81380085912425,350.57264314482524,Hexagonal,P6_3/mmc,True,False,mp-1102895
TaZn2N3,TaZn2N3,mp-1029387,https://next-gen.materialsproject.org/materials/mp-1029387,2.2992,-0.7046725380972229,0.0,7.735544317919814,151.8898781214996,Orthorhombic,Cmc2_1,True,True,
TaZnRu2,TaZnRu2,mp-865234,https://next-gen.materialsproject.org/materials/mp-865234,0.0,-0.3442264143333347,0.0,12.796905308551665,58.19739800927026,Cubic,Fm-3m,True,True,
Tb,Tb,mp-18,https://next-gen.materialsproject.org/materials/mp-18,0.0,0.0,0.0,8.067236096999546,65.42556819799493,Hexagonal,P6_3/mmc,True,False,mp-571249;mp-11698;mp-7163;mp-11446
Tb2Re2Si2C,Tb2Re2Si2C,mp-1025189,https://next-gen.materialsproject.org/materials/mp-1025189,0.0,-0.6180983190476194,0.0,10.37108795253692,121.43662117662888,Monoclinic,C2/m,True,True,
TbBr3,TbBr3,mp-863746,https://next-gen.materialsproject.org/materials/mp-863746,2.8564,-2.253170766666668,0.0,4.080723991991709,324.4291431151911,Hexagonal,P6_3/mmc,True,True,
TbInRh2,TbInRh2,mp-864876,https://next-gen.materialsproject.org/materials/mp-864876,0.0,-0.7320021133333308,0.0,11.028991267013302,72.20231792432837,Cubic,Fm-3m,True,True,
Tc,Tc,mp-113,https://next-gen.materialsproject.org/materials/mp-113,0.0,0.0,0.0,11.418493037202635,28.503381002021815,Hexagonal,P6_3/mmc,True,False,mp-867351;mp-8638
Tc3Os,Tc3Os,mp-862779,https://next-gen.materialsproject.org/materials/mp-862779,0.0,-0.06844598375000288,0.0,14.171528812656161,113.47862943693549,Hexagonal,P6_3/mmc,True,True,mp-1217407
Te2Mo3WSe6,Te2Mo3WSe6,mp-1030410,https://next-gen.materialsproject.org/materials/mp-1030410,0.0,-0.5188216528645834,0.08389458666666627,5.243614339672849,380.21034496047923,Trigonal,P3m1,False,True,mp-1030523;mp-1030722;mp-1028419;mp-1027711;mp-1030605;mp-1028505;mp-1027658
Te3Mo2S,Te3Mo2S,mp-1030274,https://next-gen.materialsproject.org/materials/mp-1030274,0.0,-0.4125361704687549,0.059528290833331,4.937284761328594,408.1286885712244,Trigonal,P3m1,False,True,mp-1027642
Te4Mo3WS4,Te4Mo3WS4,mp-1030240,https://next-gen.materialsproject.org/materials/mp-1030240,0.0,-0.5372012509374997,0.07891527083333116,4.930331224324093,373.9565670369366,Trigonal,P3m1,False,True,mp-1027355;mp-1030354;mp-1027352;mp-1030269;mp-1027383;mp-1027436;mp-1027132;mp-1027451;mp-1030467;mp-1027700;mp-1027911
Te4Mo3WSe4,Te4Mo3WSe4,mp-1030449,https://next-gen.materialsproject.org/materials/mp-1030449,0.05369999999999919,-0.4012424996875031,0.09083247083333035,5.393440632747589,399.5990322884733,Trigonal,P3m1,False,True,mp-1029161;mp-1030615;mp-1030334;mp-1080175;mp-1030573;mp-1030156;mp-1030736;mp-1030408;mp-1027663;mp-1028422;mp-1030616
Te4Rh3,Te4Rh3,mp-1025159,https://next-gen.materialsproject.org/materials/mp-1025159,0.0,-0.43548872285714424,0.0,8.759403640526111,155.28168424092777,Monoclinic,C2/m,True,False,
Te6Mo3WS2,Te6Mo3WS2,mp-1030340,https://next-gen.materialsproject.org/materials/mp-1030340,0.0,-0.38831105713541564,0.06311277000000004,5.336389055384305,404.95715669782084,Trigonal,P3m1,False,True,mp-1030337;mp-1030373;mp-1030333;mp-1030281;mp-1027931;mp-1027152;mp-1027408
TeMo2S3,TeMo2S3,mp-1217334,https://next-gen.materialsproject.org/materials/mp-1217334,0.4136999999999995,-0.7477313080729147,0.05371854250000041,5.422750607868163,127.28680099575438,Trigonal,P3m1,False,True,mp-1027761;mp-1027696
TeMo2Se3,TeMo2Se3,mp-1217314,https://next-gen.materialsproject.org/materials/mp-1217314,0.9492999999999991,-0.6199698086979168,0.019325765000001383,6.384187352441011,144.71027640363522,Trigonal,P3m1,False,True,mp-1027818;mp-1027682
ThF4,ThF4,mp-31034,https://next-gen.materialsproject.org/materials/mp-31034,6.529,-4.496823353999997,0.0,6.155518777489177,498.57564794025814,Monoclinic,C2/c,True,False,mp-862671
ThInAg2,ThInAg2,mp-862932,https://next-gen.materialsproject.org/materials/mp-862932,0.0,-0.21802279249999756,0.0,10.238118840878967,91.24789174938005,Cubic,Fm-3m,True,True,
Ti,Ti,mp-72,https://next-gen.materialsproject.org/materials/mp-72,0.0,0.0,0.0,4.670172253933062,51.05915967771039,Hexagonal,P6/mmm,True,False,mp-46;mp-6985;mp-1245164;mp-1245006;mp-73;mp-1245320;mp-1245170;mp-1244924;mp-1238818
Ti(MoS2)2,Ti(MoS2)2,mp-1025173,https://next-gen.materialsproject.org/materials/mp-1025173,0.0,-1.1685575233333327,0.09579953607142766,5.228463331860968,116.87755318320971,Monoclinic,C2/m,False,True,mp-1217266
Ti2B,Ti2B,mp-1025149,https://next-gen.materialsproject.org/materials/mp-1025149,0.0,-0.42470808083333605,0.1603009763888874,4.666967748710991,75.81888053413137,Tetragonal,I4/mcm,False,True,mp-1071504
Ti2CoTc,Ti2CoTc,mp-862911,https://next-gen.materialsproject.org/materials/mp-862911,0.0,-0.5015790033333332,0.0,7.525097402325876,55.75525821130874,Cubic,Fm-3m,True,True,
Ti2VSe4,Ti2VSe4,mp-1025203,https://next-gen.materialsproject.org/materials/mp-1025203,0.0,-1.3053567737202383,0.016565360952379038,5.468677948863102,140.4407180149884,Monoclinic,C2/m,False,True,mp-1217146
Ti3B4,Ti3B4,mp-1025170,https://next-gen.materialsproject.org/materials/mp-1025170,0.0,-0.9771802414285722,0.0,4.569244264241126,67.90256865024195,Orthorhombic,Immm,True,False,
Tl2CoP4(HO2)8,Tl2CoP4(HO2)8,mp-865272,https://next-gen.materialsproject.org/materials/mp-865272,3.4811,-1.948302525007681,0.0,3.6668921487375314,774.9549987303268,Triclinic,P-1,True,False,
TlPd2Au,TlPd2Au,mp-865232,https://next-gen.materialsproject.org/materials/mp-865232,0.0,-0.18658769750000204,0.003176981124994427,14.652696999923576,69.60399667137565,Cubic,Fm-3m,False,True,
Tm2Cr2C3,Tm2Cr2C3,mp-1025181,https://next-gen.materialsproject.org/materials/mp-1025181,0.0,-0.3361012992857165,0.0,8.81793775546867,89.99377794658395,Monoclinic,C2/m,True,False,
Tm2ZnIr,Tm2ZnIr,mp-865237,https://next-gen.materialsproject.org/materials/mp-865237,0.0,-0.6882077600000045,0.01624018000000227,12.471004622968715,79.291266391854,Cubic,Fm-3m,False,True,
Tm2ZnOs,Tm2ZnOs,mp-865236,https://next-gen.materialsproject.org/materials/mp-865236,0.0,-0.419894343750002,0.0029138142187505878,12.534945431839507,78.62357789772066,Cubic,Fm-3m,False,True,
TmCuPbSe3,TmCuPbSe3,mp-640324,https://next-gen.materialsproject.org/materials/mp-640324,1.1223,-1.2287362040885423,0.0,7.713470851499775,582.5935861095682,Orthorhombic,Pnma,True,False,mp-865269
TmMgZn2,TmMgZn2,mp-865233,https://next-gen.materialsproject.org/materials/mp-865233,0.0,-0.3199193212500009,0.0,7.141223582087805,75.35258511159671,Cubic,Fm-3m,True,True,
TmMnSi2,TmMnSi2,mp-1025424,https://next-gen.materialsproject.org/materials/mp-1025424,0.0,-0.42933685323276105,0.19370985041666877,6.815655941329314,136.45723021174945,Orthorhombic,Cmcm,False,True,
TmSnGe,TmSnGe,mp-1025129,https://next-gen.materialsproject.org/materials/mp-1025129,0.0,-0.5818400083333385,0.0,8.732875920761458,137.01465864129946,Orthorhombic,Cmcm,True,True,
TmTaOs2,TmTaOs2,mp-865270,https://next-gen.materialsproject.org/materials/mp-865270,0.0,-0.428353349333328,0.0,17.73643840052896,68.37683793864262,Cubic,Fm-3m,True,True,
TmUTc2,TmUTc2,mp-865273,https://next-gen.materialsproject.org/materials/mp-865273,0.0,-0.10554887000002822,0.1549708637499947,12.957912480501951,77.26891344454525,Cubic,Fm-3m,False,True,
U,U,mp-44,https://next-gen.materialsproject.org/materials/mp-44,0.0,0.0,0.0,20.113723192396975,39.302152148225844,Orthorhombic,Cmcm,True,False,mp-1178958;mp-43;mp-93;mp-1056699;mp-108;mp-1077335;mp-1983234;mp-1197206;mp-1981700;mp-1200324;mp-1008669;mp-1076920;mp-1987603
U2Mo2C3,U2Mo2C3,mp-1025174,https://next-gen.materialsproject.org/materials/mp-1025174,0.0,-0.27965374160714873,0.052841053571434315,11.998989477804377,97.4223335779097,Monoclinic,C2/m,False,True,mp-1078036
UB2Rh2C,UB2Rh2C,mp-1025127,https://next-gen.materialsproject.org/materials/mp-1025127,0.0,-0.4613511755952591,0.041612061547610324,10.699409012981404,74.10333807056415,Tetragonal,I4/mmm,False,False,
UF3,UF3,mp-18299,https://next-gen.materialsproject.org/materials/mp-18299,0.21550000000000047,-3.7417424175,0.0,9.105342348593934,322.82086149908105,Hexagonal,P6_3cm,True,False,mp-1216702;mp-865239;mp-1187747
USiSe,USiSe,mp-1025140,https://next-gen.materialsproject.org/materials/mp-1025140,0.0,-0.9223869674479145,0.03201318611110793,9.155975797105484,125.16624163001087,Tetragonal,I4/mmm,False,False,
UTl2O4,UTl2O4,mp-1025154,https://next-gen.materialsproject.org/materials/mp-1025154,1.5112999999999999,-2.5246934652380952,0.0,9.050637177484692,130.41067782612998,Tetragonal,I4/mmm,True,True,
V,V,mp-146,https://next-gen.materialsproject.org/materials/mp-146,0.0,0.0,0.0,6.37754471203338,13.263780153478194,Cubic,Im-3m,True,False,mp-8632;mp-2647074
V2FeSe4,V2FeSe4,mp-1025182,https://next-gen.materialsproject.org/materials/mp-1025182,0.0,-0.835282899910714,0.028306191142863923,6.400620988216857,122.8596674038315,Monoclinic,C2/m,False,True,mp-1216659
VO,VO,mp-19184,https://next-gen.materialsproject.org/materials/mp-19184,0.9702342345837351,-2.09028776,0.02183531770833369,5.318032750180936,41.804172700848774,Cubic,Fm-3m,False,False,mp-714885;mp-1287184;mp-1273331;mp-1276506
Y2TiZnO6,Y2TiZnO6,mp-aaaiejbu,https://next-gen.materialsproject.org/materials/mp-aaaiejbu,2.2315000000000005,-2.9503443354166663,0.3805177234999988,5.6015094421775204,114.74911854435211,Cubic,Fm-3m,False,True,
YMg14Al,YMg14Al,mp-1028213,https://next-gen.materialsproject.org/materials/mp-1028213,0.0,0.011027295625000377,0.06871883927083378,2.0488445308883367,369.7045597785793,Orthorhombic,Amm2,False,True,mp-1028198
YMg14Cd,YMg14Cd,mp-1028030,https://next-gen.materialsproject.org/materials/mp-1028030,0.0,0.007516185625000338,0.049953535000000215,2.3936536604861876,375.7127183786682,Orthorhombic,Amm2,False,True,mp-1028024
Yb,Yb,mp-972364,https://next-gen.materialsproject.org/materials/mp-972364,0.0,,,9.671714147147306,89.12784521366409,Trigonal,R-3m,False,True,mp-1187875;mp-71;mp-162
Yb2CdGe,Yb2CdGe,mp-864732,https://next-gen.materialsproject.org/materials/mp-864732,0.0,-0.47372098249999794,0.14577198416666448,9.752260717204418,90.43685375008842,Cubic,Fm-3m,False,True,
Yb2PdRh,Yb2PdRh,mp-864882,https://next-gen.materialsproject.org/materials/mp-864882,0.0,-1.033805864999998,0.01783981750000052,11.924386514235298,77.34339462596591,Cubic,Fm-3m,False,True,
Yb2TlCd,Yb2TlCd,mp-864743,https://next-gen.materialsproject.org/materials/mp-864743,0.0,-0.3857382025000007,0.0,11.037040963212156,99.73041475535545,Cubic,Fm-3m,True,True,
Yb2TlPb,Yb2TlPb,mp-864741,https://next-gen.materialsproject.org/materials/mp-864741,0.0,-0.38793488750000193,0.0,11.92291129239693,105.5220054802509,Cubic,Fm-3m,True,True,
Yb3N2,Yb3N2,mp-864675,https://next-gen.materialsproject.org/materials/mp-864675,0.3418000000000001,-1.5074439315000006,0.0,11.177535706409312,162.56470307494877,Trigonal,R-3c,True,True,
YbGaPt,YbGaPt,mp-864912,https://next-gen.materialsproject.org/materials/mp-864912,0.0,-1.2432449400000014,0.0,12.98979155657755,223.88721067391035,Orthorhombic,Pnma,True,False,
YbNdHg2,YbNdHg2,mp-865158,https://next-gen.materialsproject.org/materials/mp-865158,0.0,-0.5491578343750021,0.016622015000002932,11.482822961340444,103.89729290010165,Cubic,Fm-3m,False,True,
YbSe,YbSe,mp-10648,https://next-gen.materialsproject.org/materials/mp-10648,2.2566,-1.62141888203125,0.22976579562499921,7.691412531204422,108.81118225557266,Hexagonal,P6_3/mmc,False,True,
Zn2NiRh,Zn2NiRh,mp-864654,https://next-gen.materialsproject.org/materials/mp-864654,0.0,-0.34063196499999915,0.0,9.6856169737414,50.13306722523684,Cubic,Fm-3m,True,True,
Zn2PdRh,Zn2PdRh,mp-864839,https://next-gen.materialsproject.org/materials/mp-864839,0.0,-0.514849262499999,0.0,10.382419099083451,54.401730983779274,Cubic,Fm-3m,True,True,
Zn2RhAu,Zn2RhAu,mp-864844,https://next-gen.materialsproject.org/materials/mp-864844,0.0,-0.33610898000000233,0.0,12.48161262904617,57.29850039617865,Cubic,Fm-3m,True,True,
ZnCuPd2,ZnCuPd2,mp-864661,https://next-gen.materialsproject.org/materials/mp-864661,0.0,-0.4042525499999994,0.0,10.467508901947276,54.221492083558395,Cubic,Fm-3m,True,True,
ZnGeN2,ZnGeN2,mp-2979,https://next-gen.materialsproject.org/materials/mp-2979,1.6955,-0.35987193625000025,0.0,6.052679774101474,182.23538225731187,Orthorhombic,Pna2_1,True,False,mp-1029779;mp-1100814
ZnNi,ZnNi,mp-429,https://next-gen.materialsproject.org/materials/mp-429,0.0,-0.254970535,0.0,8.906568774780016,46.27525794900231,Tetragonal,P4/mmm,True,False,mp-1486;mp-1215522;mp-567903
Zr(VGa2)2,Zr(VGa2)2,mp-1025165,https://next-gen.materialsproject.org/materials/mp-1025165,0.0,-0.4687813164285716,0.0,7.333149547968567,106.8807849702577,Tetragonal,I4/mmm,True,False,
Zr2CoTc,Zr2CoTc,mp-864896,https://next-gen.materialsproject.org/materials/mp-864896,0.0,-0.3897410425000025,0.0,8.245869229954,68.3440056879729,Cubic,Fm-3m,True,True,
Zr2CuOs,Zr2CuOs,mp-864897,https://next-gen.materialsproject.org/materials/mp-864897,0.0,-0.3415746474999999,0.0,10.339658289338328,70.05715029746044,Cubic,Fm-3m,True,True,
ZrAlAu2,ZrAlAu2,mp-864878,https://next-gen.materialsproject.org/materials/mp-864878,0.0,-0.5944482862499996,0.025075315555547206,11.792074377779445,72.11846312653837,Cubic,Fm-3m,False,True,mp-1215335
ZrZn3,ZrZn3,mp-864889,https://next-gen.materialsproject.org/materials/mp-864889,0.0,-0.31633755125000285,0.0,7.444349671069985,128.23782788040813,Hexagonal,P6_3/mmc,True,True,
