material_name,category,source_name,source_url,link_status,notes
ACI-ASTM CA15M (J91151) Cast Stainless Steel,engineering alloy / polymer,MakeItFrom.com,https://www.makeitfrom.com/material-properties/ACI-ASTM-CA15M-J91151-Cast-Stainless-Steel,pattern-derived,
ACI-ASTM CA28MWV (J91422) Cast Stainless Steel,engineering alloy / polymer,MakeItFrom.com,https://www.makeitfrom.com/material-properties/ACI-ASTM-CA28MWV-J91422-Cast-Stainless-Steel,pattern-derived,
ACI-ASTM CA40F (J91154) Cast Stainless Steel,engineering alloy / polymer,MakeItFrom.com,https://www.makeitfrom.com/material-properties/ACI-ASTM-CA40F-J91154-Cast-Stainless-Steel,pattern-derived,
ACI-ASTM CA6N (J91650) Cast Stainless Steel,engineering alloy / polymer,MakeItFrom.com,https://www.makeitfrom.com/material-properties/ACI-ASTM-CA6N-J91650-Cast-Stainless-Steel,pattern-derived,
ACI-ASTM CB30 (J91803) Cast Stainless Steel,engineering alloy / polymer,MakeItFrom.com,https://www.makeitfrom.com/material-properties/ACI-ASTM-CB30-J91803-Cast-Stainless-Steel,pattern-derived,
ACI-ASTM CB6 (J91804) Cast Stainless Steel,engineering alloy / polymer,MakeItFrom.com,https://www.makeitfrom.com/material-properties/ACI-ASTM-CB6-J91804-Cast-Stainless-Steel,pattern-derived,
ACI-ASTM CC50 (J92615) Cast Stainless Steel,engineering alloy / polymer,MakeItFrom.com,https://www.makeitfrom.com/material-properties/ACI-ASTM-CC50-J92615-Cast-Stainless-Steel,pattern-derived,
"ACI-ASTM CD3MN (ASTM A890 Grade 4A, J92205) Cast Stainless Steel",engineering alloy / polymer,MakeItFrom.com,https://www.makeitfrom.com/material-properties/ACI-ASTM-CD3MN-ASTM-A890-Grade-4A-J92205-Cast-Stainless-Steel,pattern-derived,
"ACI-ASTM CD3MWCuN (ASTM A890 Grade 6A, J93380) Cast Stainless Steel",engineering alloy / polymer,MakeItFrom.com,https://www.makeitfrom.com/material-properties/ACI-ASTM-CD3MWCuN-ASTM-A890-Grade-6A-J93380-Cast-Stainless-Steel,pattern-derived,
"ACI-ASTM CD4MCuN (ASTM A890 Grade 1B, J93372) Cast Stainless Steel",engineering alloy / polymer,MakeItFrom.com,https://www.makeitfrom.com/material-properties/ACI-ASTM-CD4MCuN-ASTM-A890-Grade-1B-J93372-Cast-Stainless-Steel,pattern-derived,
"ACI-ASTM CE8MN (ASTM A890 Grade 2A, J93345) Cast Stainless Steel",engineering alloy / polymer,MakeItFrom.com,https://www.makeitfrom.com/material-properties/ACI-ASTM-CE8MN-ASTM-A890-Grade-2A-J93345-Cast-Stainless-Steel,pattern-derived,
"ACI-ASTM CH20 (SCS17,J93402) Cast Stainless Steel",engineering alloy / polymer,MakeItFrom.com,https://www.makeitfrom.com/material-properties/ACI-ASTM-CH20-SCS17-J93402-Cast-Stainless-Steel,pattern-derived,
ACI-ASTM CN3M (J94652) Cast Stainless Steel,engineering alloy / polymer,MakeItFrom.com,https://www.makeitfrom.com/material-properties/ACI-ASTM-CN3M-J94652-Cast-Stainless-Steel,pattern-derived,
AISI 202 (S20200) Stainless Steel,engineering alloy / polymer,MakeItFrom.com,https://www.makeitfrom.com/material-properties/AISI-202-S20200-Stainless-Steel,pattern-derived,
AISI 205 (S20500) Stainless Steel,engineering alloy / polymer,MakeItFrom.com,https://www.makeitfrom.com/material-properties/AISI-205-S20500-Stainless-Steel,pattern-derived,
AISI 303Se (S30323) Stainless Steel,engineering alloy / polymer,MakeItFrom.com,https://www.makeitfrom.com/material-properties/AISI-303Se-S30323-Stainless-Steel,pattern-derived,
AISI 304H (S30409) Stainless Steel,engineering alloy / polymer,MakeItFrom.com,https://www.makeitfrom.com/material-properties/AISI-304H-S30409-Stainless-Steel,pattern-derived,
AISI 308 (S30800) Stainless Steel,engineering alloy / polymer,MakeItFrom.com,https://www.makeitfrom.com/material-properties/AISI-308-S30800-Stainless-Steel,pattern-derived,
AISI 309H (S30909) Stainless Steel,engineering alloy / polymer,MakeItFrom.com,https://www.makeitfrom.com/material-properties/AISI-309H-S30909-Stainless-Steel,pattern-derived,
AISI 310H (S31009) Stainless Steel,engineering alloy / polymer,MakeItFrom.com,https://www.makeitfrom.com/material-properties/AISI-310H-S31009-Stainless-Steel,pattern-derived,
AISI 310HCb (S31041) Stainless Steel,engineering alloy / polymer,MakeItFrom.com,https://www.makeitfrom.com/material-properties/AISI-310HCb-S31041-Stainless-Steel,pattern-derived,
AISI 310MoLN (S31050) Stainless Steel,engineering alloy / polymer,MakeItFrom.com,https://www.makeitfrom.com/material-properties/AISI-310MoLN-S31050-Stainless-Steel,pattern-derived,
AISI 316Cb (S31640) Stainless Steel,engineering alloy / polymer,MakeItFrom.com,https://www.makeitfrom.com/material-properties/AISI-316Cb-S31640-Stainless-Steel,pattern-derived,
AISI 347 (S34700) Stainless Steel,engineering alloy / polymer,MakeItFrom.com,https://www.makeitfrom.com/material-properties/AISI-347-S34700-Stainless-Steel,pattern-derived,
AISI 403 (S40300) Stainless Steel,engineering alloy / polymer,MakeItFrom.com,https://www.makeitfrom.com/material-properties/AISI-403-S40300-Stainless-Steel,pattern-derived,
AISI 410 (S41000) Stainless Steel,engineering alloy / polymer,MakeItFrom.com,https://www.makeitfrom.com/material-properties/AISI-410-S41000-Stainless-Steel,pattern-derived,
AISI 410S (S41008) Stainless Steel,engineering alloy / polymer,MakeItFrom.com,https://www.makeitfrom.com/material-properties/AISI-410S-S41008-Stainless-Steel,pattern-derived,
AISI 414 (S41400) Stainless Steel,engineering alloy / polymer,MakeItFrom.com,https://www.makeitfrom.com/material-properties/AISI-414-S41400-Stainless-Steel,pattern-derived,
AISI 416 (S41600) Stainless Steel,engineering alloy / polymer,MakeItFrom.com,https://www.makeitfrom.com/material-properties/AISI-416-S41600-Stainless-Steel,pattern-derived,
AISI 416Se (S41623) Stainless Steel,engineering alloy / polymer,MakeItFrom.com,https://www.makeitfrom.com/material-properties/AISI-416Se-S41623-Stainless-Steel,pattern-derived,
"AISI 418 (Alloy 615,S41800) Stainless Steel",engineering alloy / polymer,MakeItFrom.com,https://www.makeitfrom.com/material-properties/AISI-418-Alloy-615-S41800-Stainless-Steel,pattern-derived,
AISI 420 (S42000) Stainless Steel,engineering alloy / polymer,MakeItFrom.com,https://www.makeitfrom.com/material-properties/AISI-420-S42000-Stainless-Steel,pattern-derived,
AISI 420F (S42020) Stainless Steel,engineering alloy / polymer,MakeItFrom.com,https://www.makeitfrom.com/material-properties/AISI-420F-S42020-Stainless-Steel,pattern-derived,
"AISI 422 (Alloy 616,S42200) Stainless Steel",engineering alloy / polymer,MakeItFrom.com,https://www.makeitfrom.com/material-properties/AISI-422-Alloy-616-S42200-Stainless-Steel,pattern-derived,
AISI 431 (S43100) Stainless Steel,engineering alloy / polymer,MakeItFrom.com,https://www.makeitfrom.com/material-properties/AISI-431-S43100-Stainless-Steel,pattern-derived,
AISI 440A (S44002) Stainless Steel,engineering alloy / polymer,MakeItFrom.com,https://www.makeitfrom.com/material-properties/AISI-440A-S44002-Stainless-Steel,pattern-derived,
AISI 440B (S44003) Stainless Steel,engineering alloy / polymer,MakeItFrom.com,https://www.makeitfrom.com/material-properties/AISI-440B-S44003-Stainless-Steel,pattern-derived,
AISI W1 (T72301) Water-Hardening Steel,engineering alloy / polymer,MakeItFrom.com,https://www.makeitfrom.com/material-properties/AISI-W1-T72301-Water-Hardening-Steel,pattern-derived,
AISI W2 (T72302) Water-Hardening Steel,engineering alloy / polymer,MakeItFrom.com,https://www.makeitfrom.com/material-properties/AISI-W2-T72302-Water-Hardening-Steel,pattern-derived,
ASTM A369 Grade FP21 Cr-Mo Steel,engineering alloy / polymer,MakeItFrom.com,https://www.makeitfrom.com/material-properties/ASTM-A369-Grade-FP21-Cr-Mo-Steel,pattern-derived,
"ASTM Grade 100-70-03 (SAE D7003, ISO 700-2, EN-JS 1070) Ductile Cast Iron",engineering alloy / polymer,MakeItFrom.com,https://www.makeitfrom.com/material-properties/ASTM-Grade-100-70-03-SAE-D7003-ISO-700-2-EN-JS-1070-Ductile-Cast-Iron,pattern-derived,
"ASTM Grade 20 or 150 (ISO 150, EN-JL 1020, F11401) Grey Cast Iron",engineering alloy / polymer,MakeItFrom.com,https://www.makeitfrom.com/material-properties/ASTM-Grade-20-or-150-ISO-150-EN-JL-1020-F11401-Grey-Cast-Iron,pattern-derived,
"ASTM Grade 30 or 200 (ISO 200, EN-JL 1030, F12101) Grey Cast Iron",engineering alloy / polymer,MakeItFrom.com,https://www.makeitfrom.com/material-properties/ASTM-Grade-30-or-200-ISO-200-EN-JL-1030-F12101-Grey-Cast-Iron,pattern-derived,
"ASTM Grade 35 or 250 (ISO 250, EN-JL 1040, F12401) Grey Cast Iron",engineering alloy / polymer,MakeItFrom.com,https://www.makeitfrom.com/material-properties/ASTM-Grade-35-or-250-ISO-250-EN-JL-1040-F12401-Grey-Cast-Iron,pattern-derived,
ASTM Grade 60-42-10 Ductile Cast Iron,engineering alloy / polymer,MakeItFrom.com,https://www.makeitfrom.com/material-properties/ASTM-Grade-60-42-10-Ductile-Cast-Iron,pattern-derived,
"ASTM Grade HC (28Cr,J92605) Cast Stainless Steel",engineering alloy / polymer,MakeItFrom.com,https://www.makeitfrom.com/material-properties/ASTM-Grade-HC-28Cr-J92605-Cast-Stainless-Steel,pattern-derived,
"ASTM Grade HD (28Cr-5Ni,J93005) Cast Stainless Steel",engineering alloy / polymer,MakeItFrom.com,https://www.makeitfrom.com/material-properties/ASTM-Grade-HD-28Cr-5Ni-J93005-Cast-Stainless-Steel,pattern-derived,
ASTM Grade LCB (J03003) Cast Carbon Steel,engineering alloy / polymer,MakeItFrom.com,https://www.makeitfrom.com/material-properties/ASTM-Grade-LCB-J03003-Cast-Carbon-Steel,pattern-derived,
AWS E110C-K3 or E76C-K3 Weld Metal,engineering alloy / polymer,MakeItFrom.com,https://www.makeitfrom.com/material-properties/AWS-E110C-K3-or-E76C-K3-Weld-Metal,pattern-derived,
AWS E16-8-2 (W36810) Weld Metal,engineering alloy / polymer,MakeItFrom.com,https://www.makeitfrom.com/material-properties/AWS-E16-8-2-W36810-Weld-Metal,pattern-derived,
AWS E209 (W32210) Weld Metal,engineering alloy / polymer,MakeItFrom.com,https://www.makeitfrom.com/material-properties/AWS-E209-W32210-Weld-Metal,pattern-derived,
AWS E307 (W30710) Weld Metal,engineering alloy / polymer,MakeItFrom.com,https://www.makeitfrom.com/material-properties/AWS-E307-W30710-Weld-Metal,pattern-derived,
AWS E309LMo (W30923) Weld Metal,engineering alloy / polymer,MakeItFrom.com,https://www.makeitfrom.com/material-properties/AWS-E309LMo-W30923-Weld-Metal,pattern-derived,
AWS E310Mo (W31020) Weld Metal,engineering alloy / polymer,MakeItFrom.com,https://www.makeitfrom.com/material-properties/AWS-E310Mo-W31020-Weld-Metal,pattern-derived,
AWS E312 (W31310) Weld Metal,engineering alloy / polymer,MakeItFrom.com,https://www.makeitfrom.com/material-properties/AWS-E312-W31310-Weld-Metal,pattern-derived,
AWS E317L (W31713) Weld Metal,engineering alloy / polymer,MakeItFrom.com,https://www.makeitfrom.com/material-properties/AWS-E317L-W31713-Weld-Metal,pattern-derived,
AWS E320 (W88021) Weld Metal,engineering alloy / polymer,MakeItFrom.com,https://www.makeitfrom.com/material-properties/AWS-E320-W88021-Weld-Metal,pattern-derived,
AWS E33-31 (W33310) Weld Metal,engineering alloy / polymer,MakeItFrom.com,https://www.makeitfrom.com/material-properties/AWS-E33-31-W33310-Weld-Metal,pattern-derived,
AWS E410 (W41010) Weld Metal,engineering alloy / polymer,MakeItFrom.com,https://www.makeitfrom.com/material-properties/AWS-E410-W41010-Weld-Metal,pattern-derived,
AWS E430 (W43010) Weld Metal,engineering alloy / polymer,MakeItFrom.com,https://www.makeitfrom.com/material-properties/AWS-E430-W43010-Weld-Metal,pattern-derived,
AWS E70C-Ni2 or E49C-Ni2 (W22030) Weld Metal,engineering alloy / polymer,MakeItFrom.com,https://www.makeitfrom.com/material-properties/AWS-E70C-Ni2-or-E49C-Ni2-W22030-Weld-Metal,pattern-derived,
AWS E80C-B2 or E55C-B2 (W52030) Weld Metal,engineering alloy / polymer,MakeItFrom.com,https://www.makeitfrom.com/material-properties/AWS-E80C-B2-or-E55C-B2-W52030-Weld-Metal,pattern-derived,
AWS E80C-B3L or E55C-B3L (W53130) Weld Metal,engineering alloy / polymer,MakeItFrom.com,https://www.makeitfrom.com/material-properties/AWS-E80C-B3L-or-E55C-B3L-W53130-Weld-Metal,pattern-derived,
AWS E80C-Ni1 or E55C-Ni1 (W21030) Weld Metal,engineering alloy / polymer,MakeItFrom.com,https://www.makeitfrom.com/material-properties/AWS-E80C-Ni1-or-E55C-Ni1-W21030-Weld-Metal,pattern-derived,
AWS E80C-Ni2 or E55C-Ni2 Weld Metal,engineering alloy / polymer,MakeItFrom.com,https://www.makeitfrom.com/material-properties/AWS-E80C-Ni2-or-E55C-Ni2-Weld-Metal,pattern-derived,
AWS E80C-W2 or E55C-W2 Weld Metal,engineering alloy / polymer,MakeItFrom.com,https://www.makeitfrom.com/material-properties/AWS-E80C-W2-or-E55C-W2-Weld-Metal,pattern-derived,
AWS E90C-B9 or E55C-B9 Weld Metal,engineering alloy / polymer,MakeItFrom.com,https://www.makeitfrom.com/material-properties/AWS-E90C-B9-or-E55C-B9-Weld-Metal,pattern-derived,
AWS E90C-D2 or E62C-D2 (W19230) Weld Metal,engineering alloy / polymer,MakeItFrom.com,https://www.makeitfrom.com/material-properties/AWS-E90C-D2-or-E62C-D2-W19230-Weld-Metal,pattern-derived,
AWS E90C-K3 or E62C-K3 Weld Metal,engineering alloy / polymer,MakeItFrom.com,https://www.makeitfrom.com/material-properties/AWS-E90C-K3-or-E62C-K3-Weld-Metal,pattern-derived,
AWS ER110S-1 or ER76S-1 (K21015) Weld Metal,engineering alloy / polymer,MakeItFrom.com,https://www.makeitfrom.com/material-properties/AWS-ER110S-1-or-ER76S-1-K21015-Weld-Metal,pattern-derived,
AWS ER70S-B2L or ER49S-B2L (K20500) Weld Metal,engineering alloy / polymer,MakeItFrom.com,https://www.makeitfrom.com/material-properties/AWS-ER70S-B2L-or-ER49S-B2L-K20500-Weld-Metal,pattern-derived,
AWS ER80S-B2 or ER55S-B2 (K20900) Weld Metal,engineering alloy / polymer,MakeItFrom.com,https://www.makeitfrom.com/material-properties/AWS-ER80S-B2-or-ER55S-B2-K20900-Weld-Metal,pattern-derived,
AWS ER80S-B3L or ER55S-B3L (K30560) Weld Metal,engineering alloy / polymer,MakeItFrom.com,https://www.makeitfrom.com/material-properties/AWS-ER80S-B3L-or-ER55S-B3L-K30560-Weld-Metal,pattern-derived,
AWS ER80S-D2 or ER55S-D2 (K10945) Weld Metal,engineering alloy / polymer,MakeItFrom.com,https://www.makeitfrom.com/material-properties/AWS-ER80S-D2-or-ER55S-D2-K10945-Weld-Metal,pattern-derived,
AWS ER80S-Ni1 or ER55S-Ni1 (K11260) Weld Metal,engineering alloy / polymer,MakeItFrom.com,https://www.makeitfrom.com/material-properties/AWS-ER80S-Ni1-or-ER55S-Ni1-K11260-Weld-Metal,pattern-derived,
AWS ER80S-Ni3 or ER55S-Ni3 (K31240) Weld Metal,engineering alloy / polymer,MakeItFrom.com,https://www.makeitfrom.com/material-properties/AWS-ER80S-Ni3-or-ER55S-Ni3-K31240-Weld-Metal,pattern-derived,
AWS ER90S-B3 or ER62S-B3 (K30960) Weld Metal,engineering alloy / polymer,MakeItFrom.com,https://www.makeitfrom.com/material-properties/AWS-ER90S-B3-or-ER62S-B3-K30960-Weld-Metal,pattern-derived,
AWS ER90S-B9 or ER62S-B9 (S50482) Weld Metal,engineering alloy / polymer,MakeItFrom.com,https://www.makeitfrom.com/material-properties/AWS-ER90S-B9-or-ER62S-B9-S50482-Weld-Metal,pattern-derived,
Ac,computed compound (DFT),Materials Project,https://next-gen.materialsproject.org/materials?formula=Ac,formula-deeplink,Resolve to exact mp-id with resolve_mp_ids.py for a permanent /materials/mp-XXXX URL
Ac2GaCu,computed compound (DFT),Materials Project,https://next-gen.materialsproject.org/materials?formula=Ac2GaCu,formula-deeplink,Resolve to exact mp-id with resolve_mp_ids.py for a permanent /materials/mp-XXXX URL
Ac2SiAu,computed compound (DFT),Materials Project,https://next-gen.materialsproject.org/materials?formula=Ac2SiAu,formula-deeplink,Resolve to exact mp-id with resolve_mp_ids.py for a permanent /materials/mp-XXXX URL
AcAg2Sn,computed compound (DFT),Materials Project,https://next-gen.materialsproject.org/materials?formula=AcAg2Sn,formula-deeplink,Resolve to exact mp-id with resolve_mp_ids.py for a permanent /materials/mp-XXXX URL
AcCdHg2,computed compound (DFT),Materials Project,https://next-gen.materialsproject.org/materials?formula=AcCdHg2,formula-deeplink,Resolve to exact mp-id with resolve_mp_ids.py for a permanent /materials/mp-XXXX URL
AcMnO3,computed compound (DFT),Materials Project,https://next-gen.materialsproject.org/materials?formula=AcMnO3,formula-deeplink,Resolve to exact mp-id with resolve_mp_ids.py for a permanent /materials/mp-XXXX URL
AcZn3,computed compound (DFT),Materials Project,https://next-gen.materialsproject.org/materials?formula=AcZn3,formula-deeplink,Resolve to exact mp-id with resolve_mp_ids.py for a permanent /materials/mp-XXXX URL
AgAu3,computed compound (DFT),Materials Project,https://next-gen.materialsproject.org/materials?formula=AgAu3,formula-deeplink,Resolve to exact mp-id with resolve_mp_ids.py for a permanent /materials/mp-XXXX URL
Al,computed compound (DFT),Materials Project,https://next-gen.materialsproject.org/materials?formula=Al,formula-deeplink,Resolve to exact mp-id with resolve_mp_ids.py for a permanent /materials/mp-XXXX URL
Al2CoRu,computed compound (DFT),Materials Project,https://next-gen.materialsproject.org/materials?formula=Al2CoRu,formula-deeplink,Resolve to exact mp-id with resolve_mp_ids.py for a permanent /materials/mp-XXXX URL
Al2FeCo,computed compound (DFT),Materials Project,https://next-gen.materialsproject.org/materials?formula=Al2FeCo,formula-deeplink,Resolve to exact mp-id with resolve_mp_ids.py for a permanent /materials/mp-XXXX URL
Al2FeS4,computed compound (DFT),Materials Project,https://next-gen.materialsproject.org/materials?formula=Al2FeS4,formula-deeplink,Resolve to exact mp-id with resolve_mp_ids.py for a permanent /materials/mp-XXXX URL
Al2IrRh,computed compound (DFT),Materials Project,https://next-gen.materialsproject.org/materials?formula=Al2IrRh,formula-deeplink,Resolve to exact mp-id with resolve_mp_ids.py for a permanent /materials/mp-XXXX URL
AlSiRu2,computed compound (DFT),Materials Project,https://next-gen.materialsproject.org/materials?formula=AlSiRu2,formula-deeplink,Resolve to exact mp-id with resolve_mp_ids.py for a permanent /materials/mp-XXXX URL
AlVOs2,computed compound (DFT),Materials Project,https://next-gen.materialsproject.org/materials?formula=AlVOs2,formula-deeplink,Resolve to exact mp-id with resolve_mp_ids.py for a permanent /materials/mp-XXXX URL
Aluminium Alloy 6063A T6 Extrusions_339,engineering alloy / polymer,MakeItFrom.com,https://www.makeitfrom.com/material-properties/Aluminium-Alloy-6063A-T6-Extrusions_339,pattern-derived,
Aluminium Alloy 6082 T6 Extrusions_338,engineering alloy / polymer,MakeItFrom.com,https://www.makeitfrom.com/material-properties/Aluminium-Alloy-6082-T6-Extrusions_338,pattern-derived,
Ba(CrN2)2,computed compound (DFT),Materials Project,https://next-gen.materialsproject.org/materials?formula=Ba%28CrN2%292,formula-deeplink,Resolve to exact mp-id with resolve_mp_ids.py for a permanent /materials/mp-XXXX URL
Ba2CrN3,computed compound (DFT),Materials Project,https://next-gen.materialsproject.org/materials?formula=Ba2CrN3,formula-deeplink,Resolve to exact mp-id with resolve_mp_ids.py for a permanent /materials/mp-XXXX URL
Ba2Ga2O5,computed compound (DFT),Materials Project,https://next-gen.materialsproject.org/materials?formula=Ba2Ga2O5,formula-deeplink,Resolve to exact mp-id with resolve_mp_ids.py for a permanent /materials/mp-XXXX URL
Ba2InBiS5,computed compound (DFT),Materials Project,https://next-gen.materialsproject.org/materials?formula=Ba2InBiS5,formula-deeplink,Resolve to exact mp-id with resolve_mp_ids.py for a permanent /materials/mp-XXXX URL
Ba2LaWO6,computed compound (DFT),Materials Project,https://next-gen.materialsproject.org/materials?formula=Ba2LaWO6,formula-deeplink,Resolve to exact mp-id with resolve_mp_ids.py for a permanent /materials/mp-XXXX URL
BaCaLaBiO6,computed compound (DFT),Materials Project,https://next-gen.materialsproject.org/materials?formula=BaCaLaBiO6,formula-deeplink,Resolve to exact mp-id with resolve_mp_ids.py for a permanent /materials/mp-XXXX URL
BaHfMg14,computed compound (DFT),Materials Project,https://next-gen.materialsproject.org/materials?formula=BaHfMg14,formula-deeplink,Resolve to exact mp-id with resolve_mp_ids.py for a permanent /materials/mp-XXXX URL
BaMg14B,computed compound (DFT),Materials Project,https://next-gen.materialsproject.org/materials?formula=BaMg14B,formula-deeplink,Resolve to exact mp-id with resolve_mp_ids.py for a permanent /materials/mp-XXXX URL
BaMg14Bi,computed compound (DFT),Materials Project,https://next-gen.materialsproject.org/materials?formula=BaMg14Bi,formula-deeplink,Resolve to exact mp-id with resolve_mp_ids.py for a permanent /materials/mp-XXXX URL
BaMg14C,computed compound (DFT),Materials Project,https://next-gen.materialsproject.org/materials?formula=BaMg14C,formula-deeplink,Resolve to exact mp-id with resolve_mp_ids.py for a permanent /materials/mp-XXXX URL
BaMg14Cd,computed compound (DFT),Materials Project,https://next-gen.materialsproject.org/materials?formula=BaMg14Cd,formula-deeplink,Resolve to exact mp-id with resolve_mp_ids.py for a permanent /materials/mp-XXXX URL
BaMg14Cr,computed compound (DFT),Materials Project,https://next-gen.materialsproject.org/materials?formula=BaMg14Cr,formula-deeplink,Resolve to exact mp-id with resolve_mp_ids.py for a permanent /materials/mp-XXXX URL
BaMg14Ga,computed compound (DFT),Materials Project,https://next-gen.materialsproject.org/materials?formula=BaMg14Ga,formula-deeplink,Resolve to exact mp-id with resolve_mp_ids.py for a permanent /materials/mp-XXXX URL
BaMg14Mo,computed compound (DFT),Materials Project,https://next-gen.materialsproject.org/materials?formula=BaMg14Mo,formula-deeplink,Resolve to exact mp-id with resolve_mp_ids.py for a permanent /materials/mp-XXXX URL
BaMg14Nb,computed compound (DFT),Materials Project,https://next-gen.materialsproject.org/materials?formula=BaMg14Nb,formula-deeplink,Resolve to exact mp-id with resolve_mp_ids.py for a permanent /materials/mp-XXXX URL
BaMg14W,computed compound (DFT),Materials Project,https://next-gen.materialsproject.org/materials?formula=BaMg14W,formula-deeplink,Resolve to exact mp-id with resolve_mp_ids.py for a permanent /materials/mp-XXXX URL
BaMnN2,computed compound (DFT),Materials Project,https://next-gen.materialsproject.org/materials?formula=BaMnN2,formula-deeplink,Resolve to exact mp-id with resolve_mp_ids.py for a permanent /materials/mp-XXXX URL
BaNaH3Pd,computed compound (DFT),Materials Project,https://next-gen.materialsproject.org/materials?formula=BaNaH3Pd,formula-deeplink,Resolve to exact mp-id with resolve_mp_ids.py for a permanent /materials/mp-XXXX URL
BaNaPrFeO6,computed compound (DFT),Materials Project,https://next-gen.materialsproject.org/materials?formula=BaNaPrFeO6,formula-deeplink,Resolve to exact mp-id with resolve_mp_ids.py for a permanent /materials/mp-XXXX URL
BaSrCeTiO6,computed compound (DFT),Materials Project,https://next-gen.materialsproject.org/materials?formula=BaSrCeTiO6,formula-deeplink,Resolve to exact mp-id with resolve_mp_ids.py for a permanent /materials/mp-XXXX URL
BaSrEuBiO6,computed compound (DFT),Materials Project,https://next-gen.materialsproject.org/materials?formula=BaSrEuBiO6,formula-deeplink,Resolve to exact mp-id with resolve_mp_ids.py for a permanent /materials/mp-XXXX URL
BaSrMg14,computed compound (DFT),Materials Project,https://next-gen.materialsproject.org/materials?formula=BaSrMg14,formula-deeplink,Resolve to exact mp-id with resolve_mp_ids.py for a permanent /materials/mp-XXXX URL
BaSrNdNbO6,computed compound (DFT),Materials Project,https://next-gen.materialsproject.org/materials?formula=BaSrNdNbO6,formula-deeplink,Resolve to exact mp-id with resolve_mp_ids.py for a permanent /materials/mp-XXXX URL
BaSrTbNbO6,computed compound (DFT),Materials Project,https://next-gen.materialsproject.org/materials?formula=BaSrTbNbO6,formula-deeplink,Resolve to exact mp-id with resolve_mp_ids.py for a permanent /materials/mp-XXXX URL
BaYMg14,computed compound (DFT),Materials Project,https://next-gen.materialsproject.org/materials?formula=BaYMg14,formula-deeplink,Resolve to exact mp-id with resolve_mp_ids.py for a permanent /materials/mp-XXXX URL
Bainidur 7980 CN,engineering alloy (proprietary),Swiss Steel Group,https://swisssteel-group.com/en/products/engineering-steels/bainitic-steels,vendor-verified,Proprietary Bainidur-family bainitic grade. Not on MakeItFrom.
Be2IrPd,computed compound (DFT),Materials Project,https://next-gen.materialsproject.org/materials?formula=Be2IrPd,formula-deeplink,Resolve to exact mp-id with resolve_mp_ids.py for a permanent /materials/mp-XXXX URL
Be2NiIr,computed compound (DFT),Materials Project,https://next-gen.materialsproject.org/materials?formula=Be2NiIr,formula-deeplink,Resolve to exact mp-id with resolve_mp_ids.py for a permanent /materials/mp-XXXX URL
Be2NiRh,computed compound (DFT),Materials Project,https://next-gen.materialsproject.org/materials?formula=Be2NiRh,formula-deeplink,Resolve to exact mp-id with resolve_mp_ids.py for a permanent /materials/mp-XXXX URL
Be3Rh,computed compound (DFT),Materials Project,https://next-gen.materialsproject.org/materials?formula=Be3Rh,formula-deeplink,Resolve to exact mp-id with resolve_mp_ids.py for a permanent /materials/mp-XXXX URL
Ca(InN)2,computed compound (DFT),Materials Project,https://next-gen.materialsproject.org/materials?formula=Ca%28InN%292,formula-deeplink,Resolve to exact mp-id with resolve_mp_ids.py for a permanent /materials/mp-XXXX URL
Ca2AgPb,computed compound (DFT),Materials Project,https://next-gen.materialsproject.org/materials?formula=Ca2AgPb,formula-deeplink,Resolve to exact mp-id with resolve_mp_ids.py for a permanent /materials/mp-XXXX URL
Ca2NbGaO6,computed compound (DFT),Materials Project,https://next-gen.materialsproject.org/materials?formula=Ca2NbGaO6,formula-deeplink,Resolve to exact mp-id with resolve_mp_ids.py for a permanent /materials/mp-XXXX URL
Ca2PdAu,computed compound (DFT),Materials Project,https://next-gen.materialsproject.org/materials?formula=Ca2PdAu,formula-deeplink,Resolve to exact mp-id with resolve_mp_ids.py for a permanent /materials/mp-XXXX URL
Ca2ReN3,computed compound (DFT),Materials Project,https://next-gen.materialsproject.org/materials?formula=Ca2ReN3,formula-deeplink,Resolve to exact mp-id with resolve_mp_ids.py for a permanent /materials/mp-XXXX URL
Ca2TaN3,computed compound (DFT),Materials Project,https://next-gen.materialsproject.org/materials?formula=Ca2TaN3,formula-deeplink,Resolve to exact mp-id with resolve_mp_ids.py for a permanent /materials/mp-XXXX URL
Ca3W3N5,computed compound (DFT),Materials Project,https://next-gen.materialsproject.org/materials?formula=Ca3W3N5,formula-deeplink,Resolve to exact mp-id with resolve_mp_ids.py for a permanent /materials/mp-XXXX URL
Ca7SiN6,computed compound (DFT),Materials Project,https://next-gen.materialsproject.org/materials?formula=Ca7SiN6,formula-deeplink,Resolve to exact mp-id with resolve_mp_ids.py for a permanent /materials/mp-XXXX URL
CaEuMnCoO6,computed compound (DFT),Materials Project,https://next-gen.materialsproject.org/materials?formula=CaEuMnCoO6,formula-deeplink,Resolve to exact mp-id with resolve_mp_ids.py for a permanent /materials/mp-XXXX URL
CaLaMg14,computed compound (DFT),Materials Project,https://next-gen.materialsproject.org/materials?formula=CaLaMg14,formula-deeplink,Resolve to exact mp-id with resolve_mp_ids.py for a permanent /materials/mp-XXXX URL
CaMg14Co,computed compound (DFT),Materials Project,https://next-gen.materialsproject.org/materials?formula=CaMg14Co,formula-deeplink,Resolve to exact mp-id with resolve_mp_ids.py for a permanent /materials/mp-XXXX URL
CaMg14Cu,computed compound (DFT),Materials Project,https://next-gen.materialsproject.org/materials?formula=CaMg14Cu,formula-deeplink,Resolve to exact mp-id with resolve_mp_ids.py for a permanent /materials/mp-XXXX URL
CaMg14Fe,computed compound (DFT),Materials Project,https://next-gen.materialsproject.org/materials?formula=CaMg14Fe,formula-deeplink,Resolve to exact mp-id with resolve_mp_ids.py for a permanent /materials/mp-XXXX URL
CaMg14Mn,computed compound (DFT),Materials Project,https://next-gen.materialsproject.org/materials?formula=CaMg14Mn,formula-deeplink,Resolve to exact mp-id with resolve_mp_ids.py for a permanent /materials/mp-XXXX URL
CaMg14Ni,computed compound (DFT),Materials Project,https://next-gen.materialsproject.org/materials?formula=CaMg14Ni,formula-deeplink,Resolve to exact mp-id with resolve_mp_ids.py for a permanent /materials/mp-XXXX URL
CaMg14Si,computed compound (DFT),Materials Project,https://next-gen.materialsproject.org/materials?formula=CaMg14Si,formula-deeplink,Resolve to exact mp-id with resolve_mp_ids.py for a permanent /materials/mp-XXXX URL
CaMg14Sn,computed compound (DFT),Materials Project,https://next-gen.materialsproject.org/materials?formula=CaMg14Sn,formula-deeplink,Resolve to exact mp-id with resolve_mp_ids.py for a permanent /materials/mp-XXXX URL
CaMg14Ti,computed compound (DFT),Materials Project,https://next-gen.materialsproject.org/materials?formula=CaMg14Ti,formula-deeplink,Resolve to exact mp-id with resolve_mp_ids.py for a permanent /materials/mp-XXXX URL
CaMg14V,computed compound (DFT),Materials Project,https://next-gen.materialsproject.org/materials?formula=CaMg14V,formula-deeplink,Resolve to exact mp-id with resolve_mp_ids.py for a permanent /materials/mp-XXXX URL
CaMg14Zn,computed compound (DFT),Materials Project,https://next-gen.materialsproject.org/materials?formula=CaMg14Zn,formula-deeplink,Resolve to exact mp-id with resolve_mp_ids.py for a permanent /materials/mp-XXXX URL
CaMg14Zr,computed compound (DFT),Materials Project,https://next-gen.materialsproject.org/materials?formula=CaMg14Zr,formula-deeplink,Resolve to exact mp-id with resolve_mp_ids.py for a permanent /materials/mp-XXXX URL
CaPmPd2,computed compound (DFT),Materials Project,https://next-gen.materialsproject.org/materials?formula=CaPmPd2,formula-deeplink,Resolve to exact mp-id with resolve_mp_ids.py for a permanent /materials/mp-XXXX URL
CaPmPt2,computed compound (DFT),Materials Project,https://next-gen.materialsproject.org/materials?formula=CaPmPt2,formula-deeplink,Resolve to exact mp-id with resolve_mp_ids.py for a permanent /materials/mp-XXXX URL
CaPmRh2,computed compound (DFT),Materials Project,https://next-gen.materialsproject.org/materials?formula=CaPmRh2,formula-deeplink,Resolve to exact mp-id with resolve_mp_ids.py for a permanent /materials/mp-XXXX URL
CaPmZn2,computed compound (DFT),Materials Project,https://next-gen.materialsproject.org/materials?formula=CaPmZn2,formula-deeplink,Resolve to exact mp-id with resolve_mp_ids.py for a permanent /materials/mp-XXXX URL
CaPuRh2,computed compound (DFT),Materials Project,https://next-gen.materialsproject.org/materials?formula=CaPuRh2,formula-deeplink,Resolve to exact mp-id with resolve_mp_ids.py for a permanent /materials/mp-XXXX URL
CaSiO3,computed compound (DFT),Materials Project,https://next-gen.materialsproject.org/materials?formula=CaSiO3,formula-deeplink,Resolve to exact mp-id with resolve_mp_ids.py for a permanent /materials/mp-XXXX URL
CaTiN2,computed compound (DFT),Materials Project,https://next-gen.materialsproject.org/materials?formula=CaTiN2,formula-deeplink,Resolve to exact mp-id with resolve_mp_ids.py for a permanent /materials/mp-XXXX URL
CaYMg14,computed compound (DFT),Materials Project,https://next-gen.materialsproject.org/materials?formula=CaYMg14,formula-deeplink,Resolve to exact mp-id with resolve_mp_ids.py for a permanent /materials/mp-XXXX URL
CaYRh2,computed compound (DFT),Materials Project,https://next-gen.materialsproject.org/materials?formula=CaYRh2,formula-deeplink,Resolve to exact mp-id with resolve_mp_ids.py for a permanent /materials/mp-XXXX URL
Carbon Black (Polymer Additive),engineering alloy / polymer,MakeItFrom.com,https://www.makeitfrom.com/material-properties/Carbon-Black-Polymer-Additive,pattern-derived,
CdPPt5,computed compound (DFT),Materials Project,https://next-gen.materialsproject.org/materials?formula=CdPPt5,formula-deeplink,Resolve to exact mp-id with resolve_mp_ids.py for a permanent /materials/mp-XXXX URL
CeGa3,computed compound (DFT),Materials Project,https://next-gen.materialsproject.org/materials?formula=CeGa3,formula-deeplink,Resolve to exact mp-id with resolve_mp_ids.py for a permanent /materials/mp-XXXX URL
CeGaGe,computed compound (DFT),Materials Project,https://next-gen.materialsproject.org/materials?formula=CeGaGe,formula-deeplink,Resolve to exact mp-id with resolve_mp_ids.py for a permanent /materials/mp-XXXX URL
Co2NiSe4,computed compound (DFT),Materials Project,https://next-gen.materialsproject.org/materials?formula=Co2NiSe4,formula-deeplink,Resolve to exact mp-id with resolve_mp_ids.py for a permanent /materials/mp-XXXX URL
Cr2FeTe4,computed compound (DFT),Materials Project,https://next-gen.materialsproject.org/materials?formula=Cr2FeTe4,formula-deeplink,Resolve to exact mp-id with resolve_mp_ids.py for a permanent /materials/mp-XXXX URL
Cr2NiSe4,computed compound (DFT),Materials Project,https://next-gen.materialsproject.org/materials?formula=Cr2NiSe4,formula-deeplink,Resolve to exact mp-id with resolve_mp_ids.py for a permanent /materials/mp-XXXX URL
Cs2CaCl4,computed compound (DFT),Materials Project,https://next-gen.materialsproject.org/materials?formula=Cs2CaCl4,formula-deeplink,Resolve to exact mp-id with resolve_mp_ids.py for a permanent /materials/mp-XXXX URL
Cs2KU2(Si2O7)2,computed compound (DFT),Materials Project,https://next-gen.materialsproject.org/materials?formula=Cs2KU2%28Si2O7%292,formula-deeplink,Resolve to exact mp-id with resolve_mp_ids.py for a permanent /materials/mp-XXXX URL
Cs2Mn(PSe3)2,computed compound (DFT),Materials Project,https://next-gen.materialsproject.org/materials?formula=Cs2Mn%28PSe3%292,formula-deeplink,Resolve to exact mp-id with resolve_mp_ids.py for a permanent /materials/mp-XXXX URL
Cs3Rb,computed compound (DFT),Materials Project,https://next-gen.materialsproject.org/materials?formula=Cs3Rb,formula-deeplink,Resolve to exact mp-id with resolve_mp_ids.py for a permanent /materials/mp-XXXX URL
CsCaCO3F,computed compound (DFT),Materials Project,https://next-gen.materialsproject.org/materials?formula=CsCaCO3F,formula-deeplink,Resolve to exact mp-id with resolve_mp_ids.py for a permanent /materials/mp-XXXX URL
CsCaMg14,computed compound (DFT),Materials Project,https://next-gen.materialsproject.org/materials?formula=CsCaMg14,formula-deeplink,Resolve to exact mp-id with resolve_mp_ids.py for a permanent /materials/mp-XXXX URL
CsHfMg14,computed compound (DFT),Materials Project,https://next-gen.materialsproject.org/materials?formula=CsHfMg14,formula-deeplink,Resolve to exact mp-id with resolve_mp_ids.py for a permanent /materials/mp-XXXX URL
CsKMg6O7,computed compound (DFT),Materials Project,https://next-gen.materialsproject.org/materials?formula=CsKMg6O7,formula-deeplink,Resolve to exact mp-id with resolve_mp_ids.py for a permanent /materials/mp-XXXX URL
CsMg14B,computed compound (DFT),Materials Project,https://next-gen.materialsproject.org/materials?formula=CsMg14B,formula-deeplink,Resolve to exact mp-id with resolve_mp_ids.py for a permanent /materials/mp-XXXX URL
CsMg14Bi,computed compound (DFT),Materials Project,https://next-gen.materialsproject.org/materials?formula=CsMg14Bi,formula-deeplink,Resolve to exact mp-id with resolve_mp_ids.py for a permanent /materials/mp-XXXX URL
CsMg14C,computed compound (DFT),Materials Project,https://next-gen.materialsproject.org/materials?formula=CsMg14C,formula-deeplink,Resolve to exact mp-id with resolve_mp_ids.py for a permanent /materials/mp-XXXX URL
CsMg14Cr,computed compound (DFT),Materials Project,https://next-gen.materialsproject.org/materials?formula=CsMg14Cr,formula-deeplink,Resolve to exact mp-id with resolve_mp_ids.py for a permanent /materials/mp-XXXX URL
CsMg14Ga,computed compound (DFT),Materials Project,https://next-gen.materialsproject.org/materials?formula=CsMg14Ga,formula-deeplink,Resolve to exact mp-id with resolve_mp_ids.py for a permanent /materials/mp-XXXX URL
CsMg14Mn,computed compound (DFT),Materials Project,https://next-gen.materialsproject.org/materials?formula=CsMg14Mn,formula-deeplink,Resolve to exact mp-id with resolve_mp_ids.py for a permanent /materials/mp-XXXX URL
CsMg14Sb,computed compound (DFT),Materials Project,https://next-gen.materialsproject.org/materials?formula=CsMg14Sb,formula-deeplink,Resolve to exact mp-id with resolve_mp_ids.py for a permanent /materials/mp-XXXX URL
CsOsN2,computed compound (DFT),Materials Project,https://next-gen.materialsproject.org/materials?formula=CsOsN2,formula-deeplink,Resolve to exact mp-id with resolve_mp_ids.py for a permanent /materials/mp-XXXX URL
CsSrMg14,computed compound (DFT),Materials Project,https://next-gen.materialsproject.org/materials?formula=CsSrMg14,formula-deeplink,Resolve to exact mp-id with resolve_mp_ids.py for a permanent /materials/mp-XXXX URL
CuH6(NCl)2,computed compound (DFT),Materials Project,https://next-gen.materialsproject.org/materials?formula=CuH6%28NCl%292,formula-deeplink,Resolve to exact mp-id with resolve_mp_ids.py for a permanent /materials/mp-XXXX URL
Dy2AgIr,computed compound (DFT),Materials Project,https://next-gen.materialsproject.org/materials?formula=Dy2AgIr,formula-deeplink,Resolve to exact mp-id with resolve_mp_ids.py for a permanent /materials/mp-XXXX URL
Dy2AlZn,computed compound (DFT),Materials Project,https://next-gen.materialsproject.org/materials?formula=Dy2AlZn,formula-deeplink,Resolve to exact mp-id with resolve_mp_ids.py for a permanent /materials/mp-XXXX URL
Dy2Mg,computed compound (DFT),Materials Project,https://next-gen.materialsproject.org/materials?formula=Dy2Mg,formula-deeplink,Resolve to exact mp-id with resolve_mp_ids.py for a permanent /materials/mp-XXXX URL
Dy2MgAl,computed compound (DFT),Materials Project,https://next-gen.materialsproject.org/materials?formula=Dy2MgAl,formula-deeplink,Resolve to exact mp-id with resolve_mp_ids.py for a permanent /materials/mp-XXXX URL
Dy2MgIn,computed compound (DFT),Materials Project,https://next-gen.materialsproject.org/materials?formula=Dy2MgIn,formula-deeplink,Resolve to exact mp-id with resolve_mp_ids.py for a permanent /materials/mp-XXXX URL
Dy2Ni12P7,computed compound (DFT),Materials Project,https://next-gen.materialsproject.org/materials?formula=Dy2Ni12P7,formula-deeplink,Resolve to exact mp-id with resolve_mp_ids.py for a permanent /materials/mp-XXXX URL
Dy2NiIr,computed compound (DFT),Materials Project,https://next-gen.materialsproject.org/materials?formula=Dy2NiIr,formula-deeplink,Resolve to exact mp-id with resolve_mp_ids.py for a permanent /materials/mp-XXXX URL
Dy2ZnIn,computed compound (DFT),Materials Project,https://next-gen.materialsproject.org/materials?formula=Dy2ZnIn,formula-deeplink,Resolve to exact mp-id with resolve_mp_ids.py for a permanent /materials/mp-XXXX URL
Dy2ZnOs,computed compound (DFT),Materials Project,https://next-gen.materialsproject.org/materials?formula=Dy2ZnOs,formula-deeplink,Resolve to exact mp-id with resolve_mp_ids.py for a permanent /materials/mp-XXXX URL
DyAl3,computed compound (DFT),Materials Project,https://next-gen.materialsproject.org/materials?formula=DyAl3,formula-deeplink,Resolve to exact mp-id with resolve_mp_ids.py for a permanent /materials/mp-XXXX URL
DyAu,computed compound (DFT),Materials Project,https://next-gen.materialsproject.org/materials?formula=DyAu,formula-deeplink,Resolve to exact mp-id with resolve_mp_ids.py for a permanent /materials/mp-XXXX URL
DyB2Rh3,computed compound (DFT),Materials Project,https://next-gen.materialsproject.org/materials?formula=DyB2Rh3,formula-deeplink,Resolve to exact mp-id with resolve_mp_ids.py for a permanent /materials/mp-XXXX URL
DyB4Mo,computed compound (DFT),Materials Project,https://next-gen.materialsproject.org/materials?formula=DyB4Mo,formula-deeplink,Resolve to exact mp-id with resolve_mp_ids.py for a permanent /materials/mp-XXXX URL
DyBr2,computed compound (DFT),Materials Project,https://next-gen.materialsproject.org/materials?formula=DyBr2,formula-deeplink,Resolve to exact mp-id with resolve_mp_ids.py for a permanent /materials/mp-XXXX URL
DyBr3,computed compound (DFT),Materials Project,https://next-gen.materialsproject.org/materials?formula=DyBr3,formula-deeplink,Resolve to exact mp-id with resolve_mp_ids.py for a permanent /materials/mp-XXXX URL
DyHg3,computed compound (DFT),Materials Project,https://next-gen.materialsproject.org/materials?formula=DyHg3,formula-deeplink,Resolve to exact mp-id with resolve_mp_ids.py for a permanent /materials/mp-XXXX URL
DyHoMg2,computed compound (DFT),Materials Project,https://next-gen.materialsproject.org/materials?formula=DyHoMg2,formula-deeplink,Resolve to exact mp-id with resolve_mp_ids.py for a permanent /materials/mp-XXXX URL
DyI3,computed compound (DFT),Materials Project,https://next-gen.materialsproject.org/materials?formula=DyI3,formula-deeplink,Resolve to exact mp-id with resolve_mp_ids.py for a permanent /materials/mp-XXXX URL
DyMgAg2,computed compound (DFT),Materials Project,https://next-gen.materialsproject.org/materials?formula=DyMgAg2,formula-deeplink,Resolve to exact mp-id with resolve_mp_ids.py for a permanent /materials/mp-XXXX URL
DyMgZn2,computed compound (DFT),Materials Project,https://next-gen.materialsproject.org/materials?formula=DyMgZn2,formula-deeplink,Resolve to exact mp-id with resolve_mp_ids.py for a permanent /materials/mp-XXXX URL
EN 1.0420 (GE200) Cast Non-Alloy Steel,engineering alloy / polymer,MakeItFrom.com,https://www.makeitfrom.com/material-properties/EN-1.0420-GE200-Cast-Non-Alloy-Steel,pattern-derived,
EN 1.0446 (GE240) Cast Non-Alloy Steel,engineering alloy / polymer,MakeItFrom.com,https://www.makeitfrom.com/material-properties/EN-1.0446-GE240-Cast-Non-Alloy-Steel,pattern-derived,
EN 1.0449 (GS200) Cast Non-Alloy Steel,engineering alloy / polymer,MakeItFrom.com,https://www.makeitfrom.com/material-properties/EN-1.0449-GS200-Cast-Non-Alloy-Steel,pattern-derived,
EN 1.0454 (GE270) Cast Non-Alloy Steel,engineering alloy / polymer,MakeItFrom.com,https://www.makeitfrom.com/material-properties/EN-1.0454-GE270-Cast-Non-Alloy-Steel,pattern-derived,
EN 1.0558 (GE300) Cast Non-Alloy Steel,engineering alloy / polymer,MakeItFrom.com,https://www.makeitfrom.com/material-properties/EN-1.0558-GE300-Cast-Non-Alloy-Steel,pattern-derived,
EN 1.0597 (GE360) Cast Non-Alloy Steel,engineering alloy / polymer,MakeItFrom.com,https://www.makeitfrom.com/material-properties/EN-1.0597-GE360-Cast-Non-Alloy-Steel,pattern-derived,
EN 1.0601 (C60) Non-Alloy Steel,engineering alloy / polymer,MakeItFrom.com,https://www.makeitfrom.com/material-properties/EN-1.0601-C60-Non-Alloy-Steel,pattern-derived,
EN 1.0625 (GP280GH) Cast Non-Alloy Steel,engineering alloy / polymer,MakeItFrom.com,https://www.makeitfrom.com/material-properties/EN-1.0625-GP280GH-Cast-Non-Alloy-Steel,pattern-derived,
EN 1.1118 (G24Mn6) Cast Non-Alloy Steel,engineering alloy / polymer,MakeItFrom.com,https://www.makeitfrom.com/material-properties/EN-1.1118-G24Mn6-Cast-Non-Alloy-Steel,pattern-derived,
EN 1.1131 (G17Mn5) Cast Non-Alloy Steel,engineering alloy / polymer,MakeItFrom.com,https://www.makeitfrom.com/material-properties/EN-1.1131-G17Mn5-Cast-Non-Alloy-Steel,pattern-derived,
EN 1.1165 (G28Mn6) Cast Non-Alloy Steel,engineering alloy / polymer,MakeItFrom.com,https://www.makeitfrom.com/material-properties/EN-1.1165-G28Mn6-Cast-Non-Alloy-Steel,pattern-derived,
EN 1.3523 (19MnCr5) Case-Hardening Bearing Steel,engineering alloy / polymer,MakeItFrom.com,https://www.makeitfrom.com/material-properties/EN-1.3523-19MnCr5-Case-Hardening-Bearing-Steel,pattern-derived,
EN 1.3533 (18NiCrMo14-6) Case-Hardening Bearing Steel,engineering alloy / polymer,MakeItFrom.com,https://www.makeitfrom.com/material-properties/EN-1.3533-18NiCrMo14-6-Case-Hardening-Bearing-Steel,pattern-derived,
EN 1.3538 (100CrMo7-4) Through-Hardening Bearing Steel,engineering alloy / polymer,MakeItFrom.com,https://www.makeitfrom.com/material-properties/EN-1.3538-100CrMo7-4-Through-Hardening-Bearing-Steel,pattern-derived,
EN 1.3541 (X47Cr14) Stainless Bearing Steel,engineering alloy / polymer,MakeItFrom.com,https://www.makeitfrom.com/material-properties/EN-1.3541-X47Cr14-Stainless-Bearing-Steel,pattern-derived,
EN 1.3542 (X65Cr14) Stainless Bearing Steel,engineering alloy / polymer,MakeItFrom.com,https://www.makeitfrom.com/material-properties/EN-1.3542-X65Cr14-Stainless-Bearing-Steel,pattern-derived,
EN 1.3549 (X89CrMoV18-1) Stainless Bearing Steel,engineering alloy / polymer,MakeItFrom.com,https://www.makeitfrom.com/material-properties/EN-1.3549-X89CrMoV18-1-Stainless-Bearing-Steel,pattern-derived,
EN 1.3563 (43CrMo4) Induction-Hardening Bearing Steel,engineering alloy / polymer,MakeItFrom.com,https://www.makeitfrom.com/material-properties/EN-1.3563-43CrMo4-Induction-Hardening-Bearing-Steel,pattern-derived,
EN 1.3567 (20CrMo4) Case-Hardening Bearing Steel,engineering alloy / polymer,MakeItFrom.com,https://www.makeitfrom.com/material-properties/EN-1.3567-20CrMo4-Case-Hardening-Bearing-Steel,pattern-derived,
EN 1.3576 (20NiCrMo7) Case-Hardening Bearing Steel,engineering alloy / polymer,MakeItFrom.com,https://www.makeitfrom.com/material-properties/EN-1.3576-20NiCrMo7-Case-Hardening-Bearing-Steel,pattern-derived,
EN 1.3940 (GX2CrNiN18-13) Cast Stainless Steel,engineering alloy / polymer,MakeItFrom.com,https://www.makeitfrom.com/material-properties/EN-1.3940-GX2CrNiN18-13-Cast-Stainless-Steel,pattern-derived,
EN 1.3956 (GX4CrNiMnN22-12-5) Cast Stainless Steel,engineering alloy / polymer,MakeItFrom.com,https://www.makeitfrom.com/material-properties/EN-1.3956-GX4CrNiMnN22-12-5-Cast-Stainless-Steel,pattern-derived,
EN 1.4005 (X12CrS13) Stainless Steel,engineering alloy / polymer,MakeItFrom.com,https://www.makeitfrom.com/material-properties/EN-1.4005-X12CrS13-Stainless-Steel,pattern-derived,
EN 1.4006 (X12Cr13) Stainless Steel,engineering alloy / polymer,MakeItFrom.com,https://www.makeitfrom.com/material-properties/EN-1.4006-X12Cr13-Stainless-Steel,pattern-derived,
EN 1.4024 (X15Cr13) Stainless Steel,engineering alloy / polymer,MakeItFrom.com,https://www.makeitfrom.com/material-properties/EN-1.4024-X15Cr13-Stainless-Steel,pattern-derived,
EN 1.4034 (X46Cr13) Stainless Steel,engineering alloy / polymer,MakeItFrom.com,https://www.makeitfrom.com/material-properties/EN-1.4034-X46Cr13-Stainless-Steel,pattern-derived,
EN 1.4104 (X14CrMoS17) Stainless Steel,engineering alloy / polymer,MakeItFrom.com,https://www.makeitfrom.com/material-properties/EN-1.4104-X14CrMoS17-Stainless-Steel,pattern-derived,
EN 1.4107 (GX8CrNi12-1) Cast Stainless Steel,engineering alloy / polymer,MakeItFrom.com,https://www.makeitfrom.com/material-properties/EN-1.4107-GX8CrNi12-1-Cast-Stainless-Steel,pattern-derived,
EN 1.4109 (X70CrMo15) Stainless Steel,engineering alloy / polymer,MakeItFrom.com,https://www.makeitfrom.com/material-properties/EN-1.4109-X70CrMo15-Stainless-Steel,pattern-derived,
EN 1.4110 (X55CrMo14) Stainless Steel,engineering alloy / polymer,MakeItFrom.com,https://www.makeitfrom.com/material-properties/EN-1.4110-X55CrMo14-Stainless-Steel,pattern-derived,
EN 1.4112 (X90CrMoV18) Stainless Steel,engineering alloy / polymer,MakeItFrom.com,https://www.makeitfrom.com/material-properties/EN-1.4112-X90CrMoV18-Stainless-Steel,pattern-derived,
EN 1.4116 (X50CrMoV15) Stainless Steel,engineering alloy / polymer,MakeItFrom.com,https://www.makeitfrom.com/material-properties/EN-1.4116-X50CrMoV15-Stainless-Steel,pattern-derived,
EN 1.4122 (X39CrMo17-1) Stainless Steel,engineering alloy / polymer,MakeItFrom.com,https://www.makeitfrom.com/material-properties/EN-1.4122-X39CrMo17-1-Stainless-Steel,pattern-derived,
EN 1.4125 (X105CrMo17) Stainless Steel,engineering alloy / polymer,MakeItFrom.com,https://www.makeitfrom.com/material-properties/EN-1.4125-X105CrMo17-Stainless-Steel,pattern-derived,
EN 1.4301 (X5CrNi18-10) Stainless Steel,engineering alloy / polymer,MakeItFrom.com,https://www.makeitfrom.com/material-properties/EN-1.4301-X5CrNi18-10-Stainless-Steel,pattern-derived,
EN 1.4306 (X2CrNi19-11) Stainless Steel,engineering alloy / polymer,MakeItFrom.com,https://www.makeitfrom.com/material-properties/EN-1.4306-X2CrNi19-11-Stainless-Steel,pattern-derived,
EN 1.4313 (X3CrNiMo13-4) Stainless Steel,engineering alloy / polymer,MakeItFrom.com,https://www.makeitfrom.com/material-properties/EN-1.4313-X3CrNiMo13-4-Stainless-Steel,pattern-derived,
EN 1.4325 (X9CrNi18-9) Stainless Steel,engineering alloy / polymer,MakeItFrom.com,https://www.makeitfrom.com/material-properties/EN-1.4325-X9CrNi18-9-Stainless-Steel,pattern-derived,
EN 1.4335 (X1CrNi25-21) Stainless Steel,engineering alloy / polymer,MakeItFrom.com,https://www.makeitfrom.com/material-properties/EN-1.4335-X1CrNi25-21-Stainless-Steel,pattern-derived,
EN 1.4369 (X11CrNiMnN19-8-6) Stainless Steel,engineering alloy / polymer,MakeItFrom.com,https://www.makeitfrom.com/material-properties/EN-1.4369-X11CrNiMnN19-8-6-Stainless-Steel,pattern-derived,
EN 1.4371 (X2CrMnNiN17-7-5) Stainless Steel,engineering alloy / polymer,MakeItFrom.com,https://www.makeitfrom.com/material-properties/EN-1.4371-X2CrMnNiN17-7-5-Stainless-Steel,pattern-derived,
EN 1.4378 (X6CrMnNiN18-13-3) Stainless Steel,engineering alloy / polymer,MakeItFrom.com,https://www.makeitfrom.com/material-properties/EN-1.4378-X6CrMnNiN18-13-3-Stainless-Steel,pattern-derived,
EN 1.4401 (X5CrNiMo17-12-2) Stainless Steel,engineering alloy / polymer,MakeItFrom.com,https://www.makeitfrom.com/material-properties/EN-1.4401-X5CrNiMo17-12-2-Stainless-Steel,pattern-derived,
EN 1.4404 (X2CrNiMo17-12-2) Stainless Steel,engineering alloy / polymer,MakeItFrom.com,https://www.makeitfrom.com/material-properties/EN-1.4404-X2CrNiMo17-12-2-Stainless-Steel,pattern-derived,
EN 1.4406 (X2CrNiMoN17-11-2) Stainless Steel,engineering alloy / polymer,MakeItFrom.com,https://www.makeitfrom.com/material-properties/EN-1.4406-X2CrNiMoN17-11-2-Stainless-Steel,pattern-derived,
EN 1.4408 (GX5CrNiMo19-11-2) Cast Stainless Steel,engineering alloy / polymer,MakeItFrom.com,https://www.makeitfrom.com/material-properties/EN-1.4408-GX5CrNiMo19-11-2-Cast-Stainless-Steel,pattern-derived,
EN 1.4415 (X2CrNiMoV13-5-2) Stainless Steel,engineering alloy / polymer,MakeItFrom.com,https://www.makeitfrom.com/material-properties/EN-1.4415-X2CrNiMoV13-5-2-Stainless-Steel,pattern-derived,
EN 1.4417 (GX2CrNiMoN25-7-3) Cast Stainless Steel,engineering alloy / polymer,MakeItFrom.com,https://www.makeitfrom.com/material-properties/EN-1.4417-GX2CrNiMoN25-7-3-Cast-Stainless-Steel,pattern-derived,
EN 1.4419 (X38CrMo14) Stainless Steel,engineering alloy / polymer,MakeItFrom.com,https://www.makeitfrom.com/material-properties/EN-1.4419-X38CrMo14-Stainless-Steel,pattern-derived,
EN 1.4421 (GX4CrNi16-4) Cast Stainless Steel,engineering alloy / polymer,MakeItFrom.com,https://www.makeitfrom.com/material-properties/EN-1.4421-GX4CrNi16-4-Cast-Stainless-Steel,pattern-derived,
EN 1.4423 (X1CrNiMoCu12-7-3) Stainless Steel,engineering alloy / polymer,MakeItFrom.com,https://www.makeitfrom.com/material-properties/EN-1.4423-X1CrNiMoCu12-7-3-Stainless-Steel,pattern-derived,
EN 1.4432 (X2CrNiMo17-12-3) Stainless Steel,engineering alloy / polymer,MakeItFrom.com,https://www.makeitfrom.com/material-properties/EN-1.4432-X2CrNiMo17-12-3-Stainless-Steel,pattern-derived,
EN 1.4436 (X3CrNiMo17-13-3) Stainless Steel,engineering alloy / polymer,MakeItFrom.com,https://www.makeitfrom.com/material-properties/EN-1.4436-X3CrNiMo17-13-3-Stainless-Steel,pattern-derived,
EN 1.4438 (X2CrNiMo18-15-4) Stainless Steel,engineering alloy / polymer,MakeItFrom.com,https://www.makeitfrom.com/material-properties/EN-1.4438-X2CrNiMo18-15-4-Stainless-Steel,pattern-derived,
EN 1.4449 (X3CrNiMo18-12-3) Stainless Steel,engineering alloy / polymer,MakeItFrom.com,https://www.makeitfrom.com/material-properties/EN-1.4449-X3CrNiMo18-12-3-Stainless-Steel,pattern-derived,
EN 1.4460 (X3CrNiMoN27-5-2) Stainless Steel,engineering alloy / polymer,MakeItFrom.com,https://www.makeitfrom.com/material-properties/EN-1.4460-X3CrNiMoN27-5-2-Stainless-Steel,pattern-derived,
EN 1.4468 (GX2CrNiMoN25-6-3) Cast Stainless Steel,engineering alloy / polymer,MakeItFrom.com,https://www.makeitfrom.com/material-properties/EN-1.4468-GX2CrNiMoN25-6-3-Cast-Stainless-Steel,pattern-derived,
EN 1.4469 (GX2CrNiMoN26-7-4) Cast Stainless Steel,engineering alloy / polymer,MakeItFrom.com,https://www.makeitfrom.com/material-properties/EN-1.4469-GX2CrNiMoN26-7-4-Cast-Stainless-Steel,pattern-derived,
EN 1.4470 (GX2CrNiMoN22-5-3) Cast Stainless Steel,engineering alloy / polymer,MakeItFrom.com,https://www.makeitfrom.com/material-properties/EN-1.4470-GX2CrNiMoN22-5-3-Cast-Stainless-Steel,pattern-derived,
EN 1.4474 (GX4CrNiMoN26-5-2) Cast Stainless Steel,engineering alloy / polymer,MakeItFrom.com,https://www.makeitfrom.com/material-properties/EN-1.4474-GX4CrNiMoN26-5-2-Cast-Stainless-Steel,pattern-derived,
EN 1.4490 (GX2CrNiMoN19-11-2) Cast Stainless Steel,engineering alloy / polymer,MakeItFrom.com,https://www.makeitfrom.com/material-properties/EN-1.4490-GX2CrNiMoN19-11-2-Cast-Stainless-Steel,pattern-derived,
EN 1.4508 (GX2CrNiMoN19-11-3) Cast Stainless Steel,engineering alloy / polymer,MakeItFrom.com,https://www.makeitfrom.com/material-properties/EN-1.4508-GX2CrNiMoN19-11-3-Cast-Stainless-Steel,pattern-derived,
EN 1.4515 (GX3CrNiMoCuN26-6-3) Cast Stainless Steel,engineering alloy / polymer,MakeItFrom.com,https://www.makeitfrom.com/material-properties/EN-1.4515-GX3CrNiMoCuN26-6-3-Cast-Stainless-Steel,pattern-derived,
EN 1.4517 (GX2CrNiMoCuN25-6-3-3) Cast Stainless Steel,engineering alloy / polymer,MakeItFrom.com,https://www.makeitfrom.com/material-properties/EN-1.4517-GX2CrNiMoCuN25-6-3-3-Cast-Stainless-Steel,pattern-derived,
EN 1.4518 (GX2CrNiMo19-11-3) Cast Stainless Steel,engineering alloy / polymer,MakeItFrom.com,https://www.makeitfrom.com/material-properties/EN-1.4518-GX2CrNiMo19-11-3-Cast-Stainless-Steel,pattern-derived,
EN 1.4537 (X1CrNiMoCuN25-25-5) Stainless Steel,engineering alloy / polymer,MakeItFrom.com,https://www.makeitfrom.com/material-properties/EN-1.4537-X1CrNiMoCuN25-25-5-Stainless-Steel,pattern-derived,
EN 1.4550 (X6CrNiNb18-10) Stainless Steel,engineering alloy / polymer,MakeItFrom.com,https://www.makeitfrom.com/material-properties/EN-1.4550-X6CrNiNb18-10-Stainless-Steel,pattern-derived,
EN 1.4571 (X6CrNiMoTi17-12-2) Stainless Steel,engineering alloy / polymer,MakeItFrom.com,https://www.makeitfrom.com/material-properties/EN-1.4571-X6CrNiMoTi17-12-2-Stainless-Steel,pattern-derived,
EN 1.4580 (X6CrNiMoNb17-12-2) Stainless Steel,engineering alloy / polymer,MakeItFrom.com,https://www.makeitfrom.com/material-properties/EN-1.4580-X6CrNiMoNb17-12-2-Stainless-Steel,pattern-derived,
EN 1.4596 (X1CrNiMoAlTi12-10-2) Stainless Steel,engineering alloy / polymer,MakeItFrom.com,https://www.makeitfrom.com/material-properties/EN-1.4596-X1CrNiMoAlTi12-10-2-Stainless-Steel,pattern-derived,
EN 1.4597 (X8CrMnCuN17-8-3) Stainless Steel,engineering alloy / polymer,MakeItFrom.com,https://www.makeitfrom.com/material-properties/EN-1.4597-X8CrMnCuN17-8-3-Stainless-Steel,pattern-derived,
EN 1.4612 (X1CrNiMoAlTi12-11-2) Stainless Steel,engineering alloy / polymer,MakeItFrom.com,https://www.makeitfrom.com/material-properties/EN-1.4612-X1CrNiMoAlTi12-11-2-Stainless-Steel,pattern-derived,
EN 1.4646 (X6CrMnNiCuN18-12-4-2) Stainless Steel,engineering alloy / polymer,MakeItFrom.com,https://www.makeitfrom.com/material-properties/EN-1.4646-X6CrMnNiCuN18-12-4-2-Stainless-Steel,pattern-derived,
EN 1.4652 (X1CrNiMoCuN24-22-8) Stainless Steel,engineering alloy / polymer,MakeItFrom.com,https://www.makeitfrom.com/material-properties/EN-1.4652-X1CrNiMoCuN24-22-8-Stainless-Steel,pattern-derived,
EN 1.4658 (X2CrNiMoCoN28-8-5-1) Stainless Steel,engineering alloy / polymer,MakeItFrom.com,https://www.makeitfrom.com/material-properties/EN-1.4658-X2CrNiMoCoN28-8-5-1-Stainless-Steel,pattern-derived,
EN 1.4710 (GX30CrSi7) Cast Stainless Steel,engineering alloy / polymer,MakeItFrom.com,https://www.makeitfrom.com/material-properties/EN-1.4710-GX30CrSi7-Cast-Stainless-Steel,pattern-derived,
EN 1.4729 (GX40CrSi13) Cast Stainless Steel,engineering alloy / polymer,MakeItFrom.com,https://www.makeitfrom.com/material-properties/EN-1.4729-GX40CrSi13-Cast-Stainless-Steel,pattern-derived,
EN 1.4740 (GX40CrSi17) Cast Stainless Steel,engineering alloy / polymer,MakeItFrom.com,https://www.makeitfrom.com/material-properties/EN-1.4740-GX40CrSi17-Cast-Stainless-Steel,pattern-derived,
EN 1.4806 (GX40NiCrSi35-17) Cast Stainless Steel,engineering alloy / polymer,MakeItFrom.com,https://www.makeitfrom.com/material-properties/EN-1.4806-GX40NiCrSi35-17-Cast-Stainless-Steel,pattern-derived,
EN 1.4818 (X6CrNiSiNCe19-10) Stainless Steel,engineering alloy / polymer,MakeItFrom.com,https://www.makeitfrom.com/material-properties/EN-1.4818-X6CrNiSiNCe19-10-Stainless-Steel,pattern-derived,
EN 1.4823 (GX40CrNiSi27-4) Cast Stainless Steel,engineering alloy / polymer,MakeItFrom.com,https://www.makeitfrom.com/material-properties/EN-1.4823-GX40CrNiSi27-4-Cast-Stainless-Steel,pattern-derived,
EN 1.4833 (X12CrNi23-13) Stainless Steel,engineering alloy / polymer,MakeItFrom.com,https://www.makeitfrom.com/material-properties/EN-1.4833-X12CrNi23-13-Stainless-Steel,pattern-derived,
EN 1.4835 (X9CrNiSiNCe21-11-2) Stainless Steel,engineering alloy / polymer,MakeItFrom.com,https://www.makeitfrom.com/material-properties/EN-1.4835-X9CrNiSiNCe21-11-2-Stainless-Steel,pattern-derived,
EN 1.4841 (X15CrNiSi25-21) Stainless Steel,engineering alloy / polymer,MakeItFrom.com,https://www.makeitfrom.com/material-properties/EN-1.4841-X15CrNiSi25-21-Stainless-Steel,pattern-derived,
EN 1.4854 (X6NiCrSiNCe35-25) Stainless Steel,engineering alloy / polymer,MakeItFrom.com,https://www.makeitfrom.com/material-properties/EN-1.4854-X6NiCrSiNCe35-25-Stainless-Steel,pattern-derived,
EN 1.4865 (GX40NiCrSi38-19) Cast Stainless Steel,engineering alloy / polymer,MakeItFrom.com,https://www.makeitfrom.com/material-properties/EN-1.4865-GX40NiCrSi38-19-Cast-Stainless-Steel,pattern-derived,
EN 1.4876 (X10NiCrAlTi32-21) Stainless Steel,engineering alloy / polymer,MakeItFrom.com,https://www.makeitfrom.com/material-properties/EN-1.4876-X10NiCrAlTi32-21-Stainless-Steel,pattern-derived,
EN 1.4887 (X10NiCrSiNb35-22) Stainless Steel,engineering alloy / polymer,MakeItFrom.com,https://www.makeitfrom.com/material-properties/EN-1.4887-X10NiCrSiNb35-22-Stainless-Steel,pattern-derived,
EN 1.4903 (X10CrMoVNb9-1) Stainless Steel,engineering alloy / polymer,MakeItFrom.com,https://www.makeitfrom.com/material-properties/EN-1.4903-X10CrMoVNb9-1-Stainless-Steel,pattern-derived,
EN 1.4905 (X11CrMoWVNb9-11) Stainless Steel,engineering alloy / polymer,MakeItFrom.com,https://www.makeitfrom.com/material-properties/EN-1.4905-X11CrMoWVNb9-11-Stainless-Steel,pattern-derived,
EN 1.4910 (X3CrNiMoBN17-13-3) Stainless Steel,engineering alloy / polymer,MakeItFrom.com,https://www.makeitfrom.com/material-properties/EN-1.4910-X3CrNiMoBN17-13-3-Stainless-Steel,pattern-derived,
EN 1.4911 (X8CrCoNiMo10-6) Stainless Steel,engineering alloy / polymer,MakeItFrom.com,https://www.makeitfrom.com/material-properties/EN-1.4911-X8CrCoNiMo10-6-Stainless-Steel,pattern-derived,
EN 1.4912 (X7CrNiNb18-10) Stainless Steel,engineering alloy / polymer,MakeItFrom.com,https://www.makeitfrom.com/material-properties/EN-1.4912-X7CrNiNb18-10-Stainless-Steel,pattern-derived,
EN 1.4913 (X19CrMoNbVN11-1) Stainless Steel,engineering alloy / polymer,MakeItFrom.com,https://www.makeitfrom.com/material-properties/EN-1.4913-X19CrMoNbVN11-1-Stainless-Steel,pattern-derived,
EN 1.4919 (X6CrNiMoB17-12-2) Stainless Steel,engineering alloy / polymer,MakeItFrom.com,https://www.makeitfrom.com/material-properties/EN-1.4919-X6CrNiMoB17-12-2-Stainless-Steel,pattern-derived,
EN 1.4922 (X20CrMoV11-1) Stainless Steel,engineering alloy / polymer,MakeItFrom.com,https://www.makeitfrom.com/material-properties/EN-1.4922-X20CrMoV11-1-Stainless-Steel,pattern-derived,
EN 1.4923 (X22CrMoV12-1) Stainless Steel,engineering alloy / polymer,MakeItFrom.com,https://www.makeitfrom.com/material-properties/EN-1.4923-X22CrMoV12-1-Stainless-Steel,pattern-derived,
EN 1.4935 (X20CrMoWV12-1) Stainless Steel,engineering alloy / polymer,MakeItFrom.com,https://www.makeitfrom.com/material-properties/EN-1.4935-X20CrMoWV12-1-Stainless-Steel,pattern-derived,
EN 1.4938 (X12CrNiMoV12-3) Stainless Steel,engineering alloy / polymer,MakeItFrom.com,https://www.makeitfrom.com/material-properties/EN-1.4938-X12CrNiMoV12-3-Stainless-Steel,pattern-derived,
EN 1.4945 (X6CrNiWNbN16-16) Stainless Steel,engineering alloy / polymer,MakeItFrom.com,https://www.makeitfrom.com/material-properties/EN-1.4945-X6CrNiWNbN16-16-Stainless-Steel,pattern-derived,
EN 1.4948 (X6CrNi18-10) Stainless Steel,engineering alloy / polymer,MakeItFrom.com,https://www.makeitfrom.com/material-properties/EN-1.4948-X6CrNi18-10-Stainless-Steel,pattern-derived,
EN 1.4951 (X6CrNi25-20) Stainless Steel,engineering alloy / polymer,MakeItFrom.com,https://www.makeitfrom.com/material-properties/EN-1.4951-X6CrNi25-20-Stainless-Steel,pattern-derived,
EN 1.4971 (X12CrCoNi21-20) Stainless Steel,engineering alloy / polymer,MakeItFrom.com,https://www.makeitfrom.com/material-properties/EN-1.4971-X12CrCoNi21-20-Stainless-Steel,pattern-derived,
EN 1.4981 (X8CrNiMoNb16-16) Stainless Steel,engineering alloy / polymer,MakeItFrom.com,https://www.makeitfrom.com/material-properties/EN-1.4981-X8CrNiMoNb16-16-Stainless-Steel,pattern-derived,
EN 1.4982 (X10CrNiMoMnNbVB15-10-1) Stainless Steel,engineering alloy / polymer,MakeItFrom.com,https://www.makeitfrom.com/material-properties/EN-1.4982-X10CrNiMoMnNbVB15-10-1-Stainless-Steel,pattern-derived,
EN 1.4983 (X6CrNiMoTiB17-13) Stainless Steel,engineering alloy / polymer,MakeItFrom.com,https://www.makeitfrom.com/material-properties/EN-1.4983-X6CrNiMoTiB17-13-Stainless-Steel,pattern-derived,
EN 1.5662 (X8Ni9) Nickel Steel,engineering alloy / polymer,MakeItFrom.com,https://www.makeitfrom.com/material-properties/EN-1.5662-X8Ni9-Nickel-Steel,pattern-derived,
EN 1.5682 (X10Ni9) Nickel Steel,engineering alloy / polymer,MakeItFrom.com,https://www.makeitfrom.com/material-properties/EN-1.5682-X10Ni9-Nickel-Steel,pattern-derived,
EN 1.6308 (18MnMoNi5-5) Nickel-Molybdenum Steel,engineering alloy / polymer,MakeItFrom.com,https://www.makeitfrom.com/material-properties/EN-1.6308-18MnMoNi5-5-Nickel-Molybdenum-Steel,pattern-derived,
EN 1.6554 (G25NiCrMo6) Cast Steel,engineering alloy / polymer,MakeItFrom.com,https://www.makeitfrom.com/material-properties/EN-1.6554-G25NiCrMo6-Cast-Steel,pattern-derived,
EN 1.6771 (G30NiCrMo14) Cast Steel,engineering alloy / polymer,MakeItFrom.com,https://www.makeitfrom.com/material-properties/EN-1.6771-G30NiCrMo14-Cast-Steel,pattern-derived,
EN 1.6956 (33NiCrMoV14-5) Nickel-Chromium Steel,engineering alloy / polymer,MakeItFrom.com,https://www.makeitfrom.com/material-properties/EN-1.6956-33NiCrMoV14-5-Nickel-Chromium-Steel,pattern-derived,
EN 1.7006 (46Cr2) Chromium Steel,engineering alloy / polymer,MakeItFrom.com,https://www.makeitfrom.com/material-properties/EN-1.7006-46Cr2-Chromium-Steel,pattern-derived,
EN 1.7076 (32CrB4) Chromium-Boron Steel,engineering alloy / polymer,MakeItFrom.com,https://www.makeitfrom.com/material-properties/EN-1.7076-32CrB4-Chromium-Boron-Steel,pattern-derived,
EN 1.7102 (54SiCr6) Silicon-Chromium Steel,engineering alloy / polymer,MakeItFrom.com,https://www.makeitfrom.com/material-properties/EN-1.7102-54SiCr6-Silicon-Chromium-Steel,pattern-derived,
EN 1.7117 (52SiCrNi5) Steel,engineering alloy / polymer,MakeItFrom.com,https://www.makeitfrom.com/material-properties/EN-1.7117-52SiCrNi5-Steel,pattern-derived,
EN 1.7202 (37CrMo4) Chromium-Molybdenum Steel,engineering alloy / polymer,MakeItFrom.com,https://www.makeitfrom.com/material-properties/EN-1.7202-37CrMo4-Chromium-Molybdenum-Steel,pattern-derived,
EN 1.7225 (42CrMo4) Chromium-Molybdenum Steel,engineering alloy / polymer,MakeItFrom.com,https://www.makeitfrom.com/material-properties/EN-1.7225-42CrMo4-Chromium-Molybdenum-Steel,pattern-derived,
EN 1.7710 (G15CrMoV6-9) Cast Steel,engineering alloy / polymer,MakeItFrom.com,https://www.makeitfrom.com/material-properties/EN-1.7710-G15CrMoV6-9-Cast-Steel,pattern-derived,
EN 1.8152 (54SiCrV6) Steel,engineering alloy / polymer,MakeItFrom.com,https://www.makeitfrom.com/material-properties/EN-1.8152-54SiCrV6-Steel,pattern-derived,
EN 1.8519 (31CrMoV9) Nitriding Steel,engineering alloy / polymer,MakeItFrom.com,https://www.makeitfrom.com/material-properties/EN-1.8519-31CrMoV9-Nitriding-Steel,pattern-derived,
EN 1.8527 (8CrMo16-5) Nitriding Steel,engineering alloy / polymer,MakeItFrom.com,https://www.makeitfrom.com/material-properties/EN-1.8527-8CrMo16-5-Nitriding-Steel,pattern-derived,
EN 1.8831 (P460ML2) Steel,engineering alloy / polymer,MakeItFrom.com,https://www.makeitfrom.com/material-properties/EN-1.8831-P460ML2-Steel,pattern-derived,
EN 1.8870 (P460Q) Nickel Steel,engineering alloy / polymer,MakeItFrom.com,https://www.makeitfrom.com/material-properties/EN-1.8870-P460Q-Nickel-Steel,pattern-derived,
EN 1.8896 (E355M) Steel,engineering alloy / polymer,MakeItFrom.com,https://www.makeitfrom.com/material-properties/EN-1.8896-E355M-Steel,pattern-derived,
EN 1.8903 (S460NL) Steel,engineering alloy / polymer,MakeItFrom.com,https://www.makeitfrom.com/material-properties/EN-1.8903-S460NL-Steel,pattern-derived,
Er2Mg,computed compound (DFT),Materials Project,https://next-gen.materialsproject.org/materials?formula=Er2Mg,formula-deeplink,Resolve to exact mp-id with resolve_mp_ids.py for a permanent /materials/mp-XXXX URL
Er2MgGe2,computed compound (DFT),Materials Project,https://next-gen.materialsproject.org/materials?formula=Er2MgGe2,formula-deeplink,Resolve to exact mp-id with resolve_mp_ids.py for a permanent /materials/mp-XXXX URL
Er2MgIn,computed compound (DFT),Materials Project,https://next-gen.materialsproject.org/materials?formula=Er2MgIn,formula-deeplink,Resolve to exact mp-id with resolve_mp_ids.py for a permanent /materials/mp-XXXX URL
Er2NiIr,computed compound (DFT),Materials Project,https://next-gen.materialsproject.org/materials?formula=Er2NiIr,formula-deeplink,Resolve to exact mp-id with resolve_mp_ids.py for a permanent /materials/mp-XXXX URL
Er4Ga16Co3,computed compound (DFT),Materials Project,https://next-gen.materialsproject.org/materials?formula=Er4Ga16Co3,formula-deeplink,Resolve to exact mp-id with resolve_mp_ids.py for a permanent /materials/mp-XXXX URL
ErAgHg2,computed compound (DFT),Materials Project,https://next-gen.materialsproject.org/materials?formula=ErAgHg2,formula-deeplink,Resolve to exact mp-id with resolve_mp_ids.py for a permanent /materials/mp-XXXX URL
ErGaRh2,computed compound (DFT),Materials Project,https://next-gen.materialsproject.org/materials?formula=ErGaRh2,formula-deeplink,Resolve to exact mp-id with resolve_mp_ids.py for a permanent /materials/mp-XXXX URL
ErMg3,computed compound (DFT),Materials Project,https://next-gen.materialsproject.org/materials?formula=ErMg3,formula-deeplink,Resolve to exact mp-id with resolve_mp_ids.py for a permanent /materials/mp-XXXX URL
ErPaTc2,computed compound (DFT),Materials Project,https://next-gen.materialsproject.org/materials?formula=ErPaTc2,formula-deeplink,Resolve to exact mp-id with resolve_mp_ids.py for a permanent /materials/mp-XXXX URL
ErRh2Pb,computed compound (DFT),Materials Project,https://next-gen.materialsproject.org/materials?formula=ErRh2Pb,formula-deeplink,Resolve to exact mp-id with resolve_mp_ids.py for a permanent /materials/mp-XXXX URL
ErSnRh2,computed compound (DFT),Materials Project,https://next-gen.materialsproject.org/materials?formula=ErSnRh2,formula-deeplink,Resolve to exact mp-id with resolve_mp_ids.py for a permanent /materials/mp-XXXX URL
Eu,computed compound (DFT),Materials Project,https://next-gen.materialsproject.org/materials?formula=Eu,formula-deeplink,Resolve to exact mp-id with resolve_mp_ids.py for a permanent /materials/mp-XXXX URL
Eu2TiO4,computed compound (DFT),Materials Project,https://next-gen.materialsproject.org/materials?formula=Eu2TiO4,formula-deeplink,Resolve to exact mp-id with resolve_mp_ids.py for a permanent /materials/mp-XXXX URL
EuAgAu2,computed compound (DFT),Materials Project,https://next-gen.materialsproject.org/materials?formula=EuAgAu2,formula-deeplink,Resolve to exact mp-id with resolve_mp_ids.py for a permanent /materials/mp-XXXX URL
EuAl3Cu2,computed compound (DFT),Materials Project,https://next-gen.materialsproject.org/materials?formula=EuAl3Cu2,formula-deeplink,Resolve to exact mp-id with resolve_mp_ids.py for a permanent /materials/mp-XXXX URL
Fe,computed compound (DFT),Materials Project,https://next-gen.materialsproject.org/materials?formula=Fe,formula-deeplink,Resolve to exact mp-id with resolve_mp_ids.py for a permanent /materials/mp-XXXX URL
Ga,computed compound (DFT),Materials Project,https://next-gen.materialsproject.org/materials?formula=Ga,formula-deeplink,Resolve to exact mp-id with resolve_mp_ids.py for a permanent /materials/mp-XXXX URL
Gd2C(NO)2,computed compound (DFT),Materials Project,https://next-gen.materialsproject.org/materials?formula=Gd2C%28NO%292,formula-deeplink,Resolve to exact mp-id with resolve_mp_ids.py for a permanent /materials/mp-XXXX URL
Gd2ReC2,computed compound (DFT),Materials Project,https://next-gen.materialsproject.org/materials?formula=Gd2ReC2,formula-deeplink,Resolve to exact mp-id with resolve_mp_ids.py for a permanent /materials/mp-XXXX URL
Ge,computed compound (DFT),Materials Project,https://next-gen.materialsproject.org/materials?formula=Ge,formula-deeplink,Resolve to exact mp-id with resolve_mp_ids.py for a permanent /materials/mp-XXXX URL
Glycol Modified Polyethylene Terephthalate PETG PET G,engineering alloy / polymer,MakeItFrom.com,https://www.makeitfrom.com/material-properties/Glycol-Modified-Polyethylene-Terephthalate-PETG-PET-G,pattern-derived,
"Glycol-Modified Polyethylene Terephthalate (PETG, PET-G)",engineering alloy / polymer,MakeItFrom.com,https://www.makeitfrom.com/material-properties/Glycol-Modified-Polyethylene-Terephthalate-PETG-PET-G,pattern-derived,
Grade FDCrV Spring Steel,engineering alloy / polymer,MakeItFrom.com,https://www.makeitfrom.com/material-properties/Grade-FDCrV-Spring-Steel,pattern-derived,
H,computed compound (DFT),Materials Project,https://next-gen.materialsproject.org/materials?formula=H,formula-deeplink,Resolve to exact mp-id with resolve_mp_ids.py for a permanent /materials/mp-XXXX URL
H1075 Hardened CB7Cu-1 Cast Stainless Steel,engineering alloy / polymer,MakeItFrom.com,https://www.makeitfrom.com/material-properties/H1075-Hardened-CB7Cu-1-Cast-Stainless-Steel,pattern-derived,
H900 Hardened CB7Cu-1 Cast Stainless Steel,engineering alloy / polymer,MakeItFrom.com,https://www.makeitfrom.com/material-properties/H900-Hardened-CB7Cu-1-Cast-Stainless-Steel,pattern-derived,
H925 Hardened CB7Cu-1 Cast Stainless Steel,engineering alloy / polymer,MakeItFrom.com,https://www.makeitfrom.com/material-properties/H925-Hardened-CB7Cu-1-Cast-Stainless-Steel,pattern-derived,
Hf(VGa2)2,computed compound (DFT),Materials Project,https://next-gen.materialsproject.org/materials?formula=Hf%28VGa2%292,formula-deeplink,Resolve to exact mp-id with resolve_mp_ids.py for a permanent /materials/mp-XXXX URL
Hf2CoIr,computed compound (DFT),Materials Project,https://next-gen.materialsproject.org/materials?formula=Hf2CoIr,formula-deeplink,Resolve to exact mp-id with resolve_mp_ids.py for a permanent /materials/mp-XXXX URL
Hf2CoRe,computed compound (DFT),Materials Project,https://next-gen.materialsproject.org/materials?formula=Hf2CoRe,formula-deeplink,Resolve to exact mp-id with resolve_mp_ids.py for a permanent /materials/mp-XXXX URL
Hf2MnIr,computed compound (DFT),Materials Project,https://next-gen.materialsproject.org/materials?formula=Hf2MnIr,formula-deeplink,Resolve to exact mp-id with resolve_mp_ids.py for a permanent /materials/mp-XXXX URL
Hf2MoIr,computed compound (DFT),Materials Project,https://next-gen.materialsproject.org/materials?formula=Hf2MoIr,formula-deeplink,Resolve to exact mp-id with resolve_mp_ids.py for a permanent /materials/mp-XXXX URL
Hf2MoRh,computed compound (DFT),Materials Project,https://next-gen.materialsproject.org/materials?formula=Hf2MoRh,formula-deeplink,Resolve to exact mp-id with resolve_mp_ids.py for a permanent /materials/mp-XXXX URL
Hf2N,computed compound (DFT),Materials Project,https://next-gen.materialsproject.org/materials?formula=Hf2N,formula-deeplink,Resolve to exact mp-id with resolve_mp_ids.py for a permanent /materials/mp-XXXX URL
Hf2OsRh,computed compound (DFT),Materials Project,https://next-gen.materialsproject.org/materials?formula=Hf2OsRh,formula-deeplink,Resolve to exact mp-id with resolve_mp_ids.py for a permanent /materials/mp-XXXX URL
HfAlRh2,computed compound (DFT),Materials Project,https://next-gen.materialsproject.org/materials?formula=HfAlRh2,formula-deeplink,Resolve to exact mp-id with resolve_mp_ids.py for a permanent /materials/mp-XXXX URL
HfAlRu2,computed compound (DFT),Materials Project,https://next-gen.materialsproject.org/materials?formula=HfAlRu2,formula-deeplink,Resolve to exact mp-id with resolve_mp_ids.py for a permanent /materials/mp-XXXX URL
HfGa5Co,computed compound (DFT),Materials Project,https://next-gen.materialsproject.org/materials?formula=HfGa5Co,formula-deeplink,Resolve to exact mp-id with resolve_mp_ids.py for a permanent /materials/mp-XXXX URL
HfGa5Ni,computed compound (DFT),Materials Project,https://next-gen.materialsproject.org/materials?formula=HfGa5Ni,formula-deeplink,Resolve to exact mp-id with resolve_mp_ids.py for a permanent /materials/mp-XXXX URL
HfGaRu2,computed compound (DFT),Materials Project,https://next-gen.materialsproject.org/materials?formula=HfGaRu2,formula-deeplink,Resolve to exact mp-id with resolve_mp_ids.py for a permanent /materials/mp-XXXX URL
HfInCo2,computed compound (DFT),Materials Project,https://next-gen.materialsproject.org/materials?formula=HfInCo2,formula-deeplink,Resolve to exact mp-id with resolve_mp_ids.py for a permanent /materials/mp-XXXX URL
HfInPd2,computed compound (DFT),Materials Project,https://next-gen.materialsproject.org/materials?formula=HfInPd2,formula-deeplink,Resolve to exact mp-id with resolve_mp_ids.py for a permanent /materials/mp-XXXX URL
HfMg14Al,computed compound (DFT),Materials Project,https://next-gen.materialsproject.org/materials?formula=HfMg14Al,formula-deeplink,Resolve to exact mp-id with resolve_mp_ids.py for a permanent /materials/mp-XXXX URL
HfMg14Nb,computed compound (DFT),Materials Project,https://next-gen.materialsproject.org/materials?formula=HfMg14Nb,formula-deeplink,Resolve to exact mp-id with resolve_mp_ids.py for a permanent /materials/mp-XXXX URL
HfMg6VO8,computed compound (DFT),Materials Project,https://next-gen.materialsproject.org/materials?formula=HfMg6VO8,formula-deeplink,Resolve to exact mp-id with resolve_mp_ids.py for a permanent /materials/mp-XXXX URL
HfMgN2,computed compound (DFT),Materials Project,https://next-gen.materialsproject.org/materials?formula=HfMgN2,formula-deeplink,Resolve to exact mp-id with resolve_mp_ids.py for a permanent /materials/mp-XXXX URL
HfScCo2,computed compound (DFT),Materials Project,https://next-gen.materialsproject.org/materials?formula=HfScCo2,formula-deeplink,Resolve to exact mp-id with resolve_mp_ids.py for a permanent /materials/mp-XXXX URL
HfScOs2,computed compound (DFT),Materials Project,https://next-gen.materialsproject.org/materials?formula=HfScOs2,formula-deeplink,Resolve to exact mp-id with resolve_mp_ids.py for a permanent /materials/mp-XXXX URL
HfTaRe2,computed compound (DFT),Materials Project,https://next-gen.materialsproject.org/materials?formula=HfTaRe2,formula-deeplink,Resolve to exact mp-id with resolve_mp_ids.py for a permanent /materials/mp-XXXX URL
HfTc2Sb,computed compound (DFT),Materials Project,https://next-gen.materialsproject.org/materials?formula=HfTc2Sb,formula-deeplink,Resolve to exact mp-id with resolve_mp_ids.py for a permanent /materials/mp-XXXX URL
HgPd3,computed compound (DFT),Materials Project,https://next-gen.materialsproject.org/materials?formula=HgPd3,formula-deeplink,Resolve to exact mp-id with resolve_mp_ids.py for a permanent /materials/mp-XXXX URL
HgTe,computed compound (DFT),Materials Project,https://next-gen.materialsproject.org/materials?formula=HgTe,formula-deeplink,Resolve to exact mp-id with resolve_mp_ids.py for a permanent /materials/mp-XXXX URL
Ho(TiGa2)2,computed compound (DFT),Materials Project,https://next-gen.materialsproject.org/materials?formula=Ho%28TiGa2%292,formula-deeplink,Resolve to exact mp-id with resolve_mp_ids.py for a permanent /materials/mp-XXXX URL
Ho2AlZn,computed compound (DFT),Materials Project,https://next-gen.materialsproject.org/materials?formula=Ho2AlZn,formula-deeplink,Resolve to exact mp-id with resolve_mp_ids.py for a permanent /materials/mp-XXXX URL
Ho2B4C,computed compound (DFT),Materials Project,https://next-gen.materialsproject.org/materials?formula=Ho2B4C,formula-deeplink,Resolve to exact mp-id with resolve_mp_ids.py for a permanent /materials/mp-XXXX URL
Ho2CoOs,computed compound (DFT),Materials Project,https://next-gen.materialsproject.org/materials?formula=Ho2CoOs,formula-deeplink,Resolve to exact mp-id with resolve_mp_ids.py for a permanent /materials/mp-XXXX URL
Ho2Mg,computed compound (DFT),Materials Project,https://next-gen.materialsproject.org/materials?formula=Ho2Mg,formula-deeplink,Resolve to exact mp-id with resolve_mp_ids.py for a permanent /materials/mp-XXXX URL
Ho2MgGe2,computed compound (DFT),Materials Project,https://next-gen.materialsproject.org/materials?formula=Ho2MgGe2,formula-deeplink,Resolve to exact mp-id with resolve_mp_ids.py for a permanent /materials/mp-XXXX URL
Ho2OsAu,computed compound (DFT),Materials Project,https://next-gen.materialsproject.org/materials?formula=Ho2OsAu,formula-deeplink,Resolve to exact mp-id with resolve_mp_ids.py for a permanent /materials/mp-XXXX URL
Ho2OsPd,computed compound (DFT),Materials Project,https://next-gen.materialsproject.org/materials?formula=Ho2OsPd,formula-deeplink,Resolve to exact mp-id with resolve_mp_ids.py for a permanent /materials/mp-XXXX URL
Ho3In,computed compound (DFT),Materials Project,https://next-gen.materialsproject.org/materials?formula=Ho3In,formula-deeplink,Resolve to exact mp-id with resolve_mp_ids.py for a permanent /materials/mp-XXXX URL
Ho4Ni13C4,computed compound (DFT),Materials Project,https://next-gen.materialsproject.org/materials?formula=Ho4Ni13C4,formula-deeplink,Resolve to exact mp-id with resolve_mp_ids.py for a permanent /materials/mp-XXXX URL
HoAs,computed compound (DFT),Materials Project,https://next-gen.materialsproject.org/materials?formula=HoAs,formula-deeplink,Resolve to exact mp-id with resolve_mp_ids.py for a permanent /materials/mp-XXXX URL
HoCdPt2,computed compound (DFT),Materials Project,https://next-gen.materialsproject.org/materials?formula=HoCdPt2,formula-deeplink,Resolve to exact mp-id with resolve_mp_ids.py for a permanent /materials/mp-XXXX URL
HoCl2,computed compound (DFT),Materials Project,https://next-gen.materialsproject.org/materials?formula=HoCl2,formula-deeplink,Resolve to exact mp-id with resolve_mp_ids.py for a permanent /materials/mp-XXXX URL
HoCu4Pd,computed compound (DFT),Materials Project,https://next-gen.materialsproject.org/materials?formula=HoCu4Pd,formula-deeplink,Resolve to exact mp-id with resolve_mp_ids.py for a permanent /materials/mp-XXXX URL
HoI3,computed compound (DFT),Materials Project,https://next-gen.materialsproject.org/materials?formula=HoI3,formula-deeplink,Resolve to exact mp-id with resolve_mp_ids.py for a permanent /materials/mp-XXXX URL
HoMgAu2,computed compound (DFT),Materials Project,https://next-gen.materialsproject.org/materials?formula=HoMgAu2,formula-deeplink,Resolve to exact mp-id with resolve_mp_ids.py for a permanent /materials/mp-XXXX URL
HoMgRh2,computed compound (DFT),Materials Project,https://next-gen.materialsproject.org/materials?formula=HoMgRh2,formula-deeplink,Resolve to exact mp-id with resolve_mp_ids.py for a permanent /materials/mp-XXXX URL
HoSbRh2,computed compound (DFT),Materials Project,https://next-gen.materialsproject.org/materials?formula=HoSbRh2,formula-deeplink,Resolve to exact mp-id with resolve_mp_ids.py for a permanent /materials/mp-XXXX URL
HoSnRh2,computed compound (DFT),Materials Project,https://next-gen.materialsproject.org/materials?formula=HoSnRh2,formula-deeplink,Resolve to exact mp-id with resolve_mp_ids.py for a permanent /materials/mp-XXXX URL
InC6(NCl3)2,computed compound (DFT),Materials Project,https://next-gen.materialsproject.org/materials?formula=InC6%28NCl3%292,formula-deeplink,Resolve to exact mp-id with resolve_mp_ids.py for a permanent /materials/mp-XXXX URL
InH4NCl4,computed compound (DFT),Materials Project,https://next-gen.materialsproject.org/materials?formula=InH4NCl4,formula-deeplink,Resolve to exact mp-id with resolve_mp_ids.py for a permanent /materials/mp-XXXX URL
InPPd5,computed compound (DFT),Materials Project,https://next-gen.materialsproject.org/materials?formula=InPPd5,formula-deeplink,Resolve to exact mp-id with resolve_mp_ids.py for a permanent /materials/mp-XXXX URL
InPd2Au,computed compound (DFT),Materials Project,https://next-gen.materialsproject.org/materials?formula=InPd2Au,formula-deeplink,Resolve to exact mp-id with resolve_mp_ids.py for a permanent /materials/mp-XXXX URL
Ir,computed compound (DFT),Materials Project,https://next-gen.materialsproject.org/materials?formula=Ir,formula-deeplink,Resolve to exact mp-id with resolve_mp_ids.py for a permanent /materials/mp-XXXX URL
Ir3Rh,computed compound (DFT),Materials Project,https://next-gen.materialsproject.org/materials?formula=Ir3Rh,formula-deeplink,Resolve to exact mp-id with resolve_mp_ids.py for a permanent /materials/mp-XXXX URL
K2NpO4,computed compound (DFT),Materials Project,https://next-gen.materialsproject.org/materials?formula=K2NpO4,formula-deeplink,Resolve to exact mp-id with resolve_mp_ids.py for a permanent /materials/mp-XXXX URL
K2Pu2O5,computed compound (DFT),Materials Project,https://next-gen.materialsproject.org/materials?formula=K2Pu2O5,formula-deeplink,Resolve to exact mp-id with resolve_mp_ids.py for a permanent /materials/mp-XXXX URL
K2PuO4,computed compound (DFT),Materials Project,https://next-gen.materialsproject.org/materials?formula=K2PuO4,formula-deeplink,Resolve to exact mp-id with resolve_mp_ids.py for a permanent /materials/mp-XXXX URL
K2ZnH4(I2O7)2,computed compound (DFT),Materials Project,https://next-gen.materialsproject.org/materials?formula=K2ZnH4%28I2O7%292,formula-deeplink,Resolve to exact mp-id with resolve_mp_ids.py for a permanent /materials/mp-XXXX URL
KAcTe2,computed compound (DFT),Materials Project,https://next-gen.materialsproject.org/materials?formula=KAcTe2,formula-deeplink,Resolve to exact mp-id with resolve_mp_ids.py for a permanent /materials/mp-XXXX URL
KCaMg14,computed compound (DFT),Materials Project,https://next-gen.materialsproject.org/materials?formula=KCaMg14,formula-deeplink,Resolve to exact mp-id with resolve_mp_ids.py for a permanent /materials/mp-XXXX URL
KHfNbBiO6,computed compound (DFT),Materials Project,https://next-gen.materialsproject.org/materials?formula=KHfNbBiO6,formula-deeplink,Resolve to exact mp-id with resolve_mp_ids.py for a permanent /materials/mp-XXXX URL
KLiMg6O7,computed compound (DFT),Materials Project,https://next-gen.materialsproject.org/materials?formula=KLiMg6O7,formula-deeplink,Resolve to exact mp-id with resolve_mp_ids.py for a permanent /materials/mp-XXXX URL
KMg14Al,computed compound (DFT),Materials Project,https://next-gen.materialsproject.org/materials?formula=KMg14Al,formula-deeplink,Resolve to exact mp-id with resolve_mp_ids.py for a permanent /materials/mp-XXXX URL
KMg6BO8,computed compound (DFT),Materials Project,https://next-gen.materialsproject.org/materials?formula=KMg6BO8,formula-deeplink,Resolve to exact mp-id with resolve_mp_ids.py for a permanent /materials/mp-XXXX URL
KMg6CrO8,computed compound (DFT),Materials Project,https://next-gen.materialsproject.org/materials?formula=KMg6CrO8,formula-deeplink,Resolve to exact mp-id with resolve_mp_ids.py for a permanent /materials/mp-XXXX URL
KMg6GaO8,computed compound (DFT),Materials Project,https://next-gen.materialsproject.org/materials?formula=KMg6GaO8,formula-deeplink,Resolve to exact mp-id with resolve_mp_ids.py for a permanent /materials/mp-XXXX URL
KMg6WO8,computed compound (DFT),Materials Project,https://next-gen.materialsproject.org/materials?formula=KMg6WO8,formula-deeplink,Resolve to exact mp-id with resolve_mp_ids.py for a permanent /materials/mp-XXXX URL
KMnBiWO6,computed compound (DFT),Materials Project,https://next-gen.materialsproject.org/materials?formula=KMnBiWO6,formula-deeplink,Resolve to exact mp-id with resolve_mp_ids.py for a permanent /materials/mp-XXXX URL
KNa2Bi,computed compound (DFT),Materials Project,https://next-gen.materialsproject.org/materials?formula=KNa2Bi,formula-deeplink,Resolve to exact mp-id with resolve_mp_ids.py for a permanent /materials/mp-XXXX URL
KNaMg6O7,computed compound (DFT),Materials Project,https://next-gen.materialsproject.org/materials?formula=KNaMg6O7,formula-deeplink,Resolve to exact mp-id with resolve_mp_ids.py for a permanent /materials/mp-XXXX URL
KNb2InO6,computed compound (DFT),Materials Project,https://next-gen.materialsproject.org/materials?formula=KNb2InO6,formula-deeplink,Resolve to exact mp-id with resolve_mp_ids.py for a permanent /materials/mp-XXXX URL
KNdHf2O6,computed compound (DFT),Materials Project,https://next-gen.materialsproject.org/materials?formula=KNdHf2O6,formula-deeplink,Resolve to exact mp-id with resolve_mp_ids.py for a permanent /materials/mp-XXXX URL
KNdInSbO6,computed compound (DFT),Materials Project,https://next-gen.materialsproject.org/materials?formula=KNdInSbO6,formula-deeplink,Resolve to exact mp-id with resolve_mp_ids.py for a permanent /materials/mp-XXXX URL
KPrHf2O6,computed compound (DFT),Materials Project,https://next-gen.materialsproject.org/materials?formula=KPrHf2O6,formula-deeplink,Resolve to exact mp-id with resolve_mp_ids.py for a permanent /materials/mp-XXXX URL
KPrHf4O12,computed compound (DFT),Materials Project,https://next-gen.materialsproject.org/materials?formula=KPrHf4O12,formula-deeplink,Resolve to exact mp-id with resolve_mp_ids.py for a permanent /materials/mp-XXXX URL
KPuO3,computed compound (DFT),Materials Project,https://next-gen.materialsproject.org/materials?formula=KPuO3,formula-deeplink,Resolve to exact mp-id with resolve_mp_ids.py for a permanent /materials/mp-XXXX URL
KRbMg6O7,computed compound (DFT),Materials Project,https://next-gen.materialsproject.org/materials?formula=KRbMg6O7,formula-deeplink,Resolve to exact mp-id with resolve_mp_ids.py for a permanent /materials/mp-XXXX URL
KSi2N3,computed compound (DFT),Materials Project,https://next-gen.materialsproject.org/materials?formula=KSi2N3,formula-deeplink,Resolve to exact mp-id with resolve_mp_ids.py for a permanent /materials/mp-XXXX URL
KSm(NiO3)4,computed compound (DFT),Materials Project,https://next-gen.materialsproject.org/materials?formula=KSm%28NiO3%294,formula-deeplink,Resolve to exact mp-id with resolve_mp_ids.py for a permanent /materials/mp-XXXX URL
KSrCeSbO6,computed compound (DFT),Materials Project,https://next-gen.materialsproject.org/materials?formula=KSrCeSbO6,formula-deeplink,Resolve to exact mp-id with resolve_mp_ids.py for a permanent /materials/mp-XXXX URL
KSrTbSbO6,computed compound (DFT),Materials Project,https://next-gen.materialsproject.org/materials?formula=KSrTbSbO6,formula-deeplink,Resolve to exact mp-id with resolve_mp_ids.py for a permanent /materials/mp-XXXX URL
KTl,computed compound (DFT),Materials Project,https://next-gen.materialsproject.org/materials?formula=KTl,formula-deeplink,Resolve to exact mp-id with resolve_mp_ids.py for a permanent /materials/mp-XXXX URL
Kr,computed compound (DFT),Materials Project,https://next-gen.materialsproject.org/materials?formula=Kr,formula-deeplink,Resolve to exact mp-id with resolve_mp_ids.py for a permanent /materials/mp-XXXX URL
La,computed compound (DFT),Materials Project,https://next-gen.materialsproject.org/materials?formula=La,formula-deeplink,Resolve to exact mp-id with resolve_mp_ids.py for a permanent /materials/mp-XXXX URL
LaCeMg14,computed compound (DFT),Materials Project,https://next-gen.materialsproject.org/materials?formula=LaCeMg14,formula-deeplink,Resolve to exact mp-id with resolve_mp_ids.py for a permanent /materials/mp-XXXX URL
LaCuPb,computed compound (DFT),Materials Project,https://next-gen.materialsproject.org/materials?formula=LaCuPb,formula-deeplink,Resolve to exact mp-id with resolve_mp_ids.py for a permanent /materials/mp-XXXX URL
Li,computed compound (DFT),Materials Project,https://next-gen.materialsproject.org/materials?formula=Li,formula-deeplink,Resolve to exact mp-id with resolve_mp_ids.py for a permanent /materials/mp-XXXX URL
Li2GeN2,computed compound (DFT),Materials Project,https://next-gen.materialsproject.org/materials?formula=Li2GeN2,formula-deeplink,Resolve to exact mp-id with resolve_mp_ids.py for a permanent /materials/mp-XXXX URL
Li4Ti3Fe3(SbO8)2,computed compound (DFT),Materials Project,https://next-gen.materialsproject.org/materials?formula=Li4Ti3Fe3%28SbO8%292,formula-deeplink,Resolve to exact mp-id with resolve_mp_ids.py for a permanent /materials/mp-XXXX URL
LiAc2Ir,computed compound (DFT),Materials Project,https://next-gen.materialsproject.org/materials?formula=LiAc2Ir,formula-deeplink,Resolve to exact mp-id with resolve_mp_ids.py for a permanent /materials/mp-XXXX URL
LiAc2Ru,computed compound (DFT),Materials Project,https://next-gen.materialsproject.org/materials?formula=LiAc2Ru,formula-deeplink,Resolve to exact mp-id with resolve_mp_ids.py for a permanent /materials/mp-XXXX URL
LiCaMg14,computed compound (DFT),Materials Project,https://next-gen.materialsproject.org/materials?formula=LiCaMg14,formula-deeplink,Resolve to exact mp-id with resolve_mp_ids.py for a permanent /materials/mp-XXXX URL
LiCrN2,computed compound (DFT),Materials Project,https://next-gen.materialsproject.org/materials?formula=LiCrN2,formula-deeplink,Resolve to exact mp-id with resolve_mp_ids.py for a permanent /materials/mp-XXXX URL
LiHf2Os,computed compound (DFT),Materials Project,https://next-gen.materialsproject.org/materials?formula=LiHf2Os,formula-deeplink,Resolve to exact mp-id with resolve_mp_ids.py for a permanent /materials/mp-XXXX URL
LiIn3,computed compound (DFT),Materials Project,https://next-gen.materialsproject.org/materials?formula=LiIn3,formula-deeplink,Resolve to exact mp-id with resolve_mp_ids.py for a permanent /materials/mp-XXXX URL
LiMg14B,computed compound (DFT),Materials Project,https://next-gen.materialsproject.org/materials?formula=LiMg14B,formula-deeplink,Resolve to exact mp-id with resolve_mp_ids.py for a permanent /materials/mp-XXXX URL
LiMg14Co,computed compound (DFT),Materials Project,https://next-gen.materialsproject.org/materials?formula=LiMg14Co,formula-deeplink,Resolve to exact mp-id with resolve_mp_ids.py for a permanent /materials/mp-XXXX URL
LiMg6BiO8,computed compound (DFT),Materials Project,https://next-gen.materialsproject.org/materials?formula=LiMg6BiO8,formula-deeplink,Resolve to exact mp-id with resolve_mp_ids.py for a permanent /materials/mp-XXXX URL
LiMg6CrO8,computed compound (DFT),Materials Project,https://next-gen.materialsproject.org/materials?formula=LiMg6CrO8,formula-deeplink,Resolve to exact mp-id with resolve_mp_ids.py for a permanent /materials/mp-XXXX URL
LiMg6SbO8,computed compound (DFT),Materials Project,https://next-gen.materialsproject.org/materials?formula=LiMg6SbO8,formula-deeplink,Resolve to exact mp-id with resolve_mp_ids.py for a permanent /materials/mp-XXXX URL
LiMg6WO8,computed compound (DFT),Materials Project,https://next-gen.materialsproject.org/materials?formula=LiMg6WO8,formula-deeplink,Resolve to exact mp-id with resolve_mp_ids.py for a permanent /materials/mp-XXXX URL
LiSc2Os,computed compound (DFT),Materials Project,https://next-gen.materialsproject.org/materials?formula=LiSc2Os,formula-deeplink,Resolve to exact mp-id with resolve_mp_ids.py for a permanent /materials/mp-XXXX URL
LiScAu2,computed compound (DFT),Materials Project,https://next-gen.materialsproject.org/materials?formula=LiScAu2,formula-deeplink,Resolve to exact mp-id with resolve_mp_ids.py for a permanent /materials/mp-XXXX URL
LiScTl2,computed compound (DFT),Materials Project,https://next-gen.materialsproject.org/materials?formula=LiScTl2,formula-deeplink,Resolve to exact mp-id with resolve_mp_ids.py for a permanent /materials/mp-XXXX URL
LiSiBiO4,computed compound (DFT),Materials Project,https://next-gen.materialsproject.org/materials?formula=LiSiBiO4,formula-deeplink,Resolve to exact mp-id with resolve_mp_ids.py for a permanent /materials/mp-XXXX URL
LiSiPd2,computed compound (DFT),Materials Project,https://next-gen.materialsproject.org/materials?formula=LiSiPd2,formula-deeplink,Resolve to exact mp-id with resolve_mp_ids.py for a permanent /materials/mp-XXXX URL
LiSmTl2,computed compound (DFT),Materials Project,https://next-gen.materialsproject.org/materials?formula=LiSmTl2,formula-deeplink,Resolve to exact mp-id with resolve_mp_ids.py for a permanent /materials/mp-XXXX URL
LiTbAu2,computed compound (DFT),Materials Project,https://next-gen.materialsproject.org/materials?formula=LiTbAu2,formula-deeplink,Resolve to exact mp-id with resolve_mp_ids.py for a permanent /materials/mp-XXXX URL
LiTi2N3,computed compound (DFT),Materials Project,https://next-gen.materialsproject.org/materials?formula=LiTi2N3,formula-deeplink,Resolve to exact mp-id with resolve_mp_ids.py for a permanent /materials/mp-XXXX URL
LiTiRh2,computed compound (DFT),Materials Project,https://next-gen.materialsproject.org/materials?formula=LiTiRh2,formula-deeplink,Resolve to exact mp-id with resolve_mp_ids.py for a permanent /materials/mp-XXXX URL
LiV2CrO6,computed compound (DFT),Materials Project,https://next-gen.materialsproject.org/materials?formula=LiV2CrO6,formula-deeplink,Resolve to exact mp-id with resolve_mp_ids.py for a permanent /materials/mp-XXXX URL
LiY2Rh,computed compound (DFT),Materials Project,https://next-gen.materialsproject.org/materials?formula=LiY2Rh,formula-deeplink,Resolve to exact mp-id with resolve_mp_ids.py for a permanent /materials/mp-XXXX URL
LiY2Ru,computed compound (DFT),Materials Project,https://next-gen.materialsproject.org/materials?formula=LiY2Ru,formula-deeplink,Resolve to exact mp-id with resolve_mp_ids.py for a permanent /materials/mp-XXXX URL
Lu2Cr2C3,computed compound (DFT),Materials Project,https://next-gen.materialsproject.org/materials?formula=Lu2Cr2C3,formula-deeplink,Resolve to exact mp-id with resolve_mp_ids.py for a permanent /materials/mp-XXXX URL
Lu2MgGe2,computed compound (DFT),Materials Project,https://next-gen.materialsproject.org/materials?formula=Lu2MgGe2,formula-deeplink,Resolve to exact mp-id with resolve_mp_ids.py for a permanent /materials/mp-XXXX URL
Lu2MgIn,computed compound (DFT),Materials Project,https://next-gen.materialsproject.org/materials?formula=Lu2MgIn,formula-deeplink,Resolve to exact mp-id with resolve_mp_ids.py for a permanent /materials/mp-XXXX URL
Lu2MgZrO6,computed compound (DFT),Materials Project,https://next-gen.materialsproject.org/materials?formula=Lu2MgZrO6,formula-deeplink,Resolve to exact mp-id with resolve_mp_ids.py for a permanent /materials/mp-XXXX URL
Lu2TiZnO6,computed compound (DFT),Materials Project,https://next-gen.materialsproject.org/materials?formula=Lu2TiZnO6,formula-deeplink,Resolve to exact mp-id with resolve_mp_ids.py for a permanent /materials/mp-XXXX URL
Lu4Ni13C4,computed compound (DFT),Materials Project,https://next-gen.materialsproject.org/materials?formula=Lu4Ni13C4,formula-deeplink,Resolve to exact mp-id with resolve_mp_ids.py for a permanent /materials/mp-XXXX URL
LuCd,computed compound (DFT),Materials Project,https://next-gen.materialsproject.org/materials?formula=LuCd,formula-deeplink,Resolve to exact mp-id with resolve_mp_ids.py for a permanent /materials/mp-XXXX URL
LuGa5Co,computed compound (DFT),Materials Project,https://next-gen.materialsproject.org/materials?formula=LuGa5Co,formula-deeplink,Resolve to exact mp-id with resolve_mp_ids.py for a permanent /materials/mp-XXXX URL
LuMgRh2,computed compound (DFT),Materials Project,https://next-gen.materialsproject.org/materials?formula=LuMgRh2,formula-deeplink,Resolve to exact mp-id with resolve_mp_ids.py for a permanent /materials/mp-XXXX URL
Mg,computed compound (DFT),Materials Project,https://next-gen.materialsproject.org/materials?formula=Mg,formula-deeplink,Resolve to exact mp-id with resolve_mp_ids.py for a permanent /materials/mp-XXXX URL
Mg14AlBi,computed compound (DFT),Materials Project,https://next-gen.materialsproject.org/materials?formula=Mg14AlBi,formula-deeplink,Resolve to exact mp-id with resolve_mp_ids.py for a permanent /materials/mp-XXXX URL
Mg14AlC,computed compound (DFT),Materials Project,https://next-gen.materialsproject.org/materials?formula=Mg14AlC,formula-deeplink,Resolve to exact mp-id with resolve_mp_ids.py for a permanent /materials/mp-XXXX URL
Mg14AlSb,computed compound (DFT),Materials Project,https://next-gen.materialsproject.org/materials?formula=Mg14AlSb,formula-deeplink,Resolve to exact mp-id with resolve_mp_ids.py for a permanent /materials/mp-XXXX URL
Mg14AlSn,computed compound (DFT),Materials Project,https://next-gen.materialsproject.org/materials?formula=Mg14AlSn,formula-deeplink,Resolve to exact mp-id with resolve_mp_ids.py for a permanent /materials/mp-XXXX URL
Mg14AlZn,computed compound (DFT),Materials Project,https://next-gen.materialsproject.org/materials?formula=Mg14AlZn,formula-deeplink,Resolve to exact mp-id with resolve_mp_ids.py for a permanent /materials/mp-XXXX URL
Mg14CdFe,computed compound (DFT),Materials Project,https://next-gen.materialsproject.org/materials?formula=Mg14CdFe,formula-deeplink,Resolve to exact mp-id with resolve_mp_ids.py for a permanent /materials/mp-XXXX URL
Mg14CdSn,computed compound (DFT),Materials Project,https://next-gen.materialsproject.org/materials?formula=Mg14CdSn,formula-deeplink,Resolve to exact mp-id with resolve_mp_ids.py for a permanent /materials/mp-XXXX URL
Mg14CrB,computed compound (DFT),Materials Project,https://next-gen.materialsproject.org/materials?formula=Mg14CrB,formula-deeplink,Resolve to exact mp-id with resolve_mp_ids.py for a permanent /materials/mp-XXXX URL
Mg14CrCd,computed compound (DFT),Materials Project,https://next-gen.materialsproject.org/materials?formula=Mg14CrCd,formula-deeplink,Resolve to exact mp-id with resolve_mp_ids.py for a permanent /materials/mp-XXXX URL
Mg14CrFe,computed compound (DFT),Materials Project,https://next-gen.materialsproject.org/materials?formula=Mg14CrFe,formula-deeplink,Resolve to exact mp-id with resolve_mp_ids.py for a permanent /materials/mp-XXXX URL
Mg14CrGa,computed compound (DFT),Materials Project,https://next-gen.materialsproject.org/materials?formula=Mg14CrGa,formula-deeplink,Resolve to exact mp-id with resolve_mp_ids.py for a permanent /materials/mp-XXXX URL
Mg14CrMo,computed compound (DFT),Materials Project,https://next-gen.materialsproject.org/materials?formula=Mg14CrMo,formula-deeplink,Resolve to exact mp-id with resolve_mp_ids.py for a permanent /materials/mp-XXXX URL
Mg14CrW,computed compound (DFT),Materials Project,https://next-gen.materialsproject.org/materials?formula=Mg14CrW,formula-deeplink,Resolve to exact mp-id with resolve_mp_ids.py for a permanent /materials/mp-XXXX URL
Mg14CuNi,computed compound (DFT),Materials Project,https://next-gen.materialsproject.org/materials?formula=Mg14CuNi,formula-deeplink,Resolve to exact mp-id with resolve_mp_ids.py for a permanent /materials/mp-XXXX URL
Mg14FeB,computed compound (DFT),Materials Project,https://next-gen.materialsproject.org/materials?formula=Mg14FeB,formula-deeplink,Resolve to exact mp-id with resolve_mp_ids.py for a permanent /materials/mp-XXXX URL
Mg14FeBi,computed compound (DFT),Materials Project,https://next-gen.materialsproject.org/materials?formula=Mg14FeBi,formula-deeplink,Resolve to exact mp-id with resolve_mp_ids.py for a permanent /materials/mp-XXXX URL
Mg14FeSb,computed compound (DFT),Materials Project,https://next-gen.materialsproject.org/materials?formula=Mg14FeSb,formula-deeplink,Resolve to exact mp-id with resolve_mp_ids.py for a permanent /materials/mp-XXXX URL
Mg14FeW,computed compound (DFT),Materials Project,https://next-gen.materialsproject.org/materials?formula=Mg14FeW,formula-deeplink,Resolve to exact mp-id with resolve_mp_ids.py for a permanent /materials/mp-XXXX URL
Mg14MnAl,computed compound (DFT),Materials Project,https://next-gen.materialsproject.org/materials?formula=Mg14MnAl,formula-deeplink,Resolve to exact mp-id with resolve_mp_ids.py for a permanent /materials/mp-XXXX URL
Mg14MnCo,computed compound (DFT),Materials Project,https://next-gen.materialsproject.org/materials?formula=Mg14MnCo,formula-deeplink,Resolve to exact mp-id with resolve_mp_ids.py for a permanent /materials/mp-XXXX URL
Mg14MnFe,computed compound (DFT),Materials Project,https://next-gen.materialsproject.org/materials?formula=Mg14MnFe,formula-deeplink,Resolve to exact mp-id with resolve_mp_ids.py for a permanent /materials/mp-XXXX URL
Mg14MnNb,computed compound (DFT),Materials Project,https://next-gen.materialsproject.org/materials?formula=Mg14MnNb,formula-deeplink,Resolve to exact mp-id with resolve_mp_ids.py for a permanent /materials/mp-XXXX URL
Mg14MnNi,computed compound (DFT),Materials Project,https://next-gen.materialsproject.org/materials?formula=Mg14MnNi,formula-deeplink,Resolve to exact mp-id with resolve_mp_ids.py for a permanent /materials/mp-XXXX URL
Mg14MnSn,computed compound (DFT),Materials Project,https://next-gen.materialsproject.org/materials?formula=Mg14MnSn,formula-deeplink,Resolve to exact mp-id with resolve_mp_ids.py for a permanent /materials/mp-XXXX URL
Mg14MnV,computed compound (DFT),Materials Project,https://next-gen.materialsproject.org/materials?formula=Mg14MnV,formula-deeplink,Resolve to exact mp-id with resolve_mp_ids.py for a permanent /materials/mp-XXXX URL
Mg14NbB,computed compound (DFT),Materials Project,https://next-gen.materialsproject.org/materials?formula=Mg14NbB,formula-deeplink,Resolve to exact mp-id with resolve_mp_ids.py for a permanent /materials/mp-XXXX URL
Mg14NbBi,computed compound (DFT),Materials Project,https://next-gen.materialsproject.org/materials?formula=Mg14NbBi,formula-deeplink,Resolve to exact mp-id with resolve_mp_ids.py for a permanent /materials/mp-XXXX URL
Mg14NbC,computed compound (DFT),Materials Project,https://next-gen.materialsproject.org/materials?formula=Mg14NbC,formula-deeplink,Resolve to exact mp-id with resolve_mp_ids.py for a permanent /materials/mp-XXXX URL
Mg14NbCd,computed compound (DFT),Materials Project,https://next-gen.materialsproject.org/materials?formula=Mg14NbCd,formula-deeplink,Resolve to exact mp-id with resolve_mp_ids.py for a permanent /materials/mp-XXXX URL
Mg14NbCr,computed compound (DFT),Materials Project,https://next-gen.materialsproject.org/materials?formula=Mg14NbCr,formula-deeplink,Resolve to exact mp-id with resolve_mp_ids.py for a permanent /materials/mp-XXXX URL
Mg14NbFe,computed compound (DFT),Materials Project,https://next-gen.materialsproject.org/materials?formula=Mg14NbFe,formula-deeplink,Resolve to exact mp-id with resolve_mp_ids.py for a permanent /materials/mp-XXXX URL
Mg14NbGa,computed compound (DFT),Materials Project,https://next-gen.materialsproject.org/materials?formula=Mg14NbGa,formula-deeplink,Resolve to exact mp-id with resolve_mp_ids.py for a permanent /materials/mp-XXXX URL
Mg14NbMo,computed compound (DFT),Materials Project,https://next-gen.materialsproject.org/materials?formula=Mg14NbMo,formula-deeplink,Resolve to exact mp-id with resolve_mp_ids.py for a permanent /materials/mp-XXXX URL
Mg14NbSb,computed compound (DFT),Materials Project,https://next-gen.materialsproject.org/materials?formula=Mg14NbSb,formula-deeplink,Resolve to exact mp-id with resolve_mp_ids.py for a permanent /materials/mp-XXXX URL
Mg14NbW,computed compound (DFT),Materials Project,https://next-gen.materialsproject.org/materials?formula=Mg14NbW,formula-deeplink,Resolve to exact mp-id with resolve_mp_ids.py for a permanent /materials/mp-XXXX URL
Mg14TiCo,computed compound (DFT),Materials Project,https://next-gen.materialsproject.org/materials?formula=Mg14TiCo,formula-deeplink,Resolve to exact mp-id with resolve_mp_ids.py for a permanent /materials/mp-XXXX URL
Mg14ZnCu,computed compound (DFT),Materials Project,https://next-gen.materialsproject.org/materials?formula=Mg14ZnCu,formula-deeplink,Resolve to exact mp-id with resolve_mp_ids.py for a permanent /materials/mp-XXXX URL
Mg14ZrAl,computed compound (DFT),Materials Project,https://next-gen.materialsproject.org/materials?formula=Mg14ZrAl,formula-deeplink,Resolve to exact mp-id with resolve_mp_ids.py for a permanent /materials/mp-XXXX URL
Mg2AgAu,computed compound (DFT),Materials Project,https://next-gen.materialsproject.org/materials?formula=Mg2AgAu,formula-deeplink,Resolve to exact mp-id with resolve_mp_ids.py for a permanent /materials/mp-XXXX URL
Mg2AgIr,computed compound (DFT),Materials Project,https://next-gen.materialsproject.org/materials?formula=Mg2AgIr,formula-deeplink,Resolve to exact mp-id with resolve_mp_ids.py for a permanent /materials/mp-XXXX URL
Mg2Cu,computed compound (DFT),Materials Project,https://next-gen.materialsproject.org/materials?formula=Mg2Cu,formula-deeplink,Resolve to exact mp-id with resolve_mp_ids.py for a permanent /materials/mp-XXXX URL
Mg2PdPt,computed compound (DFT),Materials Project,https://next-gen.materialsproject.org/materials?formula=Mg2PdPt,formula-deeplink,Resolve to exact mp-id with resolve_mp_ids.py for a permanent /materials/mp-XXXX URL
Mg3Al2(GeO4)3,computed compound (DFT),Materials Project,https://next-gen.materialsproject.org/materials?formula=Mg3Al2%28GeO4%293,formula-deeplink,Resolve to exact mp-id with resolve_mp_ids.py for a permanent /materials/mp-XXXX URL
Mg6TiSnO8,computed compound (DFT),Materials Project,https://next-gen.materialsproject.org/materials?formula=Mg6TiSnO8,formula-deeplink,Resolve to exact mp-id with resolve_mp_ids.py for a permanent /materials/mp-XXXX URL
MgAlF5,computed compound (DFT),Materials Project,https://next-gen.materialsproject.org/materials?formula=MgAlF5,formula-deeplink,Resolve to exact mp-id with resolve_mp_ids.py for a permanent /materials/mp-XXXX URL
MgGaPd2,computed compound (DFT),Materials Project,https://next-gen.materialsproject.org/materials?formula=MgGaPd2,formula-deeplink,Resolve to exact mp-id with resolve_mp_ids.py for a permanent /materials/mp-XXXX URL
MgGaRh2,computed compound (DFT),Materials Project,https://next-gen.materialsproject.org/materials?formula=MgGaRh2,formula-deeplink,Resolve to exact mp-id with resolve_mp_ids.py for a permanent /materials/mp-XXXX URL
MgGeIr2,computed compound (DFT),Materials Project,https://next-gen.materialsproject.org/materials?formula=MgGeIr2,formula-deeplink,Resolve to exact mp-id with resolve_mp_ids.py for a permanent /materials/mp-XXXX URL
MgSnIr2,computed compound (DFT),Materials Project,https://next-gen.materialsproject.org/materials?formula=MgSnIr2,formula-deeplink,Resolve to exact mp-id with resolve_mp_ids.py for a permanent /materials/mp-XXXX URL
MgSnPd2,computed compound (DFT),Materials Project,https://next-gen.materialsproject.org/materials?formula=MgSnPd2,formula-deeplink,Resolve to exact mp-id with resolve_mp_ids.py for a permanent /materials/mp-XXXX URL
MgTiIr2,computed compound (DFT),Materials Project,https://next-gen.materialsproject.org/materials?formula=MgTiIr2,formula-deeplink,Resolve to exact mp-id with resolve_mp_ids.py for a permanent /materials/mp-XXXX URL
MgZrPd2,computed compound (DFT),Materials Project,https://next-gen.materialsproject.org/materials?formula=MgZrPd2,formula-deeplink,Resolve to exact mp-id with resolve_mp_ids.py for a permanent /materials/mp-XXXX URL
MgZrRh2,computed compound (DFT),Materials Project,https://next-gen.materialsproject.org/materials?formula=MgZrRh2,formula-deeplink,Resolve to exact mp-id with resolve_mp_ids.py for a permanent /materials/mp-XXXX URL
Mn(CrSe2)2,computed compound (DFT),Materials Project,https://next-gen.materialsproject.org/materials?formula=Mn%28CrSe2%292,formula-deeplink,Resolve to exact mp-id with resolve_mp_ids.py for a permanent /materials/mp-XXXX URL
Mn2AlCr,computed compound (DFT),Materials Project,https://next-gen.materialsproject.org/materials?formula=Mn2AlCr,formula-deeplink,Resolve to exact mp-id with resolve_mp_ids.py for a permanent /materials/mp-XXXX URL
Mn2AlRe,computed compound (DFT),Materials Project,https://next-gen.materialsproject.org/materials?formula=Mn2AlRe,formula-deeplink,Resolve to exact mp-id with resolve_mp_ids.py for a permanent /materials/mp-XXXX URL
Mn2AlW,computed compound (DFT),Materials Project,https://next-gen.materialsproject.org/materials?formula=Mn2AlW,formula-deeplink,Resolve to exact mp-id with resolve_mp_ids.py for a permanent /materials/mp-XXXX URL
Mn2NbAl,computed compound (DFT),Materials Project,https://next-gen.materialsproject.org/materials?formula=Mn2NbAl,formula-deeplink,Resolve to exact mp-id with resolve_mp_ids.py for a permanent /materials/mp-XXXX URL
Mn2VSi,computed compound (DFT),Materials Project,https://next-gen.materialsproject.org/materials?formula=Mn2VSi,formula-deeplink,Resolve to exact mp-id with resolve_mp_ids.py for a permanent /materials/mp-XXXX URL
Mn3Ir,computed compound (DFT),Materials Project,https://next-gen.materialsproject.org/materials?formula=Mn3Ir,formula-deeplink,Resolve to exact mp-id with resolve_mp_ids.py for a permanent /materials/mp-XXXX URL
MnAlRu2,computed compound (DFT),Materials Project,https://next-gen.materialsproject.org/materials?formula=MnAlRu2,formula-deeplink,Resolve to exact mp-id with resolve_mp_ids.py for a permanent /materials/mp-XXXX URL
MnGaRu2,computed compound (DFT),Materials Project,https://next-gen.materialsproject.org/materials?formula=MnGaRu2,formula-deeplink,Resolve to exact mp-id with resolve_mp_ids.py for a permanent /materials/mp-XXXX URL
MnIr3,computed compound (DFT),Materials Project,https://next-gen.materialsproject.org/materials?formula=MnIr3,formula-deeplink,Resolve to exact mp-id with resolve_mp_ids.py for a permanent /materials/mp-XXXX URL
MnNbRu2,computed compound (DFT),Materials Project,https://next-gen.materialsproject.org/materials?formula=MnNbRu2,formula-deeplink,Resolve to exact mp-id with resolve_mp_ids.py for a permanent /materials/mp-XXXX URL
MnV3,computed compound (DFT),Materials Project,https://next-gen.materialsproject.org/materials?formula=MnV3,formula-deeplink,Resolve to exact mp-id with resolve_mp_ids.py for a permanent /materials/mp-XXXX URL
MnVRu2,computed compound (DFT),Materials Project,https://next-gen.materialsproject.org/materials?formula=MnVRu2,formula-deeplink,Resolve to exact mp-id with resolve_mp_ids.py for a permanent /materials/mp-XXXX URL
MnZnIr2,computed compound (DFT),Materials Project,https://next-gen.materialsproject.org/materials?formula=MnZnIr2,formula-deeplink,Resolve to exact mp-id with resolve_mp_ids.py for a permanent /materials/mp-XXXX URL
MnZnRh2,computed compound (DFT),Materials Project,https://next-gen.materialsproject.org/materials?formula=MnZnRh2,formula-deeplink,Resolve to exact mp-id with resolve_mp_ids.py for a permanent /materials/mp-XXXX URL
Mo2SeS3,computed compound (DFT),Materials Project,https://next-gen.materialsproject.org/materials?formula=Mo2SeS3,formula-deeplink,Resolve to exact mp-id with resolve_mp_ids.py for a permanent /materials/mp-XXXX URL
MoI3,computed compound (DFT),Materials Project,https://next-gen.materialsproject.org/materials?formula=MoI3,formula-deeplink,Resolve to exact mp-id with resolve_mp_ids.py for a permanent /materials/mp-XXXX URL
MoW3(SeS3)2,computed compound (DFT),Materials Project,https://next-gen.materialsproject.org/materials?formula=MoW3%28SeS3%292,formula-deeplink,Resolve to exact mp-id with resolve_mp_ids.py for a permanent /materials/mp-XXXX URL
MoW3S8,computed compound (DFT),Materials Project,https://next-gen.materialsproject.org/materials?formula=MoW3S8,formula-deeplink,Resolve to exact mp-id with resolve_mp_ids.py for a permanent /materials/mp-XXXX URL
NANOBAIN (Nanostructured / Carbide-Free Bainitic Steel),engineering alloy / polymer,MakeItFrom.com,https://www.makeitfrom.com/material-properties/NANOBAIN-Nanostructured-/-Carbide-Free-Bainitic-Steel,pattern-derived,
Na,computed compound (DFT),Materials Project,https://next-gen.materialsproject.org/materials?formula=Na,formula-deeplink,Resolve to exact mp-id with resolve_mp_ids.py for a permanent /materials/mp-XXXX URL
Na2CeFeO6,computed compound (DFT),Materials Project,https://next-gen.materialsproject.org/materials?formula=Na2CeFeO6,formula-deeplink,Resolve to exact mp-id with resolve_mp_ids.py for a permanent /materials/mp-XXXX URL
Na2TlBi,computed compound (DFT),Materials Project,https://next-gen.materialsproject.org/materials?formula=Na2TlBi,formula-deeplink,Resolve to exact mp-id with resolve_mp_ids.py for a permanent /materials/mp-XXXX URL
Na3IrN2,computed compound (DFT),Materials Project,https://next-gen.materialsproject.org/materials?formula=Na3IrN2,formula-deeplink,Resolve to exact mp-id with resolve_mp_ids.py for a permanent /materials/mp-XXXX URL
Na3Mo2N5,computed compound (DFT),Materials Project,https://next-gen.materialsproject.org/materials?formula=Na3Mo2N5,formula-deeplink,Resolve to exact mp-id with resolve_mp_ids.py for a permanent /materials/mp-XXXX URL
Na3Np(HO3)2,computed compound (DFT),Materials Project,https://next-gen.materialsproject.org/materials?formula=Na3Np%28HO3%292,formula-deeplink,Resolve to exact mp-id with resolve_mp_ids.py for a permanent /materials/mp-XXXX URL
Na3Sn,computed compound (DFT),Materials Project,https://next-gen.materialsproject.org/materials?formula=Na3Sn,formula-deeplink,Resolve to exact mp-id with resolve_mp_ids.py for a permanent /materials/mp-XXXX URL
NaCaDySeO6,computed compound (DFT),Materials Project,https://next-gen.materialsproject.org/materials?formula=NaCaDySeO6,formula-deeplink,Resolve to exact mp-id with resolve_mp_ids.py for a permanent /materials/mp-XXXX URL
NaCaMg14,computed compound (DFT),Materials Project,https://next-gen.materialsproject.org/materials?formula=NaCaMg14,formula-deeplink,Resolve to exact mp-id with resolve_mp_ids.py for a permanent /materials/mp-XXXX URL
NaCaNbSnO6,computed compound (DFT),Materials Project,https://next-gen.materialsproject.org/materials?formula=NaCaNbSnO6,formula-deeplink,Resolve to exact mp-id with resolve_mp_ids.py for a permanent /materials/mp-XXXX URL
NaDyTl2,computed compound (DFT),Materials Project,https://next-gen.materialsproject.org/materials?formula=NaDyTl2,formula-deeplink,Resolve to exact mp-id with resolve_mp_ids.py for a permanent /materials/mp-XXXX URL
NaErTl2,computed compound (DFT),Materials Project,https://next-gen.materialsproject.org/materials?formula=NaErTl2,formula-deeplink,Resolve to exact mp-id with resolve_mp_ids.py for a permanent /materials/mp-XXXX URL
NaLa(NiO3)4,computed compound (DFT),Materials Project,https://next-gen.materialsproject.org/materials?formula=NaLa%28NiO3%294,formula-deeplink,Resolve to exact mp-id with resolve_mp_ids.py for a permanent /materials/mp-XXXX URL
NaMg14Fe,computed compound (DFT),Materials Project,https://next-gen.materialsproject.org/materials?formula=NaMg14Fe,formula-deeplink,Resolve to exact mp-id with resolve_mp_ids.py for a permanent /materials/mp-XXXX URL
NaNdHg2,computed compound (DFT),Materials Project,https://next-gen.materialsproject.org/materials?formula=NaNdHg2,formula-deeplink,Resolve to exact mp-id with resolve_mp_ids.py for a permanent /materials/mp-XXXX URL
NaNdTl2,computed compound (DFT),Materials Project,https://next-gen.materialsproject.org/materials?formula=NaNdTl2,formula-deeplink,Resolve to exact mp-id with resolve_mp_ids.py for a permanent /materials/mp-XXXX URL
NaNiCSO7,computed compound (DFT),Materials Project,https://next-gen.materialsproject.org/materials?formula=NaNiCSO7,formula-deeplink,Resolve to exact mp-id with resolve_mp_ids.py for a permanent /materials/mp-XXXX URL
NaPaO3,computed compound (DFT),Materials Project,https://next-gen.materialsproject.org/materials?formula=NaPaO3,formula-deeplink,Resolve to exact mp-id with resolve_mp_ids.py for a permanent /materials/mp-XXXX URL
NaPr(FeO3)4,computed compound (DFT),Materials Project,https://next-gen.materialsproject.org/materials?formula=NaPr%28FeO3%294,formula-deeplink,Resolve to exact mp-id with resolve_mp_ids.py for a permanent /materials/mp-XXXX URL
NaPrAu2,computed compound (DFT),Materials Project,https://next-gen.materialsproject.org/materials?formula=NaPrAu2,formula-deeplink,Resolve to exact mp-id with resolve_mp_ids.py for a permanent /materials/mp-XXXX URL
NaPrHfTiO6,computed compound (DFT),Materials Project,https://next-gen.materialsproject.org/materials?formula=NaPrHfTiO6,formula-deeplink,Resolve to exact mp-id with resolve_mp_ids.py for a permanent /materials/mp-XXXX URL
NaPrHg2,computed compound (DFT),Materials Project,https://next-gen.materialsproject.org/materials?formula=NaPrHg2,formula-deeplink,Resolve to exact mp-id with resolve_mp_ids.py for a permanent /materials/mp-XXXX URL
NaPrMnWO6,computed compound (DFT),Materials Project,https://next-gen.materialsproject.org/materials?formula=NaPrMnWO6,formula-deeplink,Resolve to exact mp-id with resolve_mp_ids.py for a permanent /materials/mp-XXXX URL
NaPrTl2,computed compound (DFT),Materials Project,https://next-gen.materialsproject.org/materials?formula=NaPrTl2,formula-deeplink,Resolve to exact mp-id with resolve_mp_ids.py for a permanent /materials/mp-XXXX URL
NaSmAu2,computed compound (DFT),Materials Project,https://next-gen.materialsproject.org/materials?formula=NaSmAu2,formula-deeplink,Resolve to exact mp-id with resolve_mp_ids.py for a permanent /materials/mp-XXXX URL
NaSr2In,computed compound (DFT),Materials Project,https://next-gen.materialsproject.org/materials?formula=NaSr2In,formula-deeplink,Resolve to exact mp-id with resolve_mp_ids.py for a permanent /materials/mp-XXXX URL
NaSr2Tl,computed compound (DFT),Materials Project,https://next-gen.materialsproject.org/materials?formula=NaSr2Tl,formula-deeplink,Resolve to exact mp-id with resolve_mp_ids.py for a permanent /materials/mp-XXXX URL
NaSrAu2,computed compound (DFT),Materials Project,https://next-gen.materialsproject.org/materials?formula=NaSrAu2,formula-deeplink,Resolve to exact mp-id with resolve_mp_ids.py for a permanent /materials/mp-XXXX URL
NaSrLaSeO6,computed compound (DFT),Materials Project,https://next-gen.materialsproject.org/materials?formula=NaSrLaSeO6,formula-deeplink,Resolve to exact mp-id with resolve_mp_ids.py for a permanent /materials/mp-XXXX URL
NaSrSbWO6,computed compound (DFT),Materials Project,https://next-gen.materialsproject.org/materials?formula=NaSrSbWO6,formula-deeplink,Resolve to exact mp-id with resolve_mp_ids.py for a permanent /materials/mp-XXXX URL
NaSrSnBiO6,computed compound (DFT),Materials Project,https://next-gen.materialsproject.org/materials?formula=NaSrSnBiO6,formula-deeplink,Resolve to exact mp-id with resolve_mp_ids.py for a permanent /materials/mp-XXXX URL
NaTl2Cd,computed compound (DFT),Materials Project,https://next-gen.materialsproject.org/materials?formula=NaTl2Cd,formula-deeplink,Resolve to exact mp-id with resolve_mp_ids.py for a permanent /materials/mp-XXXX URL
NaTlPd2,computed compound (DFT),Materials Project,https://next-gen.materialsproject.org/materials?formula=NaTlPd2,formula-deeplink,Resolve to exact mp-id with resolve_mp_ids.py for a permanent /materials/mp-XXXX URL
NaYMg14,computed compound (DFT),Materials Project,https://next-gen.materialsproject.org/materials?formula=NaYMg14,formula-deeplink,Resolve to exact mp-id with resolve_mp_ids.py for a permanent /materials/mp-XXXX URL
Nb2VSe4,computed compound (DFT),Materials Project,https://next-gen.materialsproject.org/materials?formula=Nb2VSe4,formula-deeplink,Resolve to exact mp-id with resolve_mp_ids.py for a permanent /materials/mp-XXXX URL
Nb4Ni2C,computed compound (DFT),Materials Project,https://next-gen.materialsproject.org/materials?formula=Nb4Ni2C,formula-deeplink,Resolve to exact mp-id with resolve_mp_ids.py for a permanent /materials/mp-XXXX URL
NbC2NCl8,computed compound (DFT),Materials Project,https://next-gen.materialsproject.org/materials?formula=NbC2NCl8,formula-deeplink,Resolve to exact mp-id with resolve_mp_ids.py for a permanent /materials/mp-XXXX URL
NbGeRu2,computed compound (DFT),Materials Project,https://next-gen.materialsproject.org/materials?formula=NbGeRu2,formula-deeplink,Resolve to exact mp-id with resolve_mp_ids.py for a permanent /materials/mp-XXXX URL
NbSiTc2,computed compound (DFT),Materials Project,https://next-gen.materialsproject.org/materials?formula=NbSiTc2,formula-deeplink,Resolve to exact mp-id with resolve_mp_ids.py for a permanent /materials/mp-XXXX URL
NbZn2N3,computed compound (DFT),Materials Project,https://next-gen.materialsproject.org/materials?formula=NbZn2N3,formula-deeplink,Resolve to exact mp-id with resolve_mp_ids.py for a permanent /materials/mp-XXXX URL
NbZnCo2,computed compound (DFT),Materials Project,https://next-gen.materialsproject.org/materials?formula=NbZnCo2,formula-deeplink,Resolve to exact mp-id with resolve_mp_ids.py for a permanent /materials/mp-XXXX URL
NbZnRh2,computed compound (DFT),Materials Project,https://next-gen.materialsproject.org/materials?formula=NbZnRh2,formula-deeplink,Resolve to exact mp-id with resolve_mp_ids.py for a permanent /materials/mp-XXXX URL
Nd2CuRu,computed compound (DFT),Materials Project,https://next-gen.materialsproject.org/materials?formula=Nd2CuRu,formula-deeplink,Resolve to exact mp-id with resolve_mp_ids.py for a permanent /materials/mp-XXXX URL
Nd2In8Pd,computed compound (DFT),Materials Project,https://next-gen.materialsproject.org/materials?formula=Nd2In8Pd,formula-deeplink,Resolve to exact mp-id with resolve_mp_ids.py for a permanent /materials/mp-XXXX URL
Nd2NiIr,computed compound (DFT),Materials Project,https://next-gen.materialsproject.org/materials?formula=Nd2NiIr,formula-deeplink,Resolve to exact mp-id with resolve_mp_ids.py for a permanent /materials/mp-XXXX URL
Nd2ReC2,computed compound (DFT),Materials Project,https://next-gen.materialsproject.org/materials?formula=Nd2ReC2,formula-deeplink,Resolve to exact mp-id with resolve_mp_ids.py for a permanent /materials/mp-XXXX URL
Nd3MnAlS7,computed compound (DFT),Materials Project,https://next-gen.materialsproject.org/materials?formula=Nd3MnAlS7,formula-deeplink,Resolve to exact mp-id with resolve_mp_ids.py for a permanent /materials/mp-XXXX URL
Nd3SiAgS7,computed compound (DFT),Materials Project,https://next-gen.materialsproject.org/materials?formula=Nd3SiAgS7,formula-deeplink,Resolve to exact mp-id with resolve_mp_ids.py for a permanent /materials/mp-XXXX URL
NdAgAu2,computed compound (DFT),Materials Project,https://next-gen.materialsproject.org/materials?formula=NdAgAu2,formula-deeplink,Resolve to exact mp-id with resolve_mp_ids.py for a permanent /materials/mp-XXXX URL
NdAgHg2,computed compound (DFT),Materials Project,https://next-gen.materialsproject.org/materials?formula=NdAgHg2,formula-deeplink,Resolve to exact mp-id with resolve_mp_ids.py for a permanent /materials/mp-XXXX URL
NdAl,computed compound (DFT),Materials Project,https://next-gen.materialsproject.org/materials?formula=NdAl,formula-deeplink,Resolve to exact mp-id with resolve_mp_ids.py for a permanent /materials/mp-XXXX URL
NdRh3,computed compound (DFT),Materials Project,https://next-gen.materialsproject.org/materials?formula=NdRh3,formula-deeplink,Resolve to exact mp-id with resolve_mp_ids.py for a permanent /materials/mp-XXXX URL
NdSnAu2,computed compound (DFT),Materials Project,https://next-gen.materialsproject.org/materials?formula=NdSnAu2,formula-deeplink,Resolve to exact mp-id with resolve_mp_ids.py for a permanent /materials/mp-XXXX URL
NdTlAu2,computed compound (DFT),Materials Project,https://next-gen.materialsproject.org/materials?formula=NdTlAu2,formula-deeplink,Resolve to exact mp-id with resolve_mp_ids.py for a permanent /materials/mp-XXXX URL
Ni,computed compound (DFT),Materials Project,https://next-gen.materialsproject.org/materials?formula=Ni,formula-deeplink,Resolve to exact mp-id with resolve_mp_ids.py for a permanent /materials/mp-XXXX URL
NpB6,computed compound (DFT),Materials Project,https://next-gen.materialsproject.org/materials?formula=NpB6,formula-deeplink,Resolve to exact mp-id with resolve_mp_ids.py for a permanent /materials/mp-XXXX URL
NpGa5Ni,computed compound (DFT),Materials Project,https://next-gen.materialsproject.org/materials?formula=NpGa5Ni,formula-deeplink,Resolve to exact mp-id with resolve_mp_ids.py for a permanent /materials/mp-XXXX URL
NpNi5,computed compound (DFT),Materials Project,https://next-gen.materialsproject.org/materials?formula=NpNi5,formula-deeplink,Resolve to exact mp-id with resolve_mp_ids.py for a permanent /materials/mp-XXXX URL
NpP3,computed compound (DFT),Materials Project,https://next-gen.materialsproject.org/materials?formula=NpP3,formula-deeplink,Resolve to exact mp-id with resolve_mp_ids.py for a permanent /materials/mp-XXXX URL
NpSnRh2,computed compound (DFT),Materials Project,https://next-gen.materialsproject.org/materials?formula=NpSnRh2,formula-deeplink,Resolve to exact mp-id with resolve_mp_ids.py for a permanent /materials/mp-XXXX URL
PaAlRu2,computed compound (DFT),Materials Project,https://next-gen.materialsproject.org/materials?formula=PaAlRu2,formula-deeplink,Resolve to exact mp-id with resolve_mp_ids.py for a permanent /materials/mp-XXXX URL
PaAlTc2,computed compound (DFT),Materials Project,https://next-gen.materialsproject.org/materials?formula=PaAlTc2,formula-deeplink,Resolve to exact mp-id with resolve_mp_ids.py for a permanent /materials/mp-XXXX URL
PaCo3,computed compound (DFT),Materials Project,https://next-gen.materialsproject.org/materials?formula=PaCo3,formula-deeplink,Resolve to exact mp-id with resolve_mp_ids.py for a permanent /materials/mp-XXXX URL
PaCu2Sn,computed compound (DFT),Materials Project,https://next-gen.materialsproject.org/materials?formula=PaCu2Sn,formula-deeplink,Resolve to exact mp-id with resolve_mp_ids.py for a permanent /materials/mp-XXXX URL
PaGaAu2,computed compound (DFT),Materials Project,https://next-gen.materialsproject.org/materials?formula=PaGaAu2,formula-deeplink,Resolve to exact mp-id with resolve_mp_ids.py for a permanent /materials/mp-XXXX URL
PaInAu2,computed compound (DFT),Materials Project,https://next-gen.materialsproject.org/materials?formula=PaInAu2,formula-deeplink,Resolve to exact mp-id with resolve_mp_ids.py for a permanent /materials/mp-XXXX URL
PaInCu2,computed compound (DFT),Materials Project,https://next-gen.materialsproject.org/materials?formula=PaInCu2,formula-deeplink,Resolve to exact mp-id with resolve_mp_ids.py for a permanent /materials/mp-XXXX URL
PaInPt2,computed compound (DFT),Materials Project,https://next-gen.materialsproject.org/materials?formula=PaInPt2,formula-deeplink,Resolve to exact mp-id with resolve_mp_ids.py for a permanent /materials/mp-XXXX URL
PaPbAu2,computed compound (DFT),Materials Project,https://next-gen.materialsproject.org/materials?formula=PaPbAu2,formula-deeplink,Resolve to exact mp-id with resolve_mp_ids.py for a permanent /materials/mp-XXXX URL
PaSi3,computed compound (DFT),Materials Project,https://next-gen.materialsproject.org/materials?formula=PaSi3,formula-deeplink,Resolve to exact mp-id with resolve_mp_ids.py for a permanent /materials/mp-XXXX URL
PaSiTc2,computed compound (DFT),Materials Project,https://next-gen.materialsproject.org/materials?formula=PaSiTc2,formula-deeplink,Resolve to exact mp-id with resolve_mp_ids.py for a permanent /materials/mp-XXXX URL
PaSnAu2,computed compound (DFT),Materials Project,https://next-gen.materialsproject.org/materials?formula=PaSnAu2,formula-deeplink,Resolve to exact mp-id with resolve_mp_ids.py for a permanent /materials/mp-XXXX URL
PaTe2Au,computed compound (DFT),Materials Project,https://next-gen.materialsproject.org/materials?formula=PaTe2Au,formula-deeplink,Resolve to exact mp-id with resolve_mp_ids.py for a permanent /materials/mp-XXXX URL
Pm2IrAu,computed compound (DFT),Materials Project,https://next-gen.materialsproject.org/materials?formula=Pm2IrAu,formula-deeplink,Resolve to exact mp-id with resolve_mp_ids.py for a permanent /materials/mp-XXXX URL
Pm2IrPd,computed compound (DFT),Materials Project,https://next-gen.materialsproject.org/materials?formula=Pm2IrPd,formula-deeplink,Resolve to exact mp-id with resolve_mp_ids.py for a permanent /materials/mp-XXXX URL
Pm2IrPt,computed compound (DFT),Materials Project,https://next-gen.materialsproject.org/materials?formula=Pm2IrPt,formula-deeplink,Resolve to exact mp-id with resolve_mp_ids.py for a permanent /materials/mp-XXXX URL
Pm2IrRh,computed compound (DFT),Materials Project,https://next-gen.materialsproject.org/materials?formula=Pm2IrRh,formula-deeplink,Resolve to exact mp-id with resolve_mp_ids.py for a permanent /materials/mp-XXXX URL
Pm2MgGa,computed compound (DFT),Materials Project,https://next-gen.materialsproject.org/materials?formula=Pm2MgGa,formula-deeplink,Resolve to exact mp-id with resolve_mp_ids.py for a permanent /materials/mp-XXXX URL
Pm2MgSn,computed compound (DFT),Materials Project,https://next-gen.materialsproject.org/materials?formula=Pm2MgSn,formula-deeplink,Resolve to exact mp-id with resolve_mp_ids.py for a permanent /materials/mp-XXXX URL
Pm2MgTl,computed compound (DFT),Materials Project,https://next-gen.materialsproject.org/materials?formula=Pm2MgTl,formula-deeplink,Resolve to exact mp-id with resolve_mp_ids.py for a permanent /materials/mp-XXXX URL
Pm2NiIr,computed compound (DFT),Materials Project,https://next-gen.materialsproject.org/materials?formula=Pm2NiIr,formula-deeplink,Resolve to exact mp-id with resolve_mp_ids.py for a permanent /materials/mp-XXXX URL
Pm2NiRh,computed compound (DFT),Materials Project,https://next-gen.materialsproject.org/materials?formula=Pm2NiRh,formula-deeplink,Resolve to exact mp-id with resolve_mp_ids.py for a permanent /materials/mp-XXXX URL
Pm2NiRu,computed compound (DFT),Materials Project,https://next-gen.materialsproject.org/materials?formula=Pm2NiRu,formula-deeplink,Resolve to exact mp-id with resolve_mp_ids.py for a permanent /materials/mp-XXXX URL
Pm2PdPt,computed compound (DFT),Materials Project,https://next-gen.materialsproject.org/materials?formula=Pm2PdPt,formula-deeplink,Resolve to exact mp-id with resolve_mp_ids.py for a permanent /materials/mp-XXXX URL
Pm2PdRh,computed compound (DFT),Materials Project,https://next-gen.materialsproject.org/materials?formula=Pm2PdRh,formula-deeplink,Resolve to exact mp-id with resolve_mp_ids.py for a permanent /materials/mp-XXXX URL
Pm2RuAu,computed compound (DFT),Materials Project,https://next-gen.materialsproject.org/materials?formula=Pm2RuAu,formula-deeplink,Resolve to exact mp-id with resolve_mp_ids.py for a permanent /materials/mp-XXXX URL
Pm2RuRh,computed compound (DFT),Materials Project,https://next-gen.materialsproject.org/materials?formula=Pm2RuRh,formula-deeplink,Resolve to exact mp-id with resolve_mp_ids.py for a permanent /materials/mp-XXXX URL
Pm2SiAg,computed compound (DFT),Materials Project,https://next-gen.materialsproject.org/materials?formula=Pm2SiAg,formula-deeplink,Resolve to exact mp-id with resolve_mp_ids.py for a permanent /materials/mp-XXXX URL
PmCdAg2,computed compound (DFT),Materials Project,https://next-gen.materialsproject.org/materials?formula=PmCdAg2,formula-deeplink,Resolve to exact mp-id with resolve_mp_ids.py for a permanent /materials/mp-XXXX URL
PmCdAu2,computed compound (DFT),Materials Project,https://next-gen.materialsproject.org/materials?formula=PmCdAu2,formula-deeplink,Resolve to exact mp-id with resolve_mp_ids.py for a permanent /materials/mp-XXXX URL
PmHgAu2,computed compound (DFT),Materials Project,https://next-gen.materialsproject.org/materials?formula=PmHgAu2,formula-deeplink,Resolve to exact mp-id with resolve_mp_ids.py for a permanent /materials/mp-XXXX URL
PmHoMg2,computed compound (DFT),Materials Project,https://next-gen.materialsproject.org/materials?formula=PmHoMg2,formula-deeplink,Resolve to exact mp-id with resolve_mp_ids.py for a permanent /materials/mp-XXXX URL
PmIn3,computed compound (DFT),Materials Project,https://next-gen.materialsproject.org/materials?formula=PmIn3,formula-deeplink,Resolve to exact mp-id with resolve_mp_ids.py for a permanent /materials/mp-XXXX URL
PmInAu2,computed compound (DFT),Materials Project,https://next-gen.materialsproject.org/materials?formula=PmInAu2,formula-deeplink,Resolve to exact mp-id with resolve_mp_ids.py for a permanent /materials/mp-XXXX URL
PmInCu2,computed compound (DFT),Materials Project,https://next-gen.materialsproject.org/materials?formula=PmInCu2,formula-deeplink,Resolve to exact mp-id with resolve_mp_ids.py for a permanent /materials/mp-XXXX URL
PmInHg2,computed compound (DFT),Materials Project,https://next-gen.materialsproject.org/materials?formula=PmInHg2,formula-deeplink,Resolve to exact mp-id with resolve_mp_ids.py for a permanent /materials/mp-XXXX URL
PmNi3,computed compound (DFT),Materials Project,https://next-gen.materialsproject.org/materials?formula=PmNi3,formula-deeplink,Resolve to exact mp-id with resolve_mp_ids.py for a permanent /materials/mp-XXXX URL
"Polymethylmethacrylate (PMMA, Acrylic)",engineering alloy / polymer,MakeItFrom.com,https://www.makeitfrom.com/material-properties/Polymethylmethacrylate-PMMA-Acrylic,pattern-derived,
Pr,computed compound (DFT),Materials Project,https://next-gen.materialsproject.org/materials?formula=Pr,formula-deeplink,Resolve to exact mp-id with resolve_mp_ids.py for a permanent /materials/mp-XXXX URL
Pr(Al2Cu)4,computed compound (DFT),Materials Project,https://next-gen.materialsproject.org/materials?formula=Pr%28Al2Cu%294,formula-deeplink,Resolve to exact mp-id with resolve_mp_ids.py for a permanent /materials/mp-XXXX URL
Pr3AgGeS7,computed compound (DFT),Materials Project,https://next-gen.materialsproject.org/materials?formula=Pr3AgGeS7,formula-deeplink,Resolve to exact mp-id with resolve_mp_ids.py for a permanent /materials/mp-XXXX URL
Pr3Co,computed compound (DFT),Materials Project,https://next-gen.materialsproject.org/materials?formula=Pr3Co,formula-deeplink,Resolve to exact mp-id with resolve_mp_ids.py for a permanent /materials/mp-XXXX URL
Pr3SiAgS7,computed compound (DFT),Materials Project,https://next-gen.materialsproject.org/materials?formula=Pr3SiAgS7,formula-deeplink,Resolve to exact mp-id with resolve_mp_ids.py for a permanent /materials/mp-XXXX URL
PrBiAu2,computed compound (DFT),Materials Project,https://next-gen.materialsproject.org/materials?formula=PrBiAu2,formula-deeplink,Resolve to exact mp-id with resolve_mp_ids.py for a permanent /materials/mp-XXXX URL
PrEuHfMnO6,computed compound (DFT),Materials Project,https://next-gen.materialsproject.org/materials?formula=PrEuHfMnO6,formula-deeplink,Resolve to exact mp-id with resolve_mp_ids.py for a permanent /materials/mp-XXXX URL
PrEuZrMnO6,computed compound (DFT),Materials Project,https://next-gen.materialsproject.org/materials?formula=PrEuZrMnO6,formula-deeplink,Resolve to exact mp-id with resolve_mp_ids.py for a permanent /materials/mp-XXXX URL
Pt,computed compound (DFT),Materials Project,https://next-gen.materialsproject.org/materials?formula=Pt,formula-deeplink,Resolve to exact mp-id with resolve_mp_ids.py for a permanent /materials/mp-XXXX URL
Pt3W,computed compound (DFT),Materials Project,https://next-gen.materialsproject.org/materials?formula=Pt3W,formula-deeplink,Resolve to exact mp-id with resolve_mp_ids.py for a permanent /materials/mp-XXXX URL
Rb,computed compound (DFT),Materials Project,https://next-gen.materialsproject.org/materials?formula=Rb,formula-deeplink,Resolve to exact mp-id with resolve_mp_ids.py for a permanent /materials/mp-XXXX URL
Rb2CN2,computed compound (DFT),Materials Project,https://next-gen.materialsproject.org/materials?formula=Rb2CN2,formula-deeplink,Resolve to exact mp-id with resolve_mp_ids.py for a permanent /materials/mp-XXXX URL
Rb2CuF4,computed compound (DFT),Materials Project,https://next-gen.materialsproject.org/materials?formula=Rb2CuF4,formula-deeplink,Resolve to exact mp-id with resolve_mp_ids.py for a permanent /materials/mp-XXXX URL
Rb2MgP4(HO2)8,computed compound (DFT),Materials Project,https://next-gen.materialsproject.org/materials?formula=Rb2MgP4%28HO2%298,formula-deeplink,Resolve to exact mp-id with resolve_mp_ids.py for a permanent /materials/mp-XXXX URL
Rb2NpO4,computed compound (DFT),Materials Project,https://next-gen.materialsproject.org/materials?formula=Rb2NpO4,formula-deeplink,Resolve to exact mp-id with resolve_mp_ids.py for a permanent /materials/mp-XXXX URL
Rb2PdCl4,computed compound (DFT),Materials Project,https://next-gen.materialsproject.org/materials?formula=Rb2PdCl4,formula-deeplink,Resolve to exact mp-id with resolve_mp_ids.py for a permanent /materials/mp-XXXX URL
RbAcTe2,computed compound (DFT),Materials Project,https://next-gen.materialsproject.org/materials?formula=RbAcTe2,formula-deeplink,Resolve to exact mp-id with resolve_mp_ids.py for a permanent /materials/mp-XXXX URL
RbBaTaS4,computed compound (DFT),Materials Project,https://next-gen.materialsproject.org/materials?formula=RbBaTaS4,formula-deeplink,Resolve to exact mp-id with resolve_mp_ids.py for a permanent /materials/mp-XXXX URL
RbCaMg14,computed compound (DFT),Materials Project,https://next-gen.materialsproject.org/materials?formula=RbCaMg14,formula-deeplink,Resolve to exact mp-id with resolve_mp_ids.py for a permanent /materials/mp-XXXX URL
RbCeMg6O8,computed compound (DFT),Materials Project,https://next-gen.materialsproject.org/materials?formula=RbCeMg6O8,formula-deeplink,Resolve to exact mp-id with resolve_mp_ids.py for a permanent /materials/mp-XXXX URL
RbCoN,computed compound (DFT),Materials Project,https://next-gen.materialsproject.org/materials?formula=RbCoN,formula-deeplink,Resolve to exact mp-id with resolve_mp_ids.py for a permanent /materials/mp-XXXX URL
RbF2,computed compound (DFT),Materials Project,https://next-gen.materialsproject.org/materials?formula=RbF2,formula-deeplink,Resolve to exact mp-id with resolve_mp_ids.py for a permanent /materials/mp-XXXX URL
RbMg14Al,computed compound (DFT),Materials Project,https://next-gen.materialsproject.org/materials?formula=RbMg14Al,formula-deeplink,Resolve to exact mp-id with resolve_mp_ids.py for a permanent /materials/mp-XXXX URL
RbMg14Fe,computed compound (DFT),Materials Project,https://next-gen.materialsproject.org/materials?formula=RbMg14Fe,formula-deeplink,Resolve to exact mp-id with resolve_mp_ids.py for a permanent /materials/mp-XXXX URL
RbMg14Ti,computed compound (DFT),Materials Project,https://next-gen.materialsproject.org/materials?formula=RbMg14Ti,formula-deeplink,Resolve to exact mp-id with resolve_mp_ids.py for a permanent /materials/mp-XXXX URL
RbMnN2,computed compound (DFT),Materials Project,https://next-gen.materialsproject.org/materials?formula=RbMnN2,formula-deeplink,Resolve to exact mp-id with resolve_mp_ids.py for a permanent /materials/mp-XXXX URL
RbSrCO3F,computed compound (DFT),Materials Project,https://next-gen.materialsproject.org/materials?formula=RbSrCO3F,formula-deeplink,Resolve to exact mp-id with resolve_mp_ids.py for a permanent /materials/mp-XXXX URL
RbYMg14,computed compound (DFT),Materials Project,https://next-gen.materialsproject.org/materials?formula=RbYMg14,formula-deeplink,Resolve to exact mp-id with resolve_mp_ids.py for a permanent /materials/mp-XXXX URL
RbZnH2Se2ClO6,computed compound (DFT),Materials Project,https://next-gen.materialsproject.org/materials?formula=RbZnH2Se2ClO6,formula-deeplink,Resolve to exact mp-id with resolve_mp_ids.py for a permanent /materials/mp-XXXX URL
Re,computed compound (DFT),Materials Project,https://next-gen.materialsproject.org/materials?formula=Re,formula-deeplink,Resolve to exact mp-id with resolve_mp_ids.py for a permanent /materials/mp-XXXX URL
Rh,computed compound (DFT),Materials Project,https://next-gen.materialsproject.org/materials?formula=Rh,formula-deeplink,Resolve to exact mp-id with resolve_mp_ids.py for a permanent /materials/mp-XXXX URL
Ru,computed compound (DFT),Materials Project,https://next-gen.materialsproject.org/materials?formula=Ru,formula-deeplink,Resolve to exact mp-id with resolve_mp_ids.py for a permanent /materials/mp-XXXX URL
RuF6,computed compound (DFT),Materials Project,https://next-gen.materialsproject.org/materials?formula=RuF6,formula-deeplink,Resolve to exact mp-id with resolve_mp_ids.py for a permanent /materials/mp-XXXX URL
SAE-AISI 1037 (G10370) Carbon Steel,engineering alloy / polymer,MakeItFrom.com,https://www.makeitfrom.com/material-properties/SAE-AISI-1037-G10370-Carbon-Steel,pattern-derived,
SAE-AISI 4024 (G40240) Molybdenum Steel,engineering alloy / polymer,MakeItFrom.com,https://www.makeitfrom.com/material-properties/SAE-AISI-4024-G40240-Molybdenum-Steel,pattern-derived,
SAE-AISI 4419 (G44190) Molybdenum Steel,engineering alloy / polymer,MakeItFrom.com,https://www.makeitfrom.com/material-properties/SAE-AISI-4419-G44190-Molybdenum-Steel,pattern-derived,
SAE-AISI 4815 (G48150) Nickel Steel,engineering alloy / polymer,MakeItFrom.com,https://www.makeitfrom.com/material-properties/SAE-AISI-4815-G48150-Nickel-Steel,pattern-derived,
SAE-AISI 4820 (G48200) Nickel Steel,engineering alloy / polymer,MakeItFrom.com,https://www.makeitfrom.com/material-properties/SAE-AISI-4820-G48200-Nickel-Steel,pattern-derived,
SAE-AISI 5132 (G51320) Chromium Steel,engineering alloy / polymer,MakeItFrom.com,https://www.makeitfrom.com/material-properties/SAE-AISI-5132-G51320-Chromium-Steel,pattern-derived,
SAE-AISI 5147 (G51470) Chromium Steel,engineering alloy / polymer,MakeItFrom.com,https://www.makeitfrom.com/material-properties/SAE-AISI-5147-G51470-Chromium-Steel,pattern-derived,
SAE-AISI 5160 (G51600) Chromium Steel,engineering alloy / polymer,MakeItFrom.com,https://www.makeitfrom.com/material-properties/SAE-AISI-5160-G51600-Chromium-Steel,pattern-derived,
SAE-AISI 8637 (G86370) Ni-Cr-Mo Steel,engineering alloy / polymer,MakeItFrom.com,https://www.makeitfrom.com/material-properties/SAE-AISI-8637-G86370-Ni-Cr-Mo-Steel,pattern-derived,
SAE-AISI 9254 (G92540) Silicon-Chromium Steel,engineering alloy / polymer,MakeItFrom.com,https://www.makeitfrom.com/material-properties/SAE-AISI-9254-G92540-Silicon-Chromium-Steel,pattern-derived,
SAE-AISI A4 (T30104) Air-Hardening Steel,engineering alloy / polymer,MakeItFrom.com,https://www.makeitfrom.com/material-properties/SAE-AISI-A4-T30104-Air-Hardening-Steel,pattern-derived,
SAE-AISI A7 (T30107) Air-Hardening Steel,engineering alloy / polymer,MakeItFrom.com,https://www.makeitfrom.com/material-properties/SAE-AISI-A7-T30107-Air-Hardening-Steel,pattern-derived,
SAE-AISI D7 (T30407) Chromium Cold-Work Steel,engineering alloy / polymer,MakeItFrom.com,https://www.makeitfrom.com/material-properties/SAE-AISI-D7-T30407-Chromium-Cold-Work-Steel,pattern-derived,
SAE-AISI H11 (T20811) Chromium Hot-Work Steel,engineering alloy / polymer,MakeItFrom.com,https://www.makeitfrom.com/material-properties/SAE-AISI-H11-T20811-Chromium-Hot-Work-Steel,pattern-derived,
SAE-AISI H25 (T20825) Tungsten Hot-Work Steel,engineering alloy / polymer,MakeItFrom.com,https://www.makeitfrom.com/material-properties/SAE-AISI-H25-T20825-Tungsten-Hot-Work-Steel,pattern-derived,
SAE-AISI H43 (T20843) Molybdenum Hot-Work Steel,engineering alloy / polymer,MakeItFrom.com,https://www.makeitfrom.com/material-properties/SAE-AISI-H43-T20843-Molybdenum-Hot-Work-Steel,pattern-derived,
SAE-AISI M1 (T11301) Molybdenum High-Speed Steel,engineering alloy / polymer,MakeItFrom.com,https://www.makeitfrom.com/material-properties/SAE-AISI-M1-T11301-Molybdenum-High-Speed-Steel,pattern-derived,
SAE-AISI M33 (T11333) Molybdenum High-Speed Steel,engineering alloy / polymer,MakeItFrom.com,https://www.makeitfrom.com/material-properties/SAE-AISI-M33-T11333-Molybdenum-High-Speed-Steel,pattern-derived,
SAE-AISI M34 (T11334) Molybdenum High-Speed Steel,engineering alloy / polymer,MakeItFrom.com,https://www.makeitfrom.com/material-properties/SAE-AISI-M34-T11334-Molybdenum-High-Speed-Steel,pattern-derived,
SAE-AISI M42 (T11342) Molybdenum High-Speed Steel,engineering alloy / polymer,MakeItFrom.com,https://www.makeitfrom.com/material-properties/SAE-AISI-M42-T11342-Molybdenum-High-Speed-Steel,pattern-derived,
SAE-AISI M46 (T11346) Molybdenum High-Speed Steel,engineering alloy / polymer,MakeItFrom.com,https://www.makeitfrom.com/material-properties/SAE-AISI-M46-T11346-Molybdenum-High-Speed-Steel,pattern-derived,
SAE-AISI M48 (T11348) Cobalt High-Speed Steel,engineering alloy / polymer,MakeItFrom.com,https://www.makeitfrom.com/material-properties/SAE-AISI-M48-T11348-Cobalt-High-Speed-Steel,pattern-derived,
SAE-AISI M52 (T11352) Molybdenum High-Speed Steel,engineering alloy / polymer,MakeItFrom.com,https://www.makeitfrom.com/material-properties/SAE-AISI-M52-T11352-Molybdenum-High-Speed-Steel,pattern-derived,
SAE-AISI M7 (T11307) Molybdenum High-Speed Steel,engineering alloy / polymer,MakeItFrom.com,https://www.makeitfrom.com/material-properties/SAE-AISI-M7-T11307-Molybdenum-High-Speed-Steel,pattern-derived,
SAE-AISI O1 (T31501) Oil-Hardening Steel,engineering alloy / polymer,MakeItFrom.com,https://www.makeitfrom.com/material-properties/SAE-AISI-O1-T31501-Oil-Hardening-Steel,pattern-derived,
SAE-AISI O6 (T31506) Oil-Hardening Steel,engineering alloy / polymer,MakeItFrom.com,https://www.makeitfrom.com/material-properties/SAE-AISI-O6-T31506-Oil-Hardening-Steel,pattern-derived,
SAE-AISI O7 (T31507) Oil-Hardening Steel,engineering alloy / polymer,MakeItFrom.com,https://www.makeitfrom.com/material-properties/SAE-AISI-O7-T31507-Oil-Hardening-Steel,pattern-derived,
SAE-AISI S2 (T41902) Shock-Resisting Steel,engineering alloy / polymer,MakeItFrom.com,https://www.makeitfrom.com/material-properties/SAE-AISI-S2-T41902-Shock-Resisting-Steel,pattern-derived,
SAE-AISI S6 (T41906) Shock-Resisting Steel,engineering alloy / polymer,MakeItFrom.com,https://www.makeitfrom.com/material-properties/SAE-AISI-S6-T41906-Shock-Resisting-Steel,pattern-derived,
SAE-AISI S7 (T41907) Shock-Resisting Steel,engineering alloy / polymer,MakeItFrom.com,https://www.makeitfrom.com/material-properties/SAE-AISI-S7-T41907-Shock-Resisting-Steel,pattern-derived,
SAE-AISI T1 (T12001) Tungsten High-Speed Steel,engineering alloy / polymer,MakeItFrom.com,https://www.makeitfrom.com/material-properties/SAE-AISI-T1-T12001-Tungsten-High-Speed-Steel,pattern-derived,
SAE-AISI T6 (T12006) Tungsten High-Speed Steel,engineering alloy / polymer,MakeItFrom.com,https://www.makeitfrom.com/material-properties/SAE-AISI-T6-T12006-Tungsten-High-Speed-Steel,pattern-derived,
Sb,computed compound (DFT),Materials Project,https://next-gen.materialsproject.org/materials?formula=Sb,formula-deeplink,Resolve to exact mp-id with resolve_mp_ids.py for a permanent /materials/mp-XXXX URL
Sc2AgAu,computed compound (DFT),Materials Project,https://next-gen.materialsproject.org/materials?formula=Sc2AgAu,formula-deeplink,Resolve to exact mp-id with resolve_mp_ids.py for a permanent /materials/mp-XXXX URL
Sc2AgHg,computed compound (DFT),Materials Project,https://next-gen.materialsproject.org/materials?formula=Sc2AgHg,formula-deeplink,Resolve to exact mp-id with resolve_mp_ids.py for a permanent /materials/mp-XXXX URL
ScCu,computed compound (DFT),Materials Project,https://next-gen.materialsproject.org/materials?formula=ScCu,formula-deeplink,Resolve to exact mp-id with resolve_mp_ids.py for a permanent /materials/mp-XXXX URL
ScGa5Ni,computed compound (DFT),Materials Project,https://next-gen.materialsproject.org/materials?formula=ScGa5Ni,formula-deeplink,Resolve to exact mp-id with resolve_mp_ids.py for a permanent /materials/mp-XXXX URL
ScTaOs2,computed compound (DFT),Materials Project,https://next-gen.materialsproject.org/materials?formula=ScTaOs2,formula-deeplink,Resolve to exact mp-id with resolve_mp_ids.py for a permanent /materials/mp-XXXX URL
ScZn2Pt,computed compound (DFT),Materials Project,https://next-gen.materialsproject.org/materials?formula=ScZn2Pt,formula-deeplink,Resolve to exact mp-id with resolve_mp_ids.py for a permanent /materials/mp-XXXX URL
Si,computed compound (DFT),Materials Project,https://next-gen.materialsproject.org/materials?formula=Si,formula-deeplink,Resolve to exact mp-id with resolve_mp_ids.py for a permanent /materials/mp-XXXX URL
SmCl3,computed compound (DFT),Materials Project,https://next-gen.materialsproject.org/materials?formula=SmCl3,formula-deeplink,Resolve to exact mp-id with resolve_mp_ids.py for a permanent /materials/mp-XXXX URL
SmGa2Ni,computed compound (DFT),Materials Project,https://next-gen.materialsproject.org/materials?formula=SmGa2Ni,formula-deeplink,Resolve to exact mp-id with resolve_mp_ids.py for a permanent /materials/mp-XXXX URL
Sr3Co(CN)3,computed compound (DFT),Materials Project,https://next-gen.materialsproject.org/materials?formula=Sr3Co%28CN%293,formula-deeplink,Resolve to exact mp-id with resolve_mp_ids.py for a permanent /materials/mp-XXXX URL
Sr3ReN3,computed compound (DFT),Materials Project,https://next-gen.materialsproject.org/materials?formula=Sr3ReN3,formula-deeplink,Resolve to exact mp-id with resolve_mp_ids.py for a permanent /materials/mp-XXXX URL
SrCaMg14,computed compound (DFT),Materials Project,https://next-gen.materialsproject.org/materials?formula=SrCaMg14,formula-deeplink,Resolve to exact mp-id with resolve_mp_ids.py for a permanent /materials/mp-XXXX URL
SrCrN2,computed compound (DFT),Materials Project,https://next-gen.materialsproject.org/materials?formula=SrCrN2,formula-deeplink,Resolve to exact mp-id with resolve_mp_ids.py for a permanent /materials/mp-XXXX URL
SrHfMg14,computed compound (DFT),Materials Project,https://next-gen.materialsproject.org/materials?formula=SrHfMg14,formula-deeplink,Resolve to exact mp-id with resolve_mp_ids.py for a permanent /materials/mp-XXXX URL
SrHfN2,computed compound (DFT),Materials Project,https://next-gen.materialsproject.org/materials?formula=SrHfN2,formula-deeplink,Resolve to exact mp-id with resolve_mp_ids.py for a permanent /materials/mp-XXXX URL
SrLiMg14,computed compound (DFT),Materials Project,https://next-gen.materialsproject.org/materials?formula=SrLiMg14,formula-deeplink,Resolve to exact mp-id with resolve_mp_ids.py for a permanent /materials/mp-XXXX URL
SrMg(CoO3)4,computed compound (DFT),Materials Project,https://next-gen.materialsproject.org/materials?formula=SrMg%28CoO3%294,formula-deeplink,Resolve to exact mp-id with resolve_mp_ids.py for a permanent /materials/mp-XXXX URL
SrMg14B,computed compound (DFT),Materials Project,https://next-gen.materialsproject.org/materials?formula=SrMg14B,formula-deeplink,Resolve to exact mp-id with resolve_mp_ids.py for a permanent /materials/mp-XXXX URL
SrMg14Bi,computed compound (DFT),Materials Project,https://next-gen.materialsproject.org/materials?formula=SrMg14Bi,formula-deeplink,Resolve to exact mp-id with resolve_mp_ids.py for a permanent /materials/mp-XXXX URL
SrMg14C,computed compound (DFT),Materials Project,https://next-gen.materialsproject.org/materials?formula=SrMg14C,formula-deeplink,Resolve to exact mp-id with resolve_mp_ids.py for a permanent /materials/mp-XXXX URL
SrMg14Cd,computed compound (DFT),Materials Project,https://next-gen.materialsproject.org/materials?formula=SrMg14Cd,formula-deeplink,Resolve to exact mp-id with resolve_mp_ids.py for a permanent /materials/mp-XXXX URL
SrMg14Ga,computed compound (DFT),Materials Project,https://next-gen.materialsproject.org/materials?formula=SrMg14Ga,formula-deeplink,Resolve to exact mp-id with resolve_mp_ids.py for a permanent /materials/mp-XXXX URL
SrMg14Mn,computed compound (DFT),Materials Project,https://next-gen.materialsproject.org/materials?formula=SrMg14Mn,formula-deeplink,Resolve to exact mp-id with resolve_mp_ids.py for a permanent /materials/mp-XXXX URL
SrMg14Mo,computed compound (DFT),Materials Project,https://next-gen.materialsproject.org/materials?formula=SrMg14Mo,formula-deeplink,Resolve to exact mp-id with resolve_mp_ids.py for a permanent /materials/mp-XXXX URL
SrMg14Nb,computed compound (DFT),Materials Project,https://next-gen.materialsproject.org/materials?formula=SrMg14Nb,formula-deeplink,Resolve to exact mp-id with resolve_mp_ids.py for a permanent /materials/mp-XXXX URL
SrMg14Sb,computed compound (DFT),Materials Project,https://next-gen.materialsproject.org/materials?formula=SrMg14Sb,formula-deeplink,Resolve to exact mp-id with resolve_mp_ids.py for a permanent /materials/mp-XXXX URL
SrMg14W,computed compound (DFT),Materials Project,https://next-gen.materialsproject.org/materials?formula=SrMg14W,formula-deeplink,Resolve to exact mp-id with resolve_mp_ids.py for a permanent /materials/mp-XXXX URL
SrSmV4O12,computed compound (DFT),Materials Project,https://next-gen.materialsproject.org/materials?formula=SrSmV4O12,formula-deeplink,Resolve to exact mp-id with resolve_mp_ids.py for a permanent /materials/mp-XXXX URL
SrYMg14,computed compound (DFT),Materials Project,https://next-gen.materialsproject.org/materials?formula=SrYMg14,formula-deeplink,Resolve to exact mp-id with resolve_mp_ids.py for a permanent /materials/mp-XXXX URL
Stainless Steel Tube,engineering alloy / polymer,MakeItFrom.com,https://www.makeitfrom.com/material-properties/Stainless-Steel-Tube,pattern-derived,
Swissbain-7MnB8,engineering alloy (proprietary),Swiss Steel Group,https://swisssteel-group.com/en/products/engineering-steels/bainitic-steels,vendor-verified,Proprietary Swiss Steel grade (W.Nr. 1.5519). Full datasheet PDF: https://swisssteel-group.com/content-media/documents/_import/Swissbain-7MnB8c_de.pdf
T24 / 7CrMoVTiB10-10,engineering alloy (proprietary),MANUAL,,manual,"Creep-resistant boiler steel, EN 1.8865 / ASTM A213 T24. Slash in name breaks URL slug - needs manual source."
Ta2NbIr,computed compound (DFT),Materials Project,https://next-gen.materialsproject.org/materials?formula=Ta2NbIr,formula-deeplink,Resolve to exact mp-id with resolve_mp_ids.py for a permanent /materials/mp-XXXX URL
Ta2NbOs,computed compound (DFT),Materials Project,https://next-gen.materialsproject.org/materials?formula=Ta2NbOs,formula-deeplink,Resolve to exact mp-id with resolve_mp_ids.py for a permanent /materials/mp-XXXX URL
Ta2NbRu,computed compound (DFT),Materials Project,https://next-gen.materialsproject.org/materials?formula=Ta2NbRu,formula-deeplink,Resolve to exact mp-id with resolve_mp_ids.py for a permanent /materials/mp-XXXX URL
Ta2OsW,computed compound (DFT),Materials Project,https://next-gen.materialsproject.org/materials?formula=Ta2OsW,formula-deeplink,Resolve to exact mp-id with resolve_mp_ids.py for a permanent /materials/mp-XXXX URL
Ta2VOs,computed compound (DFT),Materials Project,https://next-gen.materialsproject.org/materials?formula=Ta2VOs,formula-deeplink,Resolve to exact mp-id with resolve_mp_ids.py for a permanent /materials/mp-XXXX URL
Ta6Pb4O19,computed compound (DFT),Materials Project,https://next-gen.materialsproject.org/materials?formula=Ta6Pb4O19,formula-deeplink,Resolve to exact mp-id with resolve_mp_ids.py for a permanent /materials/mp-XXXX URL
TaZn2,computed compound (DFT),Materials Project,https://next-gen.materialsproject.org/materials?formula=TaZn2,formula-deeplink,Resolve to exact mp-id with resolve_mp_ids.py for a permanent /materials/mp-XXXX URL
TaZn2N3,computed compound (DFT),Materials Project,https://next-gen.materialsproject.org/materials?formula=TaZn2N3,formula-deeplink,Resolve to exact mp-id with resolve_mp_ids.py for a permanent /materials/mp-XXXX URL
TaZnRu2,computed compound (DFT),Materials Project,https://next-gen.materialsproject.org/materials?formula=TaZnRu2,formula-deeplink,Resolve to exact mp-id with resolve_mp_ids.py for a permanent /materials/mp-XXXX URL
Tb,computed compound (DFT),Materials Project,https://next-gen.materialsproject.org/materials?formula=Tb,formula-deeplink,Resolve to exact mp-id with resolve_mp_ids.py for a permanent /materials/mp-XXXX URL
Tb2Re2Si2C,computed compound (DFT),Materials Project,https://next-gen.materialsproject.org/materials?formula=Tb2Re2Si2C,formula-deeplink,Resolve to exact mp-id with resolve_mp_ids.py for a permanent /materials/mp-XXXX URL
TbBr3,computed compound (DFT),Materials Project,https://next-gen.materialsproject.org/materials?formula=TbBr3,formula-deeplink,Resolve to exact mp-id with resolve_mp_ids.py for a permanent /materials/mp-XXXX URL
TbInRh2,computed compound (DFT),Materials Project,https://next-gen.materialsproject.org/materials?formula=TbInRh2,formula-deeplink,Resolve to exact mp-id with resolve_mp_ids.py for a permanent /materials/mp-XXXX URL
Tc,computed compound (DFT),Materials Project,https://next-gen.materialsproject.org/materials?formula=Tc,formula-deeplink,Resolve to exact mp-id with resolve_mp_ids.py for a permanent /materials/mp-XXXX URL
Tc3Os,computed compound (DFT),Materials Project,https://next-gen.materialsproject.org/materials?formula=Tc3Os,formula-deeplink,Resolve to exact mp-id with resolve_mp_ids.py for a permanent /materials/mp-XXXX URL
Te2Mo3WSe6,computed compound (DFT),Materials Project,https://next-gen.materialsproject.org/materials?formula=Te2Mo3WSe6,formula-deeplink,Resolve to exact mp-id with resolve_mp_ids.py for a permanent /materials/mp-XXXX URL
Te3Mo2S,computed compound (DFT),Materials Project,https://next-gen.materialsproject.org/materials?formula=Te3Mo2S,formula-deeplink,Resolve to exact mp-id with resolve_mp_ids.py for a permanent /materials/mp-XXXX URL
Te4Mo3WS4,computed compound (DFT),Materials Project,https://next-gen.materialsproject.org/materials?formula=Te4Mo3WS4,formula-deeplink,Resolve to exact mp-id with resolve_mp_ids.py for a permanent /materials/mp-XXXX URL
Te4Mo3WSe4,computed compound (DFT),Materials Project,https://next-gen.materialsproject.org/materials?formula=Te4Mo3WSe4,formula-deeplink,Resolve to exact mp-id with resolve_mp_ids.py for a permanent /materials/mp-XXXX URL
Te4Rh3,computed compound (DFT),Materials Project,https://next-gen.materialsproject.org/materials?formula=Te4Rh3,formula-deeplink,Resolve to exact mp-id with resolve_mp_ids.py for a permanent /materials/mp-XXXX URL
Te6Mo3WS2,computed compound (DFT),Materials Project,https://next-gen.materialsproject.org/materials?formula=Te6Mo3WS2,formula-deeplink,Resolve to exact mp-id with resolve_mp_ids.py for a permanent /materials/mp-XXXX URL
TeMo2S3,computed compound (DFT),Materials Project,https://next-gen.materialsproject.org/materials?formula=TeMo2S3,formula-deeplink,Resolve to exact mp-id with resolve_mp_ids.py for a permanent /materials/mp-XXXX URL
TeMo2Se3,computed compound (DFT),Materials Project,https://next-gen.materialsproject.org/materials?formula=TeMo2Se3,formula-deeplink,Resolve to exact mp-id with resolve_mp_ids.py for a permanent /materials/mp-XXXX URL
ThF4,computed compound (DFT),Materials Project,https://next-gen.materialsproject.org/materials?formula=ThF4,formula-deeplink,Resolve to exact mp-id with resolve_mp_ids.py for a permanent /materials/mp-XXXX URL
ThInAg2,computed compound (DFT),Materials Project,https://next-gen.materialsproject.org/materials?formula=ThInAg2,formula-deeplink,Resolve to exact mp-id with resolve_mp_ids.py for a permanent /materials/mp-XXXX URL
Ti,computed compound (DFT),Materials Project,https://next-gen.materialsproject.org/materials?formula=Ti,formula-deeplink,Resolve to exact mp-id with resolve_mp_ids.py for a permanent /materials/mp-XXXX URL
Ti(MoS2)2,computed compound (DFT),Materials Project,https://next-gen.materialsproject.org/materials?formula=Ti%28MoS2%292,formula-deeplink,Resolve to exact mp-id with resolve_mp_ids.py for a permanent /materials/mp-XXXX URL
Ti2B,computed compound (DFT),Materials Project,https://next-gen.materialsproject.org/materials?formula=Ti2B,formula-deeplink,Resolve to exact mp-id with resolve_mp_ids.py for a permanent /materials/mp-XXXX URL
Ti2CoTc,computed compound (DFT),Materials Project,https://next-gen.materialsproject.org/materials?formula=Ti2CoTc,formula-deeplink,Resolve to exact mp-id with resolve_mp_ids.py for a permanent /materials/mp-XXXX URL
Ti2VSe4,computed compound (DFT),Materials Project,https://next-gen.materialsproject.org/materials?formula=Ti2VSe4,formula-deeplink,Resolve to exact mp-id with resolve_mp_ids.py for a permanent /materials/mp-XXXX URL
Ti3B4,computed compound (DFT),Materials Project,https://next-gen.materialsproject.org/materials?formula=Ti3B4,formula-deeplink,Resolve to exact mp-id with resolve_mp_ids.py for a permanent /materials/mp-XXXX URL
Tl2CoP4(HO2)8,computed compound (DFT),Materials Project,https://next-gen.materialsproject.org/materials?formula=Tl2CoP4%28HO2%298,formula-deeplink,Resolve to exact mp-id with resolve_mp_ids.py for a permanent /materials/mp-XXXX URL
TlPd2Au,computed compound (DFT),Materials Project,https://next-gen.materialsproject.org/materials?formula=TlPd2Au,formula-deeplink,Resolve to exact mp-id with resolve_mp_ids.py for a permanent /materials/mp-XXXX URL
Tm2Cr2C3,computed compound (DFT),Materials Project,https://next-gen.materialsproject.org/materials?formula=Tm2Cr2C3,formula-deeplink,Resolve to exact mp-id with resolve_mp_ids.py for a permanent /materials/mp-XXXX URL
Tm2ZnIr,computed compound (DFT),Materials Project,https://next-gen.materialsproject.org/materials?formula=Tm2ZnIr,formula-deeplink,Resolve to exact mp-id with resolve_mp_ids.py for a permanent /materials/mp-XXXX URL
Tm2ZnOs,computed compound (DFT),Materials Project,https://next-gen.materialsproject.org/materials?formula=Tm2ZnOs,formula-deeplink,Resolve to exact mp-id with resolve_mp_ids.py for a permanent /materials/mp-XXXX URL
TmCuPbSe3,computed compound (DFT),Materials Project,https://next-gen.materialsproject.org/materials?formula=TmCuPbSe3,formula-deeplink,Resolve to exact mp-id with resolve_mp_ids.py for a permanent /materials/mp-XXXX URL
TmMgZn2,computed compound (DFT),Materials Project,https://next-gen.materialsproject.org/materials?formula=TmMgZn2,formula-deeplink,Resolve to exact mp-id with resolve_mp_ids.py for a permanent /materials/mp-XXXX URL
TmMnSi2,computed compound (DFT),Materials Project,https://next-gen.materialsproject.org/materials?formula=TmMnSi2,formula-deeplink,Resolve to exact mp-id with resolve_mp_ids.py for a permanent /materials/mp-XXXX URL
TmSnGe,computed compound (DFT),Materials Project,https://next-gen.materialsproject.org/materials?formula=TmSnGe,formula-deeplink,Resolve to exact mp-id with resolve_mp_ids.py for a permanent /materials/mp-XXXX URL
TmTaOs2,computed compound (DFT),Materials Project,https://next-gen.materialsproject.org/materials?formula=TmTaOs2,formula-deeplink,Resolve to exact mp-id with resolve_mp_ids.py for a permanent /materials/mp-XXXX URL
TmUTc2,computed compound (DFT),Materials Project,https://next-gen.materialsproject.org/materials?formula=TmUTc2,formula-deeplink,Resolve to exact mp-id with resolve_mp_ids.py for a permanent /materials/mp-XXXX URL
U,computed compound (DFT),Materials Project,https://next-gen.materialsproject.org/materials?formula=U,formula-deeplink,Resolve to exact mp-id with resolve_mp_ids.py for a permanent /materials/mp-XXXX URL
U2Mo2C3,computed compound (DFT),Materials Project,https://next-gen.materialsproject.org/materials?formula=U2Mo2C3,formula-deeplink,Resolve to exact mp-id with resolve_mp_ids.py for a permanent /materials/mp-XXXX URL
UB2Rh2C,computed compound (DFT),Materials Project,https://next-gen.materialsproject.org/materials?formula=UB2Rh2C,formula-deeplink,Resolve to exact mp-id with resolve_mp_ids.py for a permanent /materials/mp-XXXX URL
UF3,computed compound (DFT),Materials Project,https://next-gen.materialsproject.org/materials?formula=UF3,formula-deeplink,Resolve to exact mp-id with resolve_mp_ids.py for a permanent /materials/mp-XXXX URL
UNS N08320 Stainless Steel,engineering alloy / polymer,MakeItFrom.com,https://www.makeitfrom.com/material-properties/UNS-N08320-Stainless-Steel,pattern-derived,
UNS N08366 Stainless Steel,engineering alloy / polymer,MakeItFrom.com,https://www.makeitfrom.com/material-properties/UNS-N08366-Stainless-Steel,pattern-derived,
UNS N08367 Stainless Steel,engineering alloy / polymer,MakeItFrom.com,https://www.makeitfrom.com/material-properties/UNS-N08367-Stainless-Steel,pattern-derived,
UNS N08800 (Alloy 800) Stainless Steel,engineering alloy / polymer,MakeItFrom.com,https://www.makeitfrom.com/material-properties/UNS-N08800-Alloy-800-Stainless-Steel,pattern-derived,
UNS N08801 (Alloy 801) Stainless Steel,engineering alloy / polymer,MakeItFrom.com,https://www.makeitfrom.com/material-properties/UNS-N08801-Alloy-801-Stainless-Steel,pattern-derived,
UNS N08810 (Alloy 800H) Stainless Steel,engineering alloy / polymer,MakeItFrom.com,https://www.makeitfrom.com/material-properties/UNS-N08810-Alloy-800H-Stainless-Steel,pattern-derived,
UNS N08811 (Alloy 800HT) Stainless Steel,engineering alloy / polymer,MakeItFrom.com,https://www.makeitfrom.com/material-properties/UNS-N08811-Alloy-800HT-Stainless-Steel,pattern-derived,
UNS N08904 (904L) Stainless Steel,engineering alloy / polymer,MakeItFrom.com,https://www.makeitfrom.com/material-properties/UNS-N08904-904L-Stainless-Steel,pattern-derived,
UNS R30155 (formerly Grade 661) Iron-Cobalt Alloy,engineering alloy / polymer,MakeItFrom.com,https://www.makeitfrom.com/material-properties/UNS-R30155-formerly-Grade-661-Iron-Cobalt-Alloy,pattern-derived,
UNS R30556 (Alloy 556) Fe-Cr-Ni-Co Alloy,engineering alloy / polymer,MakeItFrom.com,https://www.makeitfrom.com/material-properties/UNS-R30556-Alloy-556-Fe-Cr-Ni-Co-Alloy,pattern-derived,
"UNS S13800 (PH 13-8 Mo,XM-13) Stainless Steel",engineering alloy / polymer,MakeItFrom.com,https://www.makeitfrom.com/material-properties/UNS-S13800-PH-13-8-Mo-XM-13-Stainless-Steel,pattern-derived,
"UNS S15700 (PH 15-7 Mo,Alloy 632) Stainless Steel",engineering alloy / polymer,MakeItFrom.com,https://www.makeitfrom.com/material-properties/UNS-S15700-PH-15-7-Mo-Alloy-632-Stainless-Steel,pattern-derived,
UNS S20161 Stainless Steel,engineering alloy / polymer,MakeItFrom.com,https://www.makeitfrom.com/material-properties/UNS-S20161-Stainless-Steel,pattern-derived,
UNS S20431 Stainless Steel,engineering alloy / polymer,MakeItFrom.com,https://www.makeitfrom.com/material-properties/UNS-S20431-Stainless-Steel,pattern-derived,
UNS S20433 Stainless Steel,engineering alloy / polymer,MakeItFrom.com,https://www.makeitfrom.com/material-properties/UNS-S20433-Stainless-Steel,pattern-derived,
UNS S21600 (XM-17) Stainless Steel,engineering alloy / polymer,MakeItFrom.com,https://www.makeitfrom.com/material-properties/UNS-S21600-XM-17-Stainless-Steel,pattern-derived,
UNS S21603 (XM-18) Stainless Steel,engineering alloy / polymer,MakeItFrom.com,https://www.makeitfrom.com/material-properties/UNS-S21603-XM-18-Stainless-Steel,pattern-derived,
UNS S30441 Stainless Steel,engineering alloy / polymer,MakeItFrom.com,https://www.makeitfrom.com/material-properties/UNS-S30441-Stainless-Steel,pattern-derived,
UNS S30452 (XM-21) Stainless Steel,engineering alloy / polymer,MakeItFrom.com,https://www.makeitfrom.com/material-properties/UNS-S30452-XM-21-Stainless-Steel,pattern-derived,
UNS S30530 Stainless Steel,engineering alloy / polymer,MakeItFrom.com,https://www.makeitfrom.com/material-properties/UNS-S30530-Stainless-Steel,pattern-derived,
UNS S30601 (Alloy 611) Stainless Steel,engineering alloy / polymer,MakeItFrom.com,https://www.makeitfrom.com/material-properties/UNS-S30601-Alloy-611-Stainless-Steel,pattern-derived,
UNS S31727 Stainless Steel,engineering alloy / polymer,MakeItFrom.com,https://www.makeitfrom.com/material-properties/UNS-S31727-Stainless-Steel,pattern-derived,
UNS S31803 Stainless Steel,engineering alloy / polymer,MakeItFrom.com,https://www.makeitfrom.com/material-properties/UNS-S31803-Stainless-Steel,pattern-derived,
UNS S32050 Stainless Steel,engineering alloy / polymer,MakeItFrom.com,https://www.makeitfrom.com/material-properties/UNS-S32050-Stainless-Steel,pattern-derived,
UNS S32053 Stainless Steel,engineering alloy / polymer,MakeItFrom.com,https://www.makeitfrom.com/material-properties/UNS-S32053-Stainless-Steel,pattern-derived,
UNS S32202 Stainless Steel,engineering alloy / polymer,MakeItFrom.com,https://www.makeitfrom.com/material-properties/UNS-S32202-Stainless-Steel,pattern-derived,
UNS S32906 Stainless Steel,engineering alloy / polymer,MakeItFrom.com,https://www.makeitfrom.com/material-properties/UNS-S32906-Stainless-Steel,pattern-derived,
UNS S33228 Stainless Steel,engineering alloy / polymer,MakeItFrom.com,https://www.makeitfrom.com/material-properties/UNS-S33228-Stainless-Steel,pattern-derived,
UNS S33550 Stainless Steel,engineering alloy / polymer,MakeItFrom.com,https://www.makeitfrom.com/material-properties/UNS-S33550-Stainless-Steel,pattern-derived,
"UNS S35000 (Alloy 350,Alloy 633) Stainless Steel",engineering alloy / polymer,MakeItFrom.com,https://www.makeitfrom.com/material-properties/UNS-S35000-Alloy-350-Alloy-633-Stainless-Steel,pattern-derived,
UNS S35045 (Alloy 803) Stainless Steel,engineering alloy / polymer,MakeItFrom.com,https://www.makeitfrom.com/material-properties/UNS-S35045-Alloy-803-Stainless-Steel,pattern-derived,
UNS S35125 Stainless Steel,engineering alloy / polymer,MakeItFrom.com,https://www.makeitfrom.com/material-properties/UNS-S35125-Stainless-Steel,pattern-derived,
UNS S35135 (Alloy 864) Stainless Steel,engineering alloy / polymer,MakeItFrom.com,https://www.makeitfrom.com/material-properties/UNS-S35135-Alloy-864-Stainless-Steel,pattern-derived,
UNS S35140 Stainless Steel,engineering alloy / polymer,MakeItFrom.com,https://www.makeitfrom.com/material-properties/UNS-S35140-Stainless-Steel,pattern-derived,
UNS S38815 Stainless Steel,engineering alloy / polymer,MakeItFrom.com,https://www.makeitfrom.com/material-properties/UNS-S38815-Stainless-Steel,pattern-derived,
UNS S41003 (3CR12) Stainless Steel,engineering alloy / polymer,MakeItFrom.com,https://www.makeitfrom.com/material-properties/UNS-S41003-3CR12-Stainless-Steel,pattern-derived,
UNS S41041 Stainless Steel,engineering alloy / polymer,MakeItFrom.com,https://www.makeitfrom.com/material-properties/UNS-S41041-Stainless-Steel,pattern-derived,
UNS S41425 (13-5-2) Stainless Steel,engineering alloy / polymer,MakeItFrom.com,https://www.makeitfrom.com/material-properties/UNS-S41425-13-5-2-Stainless-Steel,pattern-derived,
UNS S42010 Stainless Steel,engineering alloy / polymer,MakeItFrom.com,https://www.makeitfrom.com/material-properties/UNS-S42010-Stainless-Steel,pattern-derived,
UNS S42030 Stainless Steel,engineering alloy / polymer,MakeItFrom.com,https://www.makeitfrom.com/material-properties/UNS-S42030-Stainless-Steel,pattern-derived,
UNS S42300 (Alloy 619) Stainless Steel,engineering alloy / polymer,MakeItFrom.com,https://www.makeitfrom.com/material-properties/UNS-S42300-Alloy-619-Stainless-Steel,pattern-derived,
"UNS S45500 (Alloy 455,XM-16) Stainless Steel",engineering alloy / polymer,MakeItFrom.com,https://www.makeitfrom.com/material-properties/UNS-S45500-Alloy-455-XM-16-Stainless-Steel,pattern-derived,
UNS S81921 Stainless Steel,engineering alloy / polymer,MakeItFrom.com,https://www.makeitfrom.com/material-properties/UNS-S81921-Stainless-Steel,pattern-derived,
UNS S82013 Stainless Steel,engineering alloy / polymer,MakeItFrom.com,https://www.makeitfrom.com/material-properties/UNS-S82013-Stainless-Steel,pattern-derived,
UNS S82122 Stainless Steel,engineering alloy / polymer,MakeItFrom.com,https://www.makeitfrom.com/material-properties/UNS-S82122-Stainless-Steel,pattern-derived,
USiSe,computed compound (DFT),Materials Project,https://next-gen.materialsproject.org/materials?formula=USiSe,formula-deeplink,Resolve to exact mp-id with resolve_mp_ids.py for a permanent /materials/mp-XXXX URL
UTl2O4,computed compound (DFT),Materials Project,https://next-gen.materialsproject.org/materials?formula=UTl2O4,formula-deeplink,Resolve to exact mp-id with resolve_mp_ids.py for a permanent /materials/mp-XXXX URL
V,computed compound (DFT),Materials Project,https://next-gen.materialsproject.org/materials?formula=V,formula-deeplink,Resolve to exact mp-id with resolve_mp_ids.py for a permanent /materials/mp-XXXX URL
V2FeSe4,computed compound (DFT),Materials Project,https://next-gen.materialsproject.org/materials?formula=V2FeSe4,formula-deeplink,Resolve to exact mp-id with resolve_mp_ids.py for a permanent /materials/mp-XXXX URL
VO,computed compound (DFT),Materials Project,https://next-gen.materialsproject.org/materials?formula=VO,formula-deeplink,Resolve to exact mp-id with resolve_mp_ids.py for a permanent /materials/mp-XXXX URL
Y2TiZnO6,computed compound (DFT),Materials Project,https://next-gen.materialsproject.org/materials?formula=Y2TiZnO6,formula-deeplink,Resolve to exact mp-id with resolve_mp_ids.py for a permanent /materials/mp-XXXX URL
YMg14Al,computed compound (DFT),Materials Project,https://next-gen.materialsproject.org/materials?formula=YMg14Al,formula-deeplink,Resolve to exact mp-id with resolve_mp_ids.py for a permanent /materials/mp-XXXX URL
YMg14Cd,computed compound (DFT),Materials Project,https://next-gen.materialsproject.org/materials?formula=YMg14Cd,formula-deeplink,Resolve to exact mp-id with resolve_mp_ids.py for a permanent /materials/mp-XXXX URL
Yb,computed compound (DFT),Materials Project,https://next-gen.materialsproject.org/materials?formula=Yb,formula-deeplink,Resolve to exact mp-id with resolve_mp_ids.py for a permanent /materials/mp-XXXX URL
Yb2AlGe3,computed compound (DFT),Materials Project,https://next-gen.materialsproject.org/materials?formula=Yb2AlGe3,formula-deeplink,Resolve to exact mp-id with resolve_mp_ids.py for a permanent /materials/mp-XXXX URL
Yb2CdGe,computed compound (DFT),Materials Project,https://next-gen.materialsproject.org/materials?formula=Yb2CdGe,formula-deeplink,Resolve to exact mp-id with resolve_mp_ids.py for a permanent /materials/mp-XXXX URL
Yb2PdRh,computed compound (DFT),Materials Project,https://next-gen.materialsproject.org/materials?formula=Yb2PdRh,formula-deeplink,Resolve to exact mp-id with resolve_mp_ids.py for a permanent /materials/mp-XXXX URL
Yb2TlCd,computed compound (DFT),Materials Project,https://next-gen.materialsproject.org/materials?formula=Yb2TlCd,formula-deeplink,Resolve to exact mp-id with resolve_mp_ids.py for a permanent /materials/mp-XXXX URL
Yb2TlPb,computed compound (DFT),Materials Project,https://next-gen.materialsproject.org/materials?formula=Yb2TlPb,formula-deeplink,Resolve to exact mp-id with resolve_mp_ids.py for a permanent /materials/mp-XXXX URL
Yb3N2,computed compound (DFT),Materials Project,https://next-gen.materialsproject.org/materials?formula=Yb3N2,formula-deeplink,Resolve to exact mp-id with resolve_mp_ids.py for a permanent /materials/mp-XXXX URL
YbGaPt,computed compound (DFT),Materials Project,https://next-gen.materialsproject.org/materials?formula=YbGaPt,formula-deeplink,Resolve to exact mp-id with resolve_mp_ids.py for a permanent /materials/mp-XXXX URL
YbMgCu4,computed compound (DFT),Materials Project,https://next-gen.materialsproject.org/materials?formula=YbMgCu4,formula-deeplink,Resolve to exact mp-id with resolve_mp_ids.py for a permanent /materials/mp-XXXX URL
YbMoClO4,computed compound (DFT),Materials Project,https://next-gen.materialsproject.org/materials?formula=YbMoClO4,formula-deeplink,Resolve to exact mp-id with resolve_mp_ids.py for a permanent /materials/mp-XXXX URL
YbNdHg2,computed compound (DFT),Materials Project,https://next-gen.materialsproject.org/materials?formula=YbNdHg2,formula-deeplink,Resolve to exact mp-id with resolve_mp_ids.py for a permanent /materials/mp-XXXX URL
YbSe,computed compound (DFT),Materials Project,https://next-gen.materialsproject.org/materials?formula=YbSe,formula-deeplink,Resolve to exact mp-id with resolve_mp_ids.py for a permanent /materials/mp-XXXX URL
YbSiPt2,computed compound (DFT),Materials Project,https://next-gen.materialsproject.org/materials?formula=YbSiPt2,formula-deeplink,Resolve to exact mp-id with resolve_mp_ids.py for a permanent /materials/mp-XXXX URL
Zn2NiRh,computed compound (DFT),Materials Project,https://next-gen.materialsproject.org/materials?formula=Zn2NiRh,formula-deeplink,Resolve to exact mp-id with resolve_mp_ids.py for a permanent /materials/mp-XXXX URL
Zn2PdRh,computed compound (DFT),Materials Project,https://next-gen.materialsproject.org/materials?formula=Zn2PdRh,formula-deeplink,Resolve to exact mp-id with resolve_mp_ids.py for a permanent /materials/mp-XXXX URL
Zn2RhAu,computed compound (DFT),Materials Project,https://next-gen.materialsproject.org/materials?formula=Zn2RhAu,formula-deeplink,Resolve to exact mp-id with resolve_mp_ids.py for a permanent /materials/mp-XXXX URL
ZnCuPd2,computed compound (DFT),Materials Project,https://next-gen.materialsproject.org/materials?formula=ZnCuPd2,formula-deeplink,Resolve to exact mp-id with resolve_mp_ids.py for a permanent /materials/mp-XXXX URL
ZnGeN2,computed compound (DFT),Materials Project,https://next-gen.materialsproject.org/materials?formula=ZnGeN2,formula-deeplink,Resolve to exact mp-id with resolve_mp_ids.py for a permanent /materials/mp-XXXX URL
ZnNi,computed compound (DFT),Materials Project,https://next-gen.materialsproject.org/materials?formula=ZnNi,formula-deeplink,Resolve to exact mp-id with resolve_mp_ids.py for a permanent /materials/mp-XXXX URL
Zr(VGa2)2,computed compound (DFT),Materials Project,https://next-gen.materialsproject.org/materials?formula=Zr%28VGa2%292,formula-deeplink,Resolve to exact mp-id with resolve_mp_ids.py for a permanent /materials/mp-XXXX URL
Zr2CoTc,computed compound (DFT),Materials Project,https://next-gen.materialsproject.org/materials?formula=Zr2CoTc,formula-deeplink,Resolve to exact mp-id with resolve_mp_ids.py for a permanent /materials/mp-XXXX URL
Zr2CuOs,computed compound (DFT),Materials Project,https://next-gen.materialsproject.org/materials?formula=Zr2CuOs,formula-deeplink,Resolve to exact mp-id with resolve_mp_ids.py for a permanent /materials/mp-XXXX URL
ZrAlAu2,computed compound (DFT),Materials Project,https://next-gen.materialsproject.org/materials?formula=ZrAlAu2,formula-deeplink,Resolve to exact mp-id with resolve_mp_ids.py for a permanent /materials/mp-XXXX URL
ZrZn3,computed compound (DFT),Materials Project,https://next-gen.materialsproject.org/materials?formula=ZrZn3,formula-deeplink,Resolve to exact mp-id with resolve_mp_ids.py for a permanent /materials/mp-XXXX URL
