id,name,category,source_url,error_status
10005,AWS ER80S-B3L or ER55S-B3L (K30560) Weld Metal,Metal,https://www.meridian-mag.com/magnesium-die-casting/lightweight-alloys/datasheet.pdf,DNS / Connection Error
10969,ASTM A387 Grade 11 (K11789) 1.25Cr-0.5Mo Steel,Steel,https://www.octalmetals.com/astm-a387-grade-11/,DNS / Connection Error
10640,ASTM A283 Carbon Steel,Metal,https://www.octalmetals.com/astm-a283-grade-c-d-plate/,DNS / Connection Error
10573,ASTM A285 Carbon Steel,Metal,https://www.octalmetals.com/astm-a285-grade-c-steel-plate/,DNS / Connection Error
10970,ASTM A387 Grade 22 (K21590) 2.25Cr-1Mo Steel,Steel,https://www.octalmetals.com/astm-a387-grade-22/,DNS / Connection Error
11011,AISI 310HCb (S31041) Stainless Steel,Metal,https://www.forgedproduct.com/forging-materials/aisi-310-ss310-stainless-steel.html,DNS / Connection Error
9870,"ASTM A436 Type 2b (L-NiCr 20 3, F41003) Cast Iron",Metal,https://ftp.dot.state.tx.us/pub/txdot-info/cmd/cserve/standard/bridge/preciron.pdf,DNS / Connection Error
592,Cypress Wood (Dry),Composite,https://www.fpl.fs.usda.gov/documnts/TechSheets/SoftwoodNA/htmlDocs/taxodiumdisticum.html,DNS / Connection Error
1103,Lu,Computational Material,https://oqmd.org/materials/entry/1216058,DNS / Connection Error
1104,Tm,Computational Material,https://oqmd.org/materials/entry/1216098,DNS / Connection Error
1105,Ne,Computational Material,https://oqmd.org/materials/entry/4698,DNS / Connection Error
1118,Er,Computational Material,https://oqmd.org/materials/entry/9566,DNS / Connection Error
1120,Ho,Computational Material,https://oqmd.org/materials/entry/10106,DNS / Connection Error
1127,Gd,Computational Material,https://oqmd.org/materials/entry/17319,DNS / Connection Error
1135,SiP,Computational Material,https://oqmd.org/materials/entry/5810,DNS / Connection Error
1136,SmZn,Computational Material,https://oqmd.org/materials/entry/18114,DNS / Connection Error
594,Balsa Wood (Dry),Composite,https://www.fpl.fs.usda.gov/documnts/TechSheets/Chudnoff/TropAmerican/htmlDocs_tropamerican/Ochromapyramidale.html,DNS / Connection Error
571,Ash Wood (Green),Composite,https://www.fpl.fs.usda.gov/documnts/TechSheets/HardwoodNA/htmlDocs/fraxinus.html,DNS / Connection Error
570,Ash Wood (Dry),Composite,https://www.fpl.fs.usda.gov/documnts/TechSheets/HardwoodNA/htmlDocs/fraxinus.html,DNS / Connection Error
593,Cypress Wood (Green),Composite,https://www.fpl.fs.usda.gov/documnts/TechSheets/SoftwoodNA/htmlDocs/taxodiumdisticum.html,DNS / Connection Error
586,Cedar Wood (Dry),Composite,https://www.fpl.fs.usda.gov/documnts/TechSheets/SoftwoodNA/htmlDocs/thujaplicatamet.html,DNS / Connection Error
4737,FeNiGe,Semiconductor,https://materialsproject.org/materials/mp-1024972,DNS / Connection Error
587,Cedar Wood (Green),Composite,https://www.fpl.fs.usda.gov/documnts/TechSheets/SoftwoodNA/htmlDocs/thujaplicatamet.html,DNS / Connection Error
11840,2D CVI C/SiC,Ceramic Matrix Composite,https://ntrs.nasa.gov/api/citations/20020072848/downloads/20020072848.pdf,DNS / Connection Error
7952,KYGeS4,Semiconductor,https://materialsproject.org/materials/mp-863755,DNS / Connection Error
4738,YSi2Ru3,Semiconductor,https://materialsproject.org/materials/mp-1024974,DNS / Connection Error
4739,CeB2Pt2C,Metal,https://materialsproject.org/materials/mp-1024975,DNS / Connection Error
4740,YbNi4Au,Computational Material,https://materialsproject.org/materials/mp-1024977,DNS / Connection Error
1140,Os,Computational Material,https://oqmd.org/materials/entry/7520,DNS / Connection Error
1142,TiAg,Computational Material,https://oqmd.org/materials/entry/10676,DNS / Connection Error
2860,NaEuZrSbO6,Semiconductor,https://materialsproject.org/materials/mp-1523171,DNS / Connection Error
1146,UTe,Computational Material,https://oqmd.org/materials/entry/17352,DNS / Connection Error
1144,YbTe,Computational Material,https://oqmd.org/materials/entry/6320,DNS / Connection Error
1145,TmAg,Computational Material,https://oqmd.org/materials/entry/10678,DNS / Connection Error
1148,LiBi,Computational Material,https://oqmd.org/materials/entry/10937,DNS / Connection Error
1147,YAg,Computational Material,https://oqmd.org/materials/entry/10681,DNS / Connection Error
1149,TcB,Computational Material,https://oqmd.org/materials/entry/21452,DNS / Connection Error
1150,LiTl,Computational Material,https://oqmd.org/materials/entry/17610,DNS / Connection Error
1152,PrTl,Computational Material,https://oqmd.org/materials/entry/18891,DNS / Connection Error
10948,ASTM A387 Grade 22L Class 1 2.25Cr-1Mo Steel,Metal,https://www.octalmetals.com/astm-a387-grade-22/,DNS / Connection Error
12039,Pure Magnesium (99.8%),Magnesium,https://matmatch.com/materials/alky2583-astm-b951-grade-9980a,DNS / Connection Error
10054,"ASTM Grade HN (20Cr-25Ni,J94213) Cast Stainless Steel",Metal,https://www.purdue.edu/bidc/wp-content/uploads/2021/08/ISOGrade.pdf,DNS / Connection Error
6116,Mg14ZrZn,Computational Material,https://materialsproject.org/materials/mp-1027966,DNS / Connection Error
6142,Mg14NbZn,Computational Material,https://materialsproject.org/materials/mp-1027996,DNS / Connection Error
6934,Rb2CN2,Computational Material,https://next-gen.materialsproject.org/materials/mp-1029784,DNS / Connection Error
4422,YMg6Sn,Computational Material,https://materialsproject.org/materials/mp-1022832,DNS / Connection Error
6130,Mg14ZnSn,Computational Material,https://materialsproject.org/materials/mp-1027982,DNS / Connection Error
6123,Mg14VZn,Computational Material,https://materialsproject.org/materials/mp-1027975,DNS / Connection Error
4420,YMg6Zn,Computational Material,https://materialsproject.org/materials/mp-1022827,DNS / Connection Error
6141,BaMg14Zn,Computational Material,https://materialsproject.org/materials/mp-1027995,DNS / Connection Error
6143,SrMg14Zn,Computational Material,https://materialsproject.org/materials/mp-1027997,DNS / Connection Error
6140,Mg14ZnCo,Computational Material,https://materialsproject.org/materials/mp-1027994,DNS / Connection Error
4277,SrMg6Zr,Computational Material,https://materialsproject.org/materials/mp-1022492,DNS / Connection Error
6146,CsMg14Zn,Computational Material,https://materialsproject.org/materials/mp-1028000,DNS / Connection Error
4419,Mg6MnBi,Computational Material,https://materialsproject.org/materials/mp-1022825,DNS / Connection Error
6108,KMg14Zn,Computational Material,https://materialsproject.org/materials/mp-1027957,DNS / Connection Error
4284,BaMg6Zr,Computational Material,https://materialsproject.org/materials/mp-1022514,DNS / Connection Error
4283,Mg6ZrCo,Computational Material,https://materialsproject.org/materials/mp-1022513,DNS / Connection Error
6111,NaMg14Zn,Computational Material,https://materialsproject.org/materials/mp-1027960,DNS / Connection Error
4269,Mg6FeCo,Computational Material,https://materialsproject.org/materials/mp-1022476,DNS / Connection Error
4273,Mg6ZrW,Computational Material,https://materialsproject.org/materials/mp-1022484,DNS / Connection Error
4276,Mg6ZrC,Metal,https://materialsproject.org/materials/mp-1022489,DNS / Connection Error
6112,LaMg14Fe,Computational Material,https://materialsproject.org/materials/mp-1027961,DNS / Connection Error
6127,Mg14ZnNi,Computational Material,https://materialsproject.org/materials/mp-1027979,DNS / Connection Error
6129,Mg14ZnFe,Computational Material,https://materialsproject.org/materials/mp-1027981,DNS / Connection Error
6113,Mg14ZnSi,Semiconductor,https://materialsproject.org/materials/mp-1027962,DNS / Connection Error
6109,LaMg14Zn,Computational Material,https://materialsproject.org/materials/mp-1027958,DNS / Connection Error
6137,Mg14ZrFe,Computational Material,https://materialsproject.org/materials/mp-1027991,DNS / Connection Error
6121,RbMg14Zn,Computational Material,https://materialsproject.org/materials/mp-1027973,DNS / Connection Error
4286,RbMg6Zr,Computational Material,https://materialsproject.org/materials/mp-1022517,DNS / Connection Error
11046,AISI 301 (S30100) Stainless Steel,Metal,https://www.atimaterials.com/Products/Documents/datasheets/stainless-specialty-steel/austenitic/ati_301_tds_en_v1.pdf,DNS / Connection Error
1624,ZnGe(BiO3)2,Semiconductor,https://materialsproject.org/materials/mp-aaaieiti,DNS / Connection Error
10475,"SAE-AISI 4140 (SCM440,G41400) Cr-Mo Steel",Metal,https://www.forgedproduct.com/forging-materials/astm-sae-aisi-4140-alloy-steel.html,DNS / Connection Error
11747,ExxonMobil™ EVA 05012FL,Polymer,https://www.exxonmobilchemical.com/en/chemicals/webapi/dps/v1/datasheets/150000000144/0/en,HTTP 400
4817,EuAl3Cu2,Computational Material,https://next-gen.materialsproject.org/materials/mp-1025136,HTTP 403
7903,Pm2MgSn,Computational Material,https://next-gen.materialsproject.org/materials/mp-863703,HTTP 403
7907,KPuO3,Computational Material,https://next-gen.materialsproject.org/materials/mp-863708,HTTP 403
7919,Pm2IrRh,Computational Material,https://next-gen.materialsproject.org/materials/mp-863722,HTTP 403
7914,Pm2IrPd,Computational Material,https://next-gen.materialsproject.org/materials/mp-863716,HTTP 403
4819,USiSe,Semiconductor,https://next-gen.materialsproject.org/materials/mp-1025140,HTTP 403
7915,Pm2NiRu,Computational Material,https://next-gen.materialsproject.org/materials/mp-863717,HTTP 403
7921,InPd2Au,Semiconductor,https://next-gen.materialsproject.org/materials/mp-863724,HTTP 403
4829,Te4Rh3,Computational Material,https://next-gen.materialsproject.org/materials/mp-1025159,HTTP 403
4828,K2PuO4,Computational Material,https://next-gen.materialsproject.org/materials/mp-1025158,HTTP 403
4821,CeGaGe,Semiconductor,https://next-gen.materialsproject.org/materials/mp-1025144,HTTP 403
4827,NpB6,Computational Material,https://next-gen.materialsproject.org/materials/mp-1025156,HTTP 403
11160,UNS S32550 (Alloy 255) Stainless Steel,Stainless Steel,https://dl.asminternational.org/alloy-digest/article/36/1/SS-481/5067/FERRALIUM-Alloy-255Ferritic-Austenitic-Stainless,HTTP 403
6844,LiTi2N3,Metal,https://next-gen.materialsproject.org/materials/mp-1029424,HTTP 403
7913,Pm2IrAu,Computational Material,https://next-gen.materialsproject.org/materials/mp-863715,HTTP 403
4820,DyB2Rh3,Computational Material,https://next-gen.materialsproject.org/materials/mp-1025143,HTTP 403
7908,Ir3Rh,Computational Material,https://next-gen.materialsproject.org/materials/mp-863709,HTTP 403
6835,SrHfN2,Metal,https://next-gen.materialsproject.org/materials/mp-1029396,HTTP 403
7905,Pm2MgGa,Semiconductor,https://next-gen.materialsproject.org/materials/mp-863705,HTTP 403
4826,LuGa5Co,Semiconductor,https://next-gen.materialsproject.org/materials/mp-1025155,HTTP 403
7920,Ho2MgGe2,Semiconductor,https://next-gen.materialsproject.org/materials/mp-863723,HTTP 403
7901,Ho2Mg,Computational Material,https://next-gen.materialsproject.org/materials/mp-863701,HTTP 403
4813,UB2Rh2C,Computational Material,https://next-gen.materialsproject.org/materials/mp-1025127,HTTP 403
7910,ErGaRh2,Semiconductor,https://next-gen.materialsproject.org/materials/mp-863711,HTTP 403
10227,EN 1.7006 (46Cr2) Chromium Steel,Alloy steel,https://dl.asminternational.org/alloy-digest/article/70/4/SA-871/15892/CEN-46Cr2-1-7006-46CrS2-1-7025-Medium-Carbon-0-5,HTTP 403
4835,Hf(VGa2)2,Semiconductor,https://next-gen.materialsproject.org/materials/mp-1025167,HTTP 403
7931,ErPaTc2,Computational Material,https://next-gen.materialsproject.org/materials/mp-863734,HTTP 403
7924,LiTiRh2,Computational Material,https://next-gen.materialsproject.org/materials/mp-863727,HTTP 403
6870,Sr3ReN3,Computational Material,https://next-gen.materialsproject.org/materials/mp-1029531,HTTP 403
7950,Cs2Mn(PSe3)2,Metal,https://next-gen.materialsproject.org/materials/mp-863753,HTTP 403
7923,Pm2PdRh,Computational Material,https://next-gen.materialsproject.org/materials/mp-863726,HTTP 403
7928,InH4NCl4,Semiconductor,https://next-gen.materialsproject.org/materials/mp-863731,HTTP 403
7948,Pr3SiAgS7,Semiconductor,https://next-gen.materialsproject.org/materials/mp-863751,HTTP 403
7934,Ho3In,Semiconductor,https://next-gen.materialsproject.org/materials/mp-863737,HTTP 403
7942,RbSrCO3F,Computational Material,https://next-gen.materialsproject.org/materials/mp-863745,HTTP 403
7939,Pm2RuRh,Computational Material,https://next-gen.materialsproject.org/materials/mp-863742,HTTP 403
8007,NdAl,Computational Material,https://next-gen.materialsproject.org/materials/mp-864637,HTTP 403
7947,AgAu3,Metal,https://next-gen.materialsproject.org/materials/mp-863750,HTTP 403
9973,"ASTM Grade 45 or 300 (ISO 300, EN-JL 1050, F13101) Grey Cast Iron",Metal,https://matweb.com/search/QuickText.aspx?SearchText=AISI%201050,HTTP 403
8010,Ta2NbIr,Computational Material,https://next-gen.materialsproject.org/materials/mp-864640,HTTP 403
6930,BaMnN2,Metal,https://next-gen.materialsproject.org/materials/mp-1029775,HTTP 403
6928,Ca2ReN3,Computational Material,https://next-gen.materialsproject.org/materials/mp-1029771,HTTP 403
4860,Ti2VSe4,Metal,https://next-gen.materialsproject.org/materials/mp-1025203,HTTP 403
8012,HoSnRh2,Computational Material,https://next-gen.materialsproject.org/materials/mp-864642,HTTP 403
8021,Zn2NiRh,Computational Material,https://next-gen.materialsproject.org/materials/mp-864654,HTTP 403
4839,Ti(MoS2)2,Metal,https://next-gen.materialsproject.org/materials/mp-1025173,HTTP 403
8019,Nd3MnAlS7,Metal,https://next-gen.materialsproject.org/materials/mp-864652,HTTP 403
6933,Ca3W3N5,Metal,https://next-gen.materialsproject.org/materials/mp-1029782,HTTP 403
8016,Hf2N,Metal,https://next-gen.materialsproject.org/materials/mp-864647,HTTP 403
6944,HfMgN2,Metal,https://next-gen.materialsproject.org/materials/mp-1245813,HTTP 403
8024,Nd2NiIr,Computational Material,https://next-gen.materialsproject.org/materials/mp-864659,HTTP 403
4995,Cr2FeTe4,Metal,https://next-gen.materialsproject.org/materials/mp-1025380,HTTP 403
8022,PaCo3,Computational Material,https://next-gen.materialsproject.org/materials/mp-864655,HTTP 403
8018,Ta2NbRu,Computational Material,https://next-gen.materialsproject.org/materials/mp-864651,HTTP 403
6948,Na3Mo2N5,Metal,https://next-gen.materialsproject.org/materials/mp-1029845,HTTP 403
8026,ZnCuPd2,Metal,https://next-gen.materialsproject.org/materials/mp-864661,HTTP 403
4844,Rb2NpO4,Computational Material,https://next-gen.materialsproject.org/materials/mp-1025179,HTTP 403
8031,NdTlAu2,Computational Material,https://next-gen.materialsproject.org/materials/mp-864667,HTTP 403
8025,HoSbRh2,Semiconductor,https://next-gen.materialsproject.org/materials/mp-864660,HTTP 403
4851,Tb2Re2Si2C,Semiconductor,https://next-gen.materialsproject.org/materials/mp-1025189,HTTP 403
4843,Rb2CuF4,Metal,https://next-gen.materialsproject.org/materials/mp-1025177,HTTP 403
4848,Ho2B4C,Computational Material,https://next-gen.materialsproject.org/materials/mp-1025183,HTTP 403
4849,Cs2CaCl4,Computational Material,https://next-gen.materialsproject.org/materials/mp-1025185,HTTP 403
4850,CdPPt5,Semiconductor,https://next-gen.materialsproject.org/materials/mp-1025187,HTTP 403
8046,HfInCo2,Semiconductor,https://next-gen.materialsproject.org/materials/mp-864715,HTTP 403
8037,HoCdPt2,Semiconductor,https://next-gen.materialsproject.org/materials/mp-864673,HTTP 403
8043,Nd2ReC2,Computational Material,https://next-gen.materialsproject.org/materials/mp-864686,HTTP 403
10001,AWS E70C-Ni2 or E49C-Ni2 (W22030) Weld Metal,Metal,https://pdfcoffee.com/aws-a528-a528m-2005-5-pdf-free.html,HTTP 403
8045,NdRh3,Computational Material,https://next-gen.materialsproject.org/materials/mp-864699,HTTP 403
8036,NbSiTc2,Semiconductor,https://next-gen.materialsproject.org/materials/mp-864672,HTTP 403
8047,PaGaAu2,Semiconductor,https://next-gen.materialsproject.org/materials/mp-864716,HTTP 403
8041,Hf2MoIr,Computational Material,https://next-gen.materialsproject.org/materials/mp-864684,HTTP 403
4857,NpGa5Ni,Semiconductor,https://next-gen.materialsproject.org/materials/mp-1025198,HTTP 403
4855,HfGa5Co,Semiconductor,https://next-gen.materialsproject.org/materials/mp-1025193,HTTP 403
4859,Rb2PdCl4,Metal,https://next-gen.materialsproject.org/materials/mp-1025201,HTTP 403
4858,Eu2TiO4,Ceramic,https://next-gen.materialsproject.org/materials/mp-1025200,HTTP 403
11379,Inconel 617,Metal,https://www.matweb.com/search/datasheettext.aspx?matguid=adf2123d8e494e75aef7417989ffea92,HTTP 403
5354,Mg14CrCd,Semiconductor,https://next-gen.materialsproject.org/materials/mp-1026496,HTTP 403
7235,LiMg6CrO8,Ceramic,https://next-gen.materialsproject.org/materials/mp-1031034,HTTP 403
8052,Mn3Ir,Computational Material,https://next-gen.materialsproject.org/materials/mp-2017103,HTTP 403
6389,Mg14AlSn,Computational Material,https://next-gen.materialsproject.org/materials/mp-1028255,HTTP 403
5652,LaCeMg14,Computational Material,https://next-gen.materialsproject.org/materials/mp-1026805,HTTP 403
5350,Mg14CrGa,Semiconductor,https://next-gen.materialsproject.org/materials/mp-1026492,HTTP 403
8056,HoMgRh2,Computational Material,https://next-gen.materialsproject.org/materials/mp-864744,HTTP 403
6287,Mg14MnSn,Computational Material,https://next-gen.materialsproject.org/materials/mp-1028154,HTTP 403
8053,Yb2TlPb,Computational Material,https://next-gen.materialsproject.org/materials/mp-864741,HTTP 403
8115,Dy2Ni12P7,Metal,https://next-gen.materialsproject.org/materials/mp-864836,HTTP 403
8117,Zn2PdRh,Computational Material,https://next-gen.materialsproject.org/materials/mp-864839,HTTP 403
8127,MgSnPd2,Computational Material,https://next-gen.materialsproject.org/materials/mp-864883,HTTP 403
8119,Nb4Ni2C,Metal,https://next-gen.materialsproject.org/materials/mp-864841,HTTP 403
8116,Nd2CuRu,Computational Material,https://next-gen.materialsproject.org/materials/mp-864837,HTTP 403
6330,1050 (A91050) Aluminum,Metal,https://matweb.com/search/QuickText.aspx?SearchText=AISI%201050,HTTP 403
8126,Yb2PdRh,Computational Material,https://next-gen.materialsproject.org/materials/mp-864882,HTTP 403
8121,NbZnCo2,Metal,https://next-gen.materialsproject.org/materials/mp-864857,HTTP 403
8120,Zn2RhAu,Computational Material,https://next-gen.materialsproject.org/materials/mp-864844,HTTP 403
10893,SAE-AISI M44 (T11344) Cobalt High-Speed Steel,Metal,https://www.griggssteel.com/choosing-high-speed-steel-grade/,HTTP 403
1938,NaPrHfTiO6,Ceramic,https://next-gen.materialsproject.org/materials/mp-1522207,HTTP 403
8137,Be3Rh,Computational Material,https://next-gen.materialsproject.org/materials/mp-864894,HTTP 403
8138,Be2NiRh,Computational Material,https://next-gen.materialsproject.org/materials/mp-864895,HTTP 403
8140,Zr2CuOs,Computational Material,https://next-gen.materialsproject.org/materials/mp-864897,HTTP 403
8151,HfAlRu2,Computational Material,https://next-gen.materialsproject.org/materials/mp-864909,HTTP 403
8132,ZrZn3,Metal,https://next-gen.materialsproject.org/materials/mp-864889,HTTP 403
8150,MgTiIr2,Computational Material,https://next-gen.materialsproject.org/materials/mp-864908,HTTP 403
8135,NdAgAu2,Computational Material,https://next-gen.materialsproject.org/materials/mp-864892,HTTP 403
8212,Mg2PdPt,Computational Material,https://next-gen.materialsproject.org/materials/mp-864975,HTTP 403
8213,Mg2AgIr,Computational Material,https://next-gen.materialsproject.org/materials/mp-864976,HTTP 403
7426,LiY2Rh,Computational Material,https://next-gen.materialsproject.org/materials/mp-862672,HTTP 403
1157,Yb,Computational Material,https://next-gen.materialsproject.org/materials/mp-972364,HTTP 403
7427,LiY2Ru,Computational Material,https://next-gen.materialsproject.org/materials/mp-862673,HTTP 403
8154,YbGaPt,Semiconductor,https://next-gen.materialsproject.org/materials/mp-864912,HTTP 403
9321,6101 T65 Aluminum,Metal,https://matweb.com/search/QuickText.aspx?SearchText=Aluminum%206101,HTTP 403
6502,Mg14NbNi,Computational Material,https://materialsproject.org/materials/mp-1028349,HTTP 403
7432,DyMgAg2,Computational Material,https://next-gen.materialsproject.org/materials/mp-862680,HTTP 403
6940,KMoN2,Metal,https://materialsproject.org/materials/mp-1029815,HTTP 403
7435,Ac2GaCu,Semiconductor,https://next-gen.materialsproject.org/materials/mp-862683,HTTP 403
7431,TaZn2,Metal,https://next-gen.materialsproject.org/materials/mp-862679,HTTP 403
6526,Mg14CoBi,Computational Material,https://materialsproject.org/materials/mp-1028375,HTTP 403
7437,LiAc2Ir,Computational Material,https://next-gen.materialsproject.org/materials/mp-862685,HTTP 403
1597,SrSnO3,Computational Material,https://materialsproject.org/materials/mp-aaaieipt,HTTP 403
1625,SrSiO3,Semiconductor,https://materialsproject.org/materials/mp-aaaieitl,HTTP 403
1736,Ba2PrSbO6,Semiconductor,https://materialsproject.org/materials/mp-1521617,HTTP 403
1640,Lu3Al2(GaO4)3,Semiconductor,https://materialsproject.org/materials/mp-aaaieiwc,HTTP 403
7438,LiAc2Ru,Computational Material,https://next-gen.materialsproject.org/materials/mp-862686,HTTP 403
106,Borosilicate Glass (Pyrex),Ceramic,https://www.matweb.com/search/DataSheet.aspx?MatGUID=b0dbbac859444ffe98307f24ffd4c6a2,HTTP 403
1725,KCaDySeO6,Computational Material,https://materialsproject.org/materials/mp-1521578,HTTP 403
1303,Ga,Computational Material,https://next-gen.materialsproject.org/materials/mp-142,HTTP 403
1848,BaSrNdSbO6,Semiconductor,https://materialsproject.org/materials/mp-1521937,HTTP 403
10987,ASTM A182 Grade F5 (K41545) Steel,Metal,https://www.rameshgroup.com/astm-a182-f5-flanges/,HTTP 403
11878,AA Standards Grade 3105 H14,Metal,https://rolledmetalproducts.com/aluminum-3105/,HTTP 403
7406,Ba2SbAu,Semiconductor,https://materialsproject.org/materials/mp-862631,HTTP 403
7282,KMg6BO7,Computational Material,https://materialsproject.org/materials/mp-1031240,HTTP 403
7414,LiEr2Rh,Computational Material,https://materialsproject.org/materials/mp-862660,HTTP 403
7614,PmCdHg2,Semiconductor,https://materialsproject.org/materials/mp-862892,HTTP 403
7509,LiCa2Rh,Computational Material,https://materialsproject.org/materials/mp-862764,HTTP 403
7524,KTl3,Computational Material,https://materialsproject.org/materials/mp-862783,HTTP 403
1107,Pr,Computational Material,https://next-gen.materialsproject.org/materials/mp-97,HTTP 403
9990,AWS E80C-B3L or E55C-B3L (W53130) Weld Metal,Metal,https://pdfcoffee.com/aws-a528-a528m-2005-5-pdf-free.html,HTTP 403
1861,NaEuSbWO6,Semiconductor,https://materialsproject.org/materials/mp-1521999,HTTP 403
7823,VF4,Metal,https://materialsproject.org/materials/mp-863400,HTTP 403
7441,Ac,Computational Material,https://next-gen.materialsproject.org/materials/mp-862690,HTTP 403
9320,6061 O Aluminum,Metal,https://matweb.com/search/QuickText.aspx?SearchText=Aluminum%206061,HTTP 403
7621,PmCd3,Semiconductor,https://materialsproject.org/materials/mp-862899,HTTP 403
7720,K2USO7F2,Computational Material,https://materialsproject.org/materials/mp-863004,HTTP 403
11728,7049-T73 Aluminum,Metal,https://dl.asminternational.org/alloy-digest/article/20/3/Al-201/1812/ALUMINUM-7049-T73Aluminum-Forging-Alloy,HTTP 403
10481,SAE-AISI 51B60 (G51601) Boron Steel,Metal,https://matweb.com/search/datasheet.aspx?matguid=dba67d59ac834429bb99fa481c55bac1,HTTP 403
1943,KPrHf2O6,Ceramic,https://next-gen.materialsproject.org/materials/mp-1522216,HTTP 403
1126,Ir,Computational Material,https://next-gen.materialsproject.org/materials/mp-101,HTTP 403
1125,Ru,Computational Material,https://next-gen.materialsproject.org/materials/mp-33,HTTP 403
6965,Ca3Al3N5,Metal,https://materialsproject.org/materials/mp-1029921,HTTP 403
1644,MgMo(PbO3)2,Ceramic,https://materialsproject.org/materials/mp-aaaieiwz,HTTP 403
1646,Y3Al2(GaO4)3,Semiconductor,https://materialsproject.org/materials/mp-aaaieixg,HTTP 403
7830,Li2Fe(SiO3)2,Semiconductor,https://materialsproject.org/materials/mp-863407,HTTP 403
6953,Ca5(RuN3)2,Computational Material,https://materialsproject.org/materials/mp-1029860,HTTP 403
1664,NbAl(PbO3)2,Ceramic,https://materialsproject.org/materials/mp-aaaiejao,HTTP 403
11092,AISI 204 (S20400) Stainless Steel,Metal,https://www.oshwin.com/blog/difference-between-204-and-304-stainless-steel.html,HTTP 403
7446,Al2CoRu,Computational Material,https://next-gen.materialsproject.org/materials/mp-862695,HTTP 403
7445,Al2IrRh,Computational Material,https://next-gen.materialsproject.org/materials/mp-862694,HTTP 403
7451,AlVOs2,Computational Material,https://next-gen.materialsproject.org/materials/mp-862700,HTTP 403
1129,Ni,Computational Material,https://next-gen.materialsproject.org/materials/mp-23,HTTP 403
7450,ScTaOs2,Computational Material,https://next-gen.materialsproject.org/materials/mp-862699,HTTP 403
10391,EN 1.8945 (S355J0WP) Weathering Steel,Steel,https://www.ridhisiddhi.net/s355j0wp-steel-plate/,HTTP 403
5812,Te4Mo3WS4,Metal,https://next-gen.materialsproject.org/materials/mp-1030240,HTTP 403
5943,Te2Mo3WSe6,Metal,https://next-gen.materialsproject.org/materials/mp-1030410,HTTP 403
5959,LiMg14Co,Computational Material,https://next-gen.materialsproject.org/materials/mp-1027758,HTTP 403
7452,CsCaCO3F,Computational Material,https://next-gen.materialsproject.org/materials/mp-862701,HTTP 403
1676,Mg3Al2(GeO4)3,Semiconductor,https://next-gen.materialsproject.org/materials/mp-aaaiejdl,HTTP 403
5947,TeMo2Se3,Metal,https://next-gen.materialsproject.org/materials/mp-1217314,HTTP 403
5953,TeMo2S3,Metal,https://next-gen.materialsproject.org/materials/mp-1217334,HTTP 403
7506,PrBiAu2,Computational Material,https://next-gen.materialsproject.org/materials/mp-862761,HTTP 403
10665,EN 1.1151 (C22E) Non-Alloy Steel,Metal,https://dl.asminternational.org/alloy-digest/article/70/5/CS-210/16736/CEN-C22E-1-1151-C22R-1-1149-Low-Carbon-Non-Alloy,HTTP 403
7453,Sc2AgHg,Computational Material,https://next-gen.materialsproject.org/materials/mp-862702,HTTP 403
7507,Pr3Co,Computational Material,https://next-gen.materialsproject.org/materials/mp-862762,HTTP 403
8221,MnV3,Metal,https://next-gen.materialsproject.org/materials/mp-864984,HTTP 403
8218,Dy2AgIr,Computational Material,https://next-gen.materialsproject.org/materials/mp-864981,HTTP 403
8216,Gd2ReC2,Computational Material,https://next-gen.materialsproject.org/materials/mp-864979,HTTP 403
8215,Mg2AgAu,Computational Material,https://next-gen.materialsproject.org/materials/mp-864978,HTTP 403
7508,Pr(Al2Cu)4,Computational Material,https://next-gen.materialsproject.org/materials/mp-862763,HTTP 403
6144,Mg14ZnCu,Computational Material,https://next-gen.materialsproject.org/materials/mp-1027999,HTTP 403
8226,Mn2AlRe,Computational Material,https://next-gen.materialsproject.org/materials/mp-864989,HTTP 403
5412,SrMg14Cd,Semiconductor,https://next-gen.materialsproject.org/materials/mp-1026583,HTTP 403
8227,Mn2AlW,Metal,https://next-gen.materialsproject.org/materials/mp-864990,HTTP 403
8229,MnNbRu2,Computational Material,https://next-gen.materialsproject.org/materials/mp-864992,HTTP 403
8228,Ca2AgPb,Computational Material,https://next-gen.materialsproject.org/materials/mp-864991,HTTP 403
7521,Tc3Os,Computational Material,https://next-gen.materialsproject.org/materials/mp-862779,HTTP 403
7531,Pr3AgGeS7,Semiconductor,https://next-gen.materialsproject.org/materials/mp-862792,HTTP 403
8243,Dy2MgAl,Computational Material,https://next-gen.materialsproject.org/materials/mp-865006,HTTP 403
8238,HfScOs2,Computational Material,https://next-gen.materialsproject.org/materials/mp-865001,HTTP 403
8241,Dy2ZnOs,Computational Material,https://next-gen.materialsproject.org/materials/mp-865004,HTTP 403
8244,Dy2MgIn,Semiconductor,https://next-gen.materialsproject.org/materials/mp-865007,HTTP 403
8240,Be2IrPd,Computational Material,https://next-gen.materialsproject.org/materials/mp-865003,HTTP 403
8231,DyHg3,Computational Material,https://next-gen.materialsproject.org/materials/mp-864994,HTTP 403
7535,RbAcTe2,Computational Material,https://next-gen.materialsproject.org/materials/mp-862797,HTTP 403
1141,ZnNi,Computational Material,https://next-gen.materialsproject.org/materials/mp-429,HTTP 403
5431,SrMg14Ga,Semiconductor,https://next-gen.materialsproject.org/materials/mp-1026623,HTTP 403
10922,AISI W1 (T72301) Water-Hardening Steel,Metal,https://www.onlinemetals.com/en/product-guide/alloy/W1,HTTP 403
7540,Er4Ga16Co3,Semiconductor,https://next-gen.materialsproject.org/materials/mp-862806,HTTP 403
5432,Mg14CdSn,Semiconductor,https://next-gen.materialsproject.org/materials/mp-1026584,HTTP 403
8257,HfTc2Sb,Semiconductor,https://next-gen.materialsproject.org/materials/mp-865023,HTTP 403
8246,HfGaRu2,Semiconductor,https://next-gen.materialsproject.org/materials/mp-865010,HTTP 403
7541,Cs2KU2(Si2O7)2,Semiconductor,https://next-gen.materialsproject.org/materials/mp-862811,HTTP 403
7547,PaInAu2,Semiconductor,https://next-gen.materialsproject.org/materials/mp-862819,HTTP 403
8326,MgGaPd2,Semiconductor,https://next-gen.materialsproject.org/materials/mp-865123,HTTP 403
8314,NaPrTl2,Computational Material,https://next-gen.materialsproject.org/materials/mp-865112,HTTP 403
7552,PaInPt2,Semiconductor,https://next-gen.materialsproject.org/materials/mp-862824,HTTP 403
7551,PaInCu2,Semiconductor,https://next-gen.materialsproject.org/materials/mp-862823,HTTP 403
8319,NaErTl2,Computational Material,https://next-gen.materialsproject.org/materials/mp-865117,HTTP 403
7607,CaPmRh2,Computational Material,https://next-gen.materialsproject.org/materials/mp-862885,HTTP 403
7611,PmCdAg2,Semiconductor,https://next-gen.materialsproject.org/materials/mp-862889,HTTP 403
8325,NaNdTl2,Computational Material,https://next-gen.materialsproject.org/materials/mp-865122,HTTP 403
7606,CaPmPd2,Computational Material,https://next-gen.materialsproject.org/materials/mp-862884,HTTP 403
8321,NaPrAu2,Computational Material,https://next-gen.materialsproject.org/materials/mp-865118,HTTP 403
8332,Lu2MgGe2,Semiconductor,https://next-gen.materialsproject.org/materials/mp-865129,HTTP 403
6178,NaYMg14,Computational Material,https://next-gen.materialsproject.org/materials/mp-1028037,HTTP 403
7609,LiSc2Os,Computational Material,https://next-gen.materialsproject.org/materials/mp-862887,HTTP 403
7639,PmInHg2,Semiconductor,https://next-gen.materialsproject.org/materials/mp-862919,HTTP 403
6299,CaMg14Zn,Computational Material,https://next-gen.materialsproject.org/materials/mp-1028173,HTTP 403
6880,Na3IrN2,Computational Material,https://next-gen.materialsproject.org/materials/mp-1029569,HTTP 403
8324,NaSrAu2,Computational Material,https://next-gen.materialsproject.org/materials/mp-865121,HTTP 403
8330,NaTl2Cd,Semiconductor,https://next-gen.materialsproject.org/materials/mp-865127,HTTP 403
7631,Ti2CoTc,Computational Material,https://next-gen.materialsproject.org/materials/mp-862911,HTTP 403
7636,PmInCu2,Semiconductor,https://next-gen.materialsproject.org/materials/mp-862916,HTTP 403
8327,NaSr2In,Semiconductor,https://next-gen.materialsproject.org/materials/mp-865124,HTTP 403
8333,Hf2MoRh,Computational Material,https://next-gen.materialsproject.org/materials/mp-865130,HTTP 403
8338,Lu4Ni13C4,Metal,https://next-gen.materialsproject.org/materials/mp-865141,HTTP 403
8337,MnGaRu2,Semiconductor,https://next-gen.materialsproject.org/materials/mp-865140,HTTP 403
1243,DyAu,Computational Material,https://next-gen.materialsproject.org/materials/mp-1007918,HTTP 403
7640,PmIn3,Semiconductor,https://next-gen.materialsproject.org/materials/mp-862920,HTTP 403
1960,Ba2LaWO6,Ceramic,https://next-gen.materialsproject.org/materials/mp-1522426,HTTP 403
6306,CaMg14Cu,Computational Material,https://next-gen.materialsproject.org/materials/mp-1028187,HTTP 403
8346,PaAlRu2,Computational Material,https://next-gen.materialsproject.org/materials/mp-865149,HTTP 403
8345,PaAlTc2,Computational Material,https://next-gen.materialsproject.org/materials/mp-865148,HTTP 403
7651,ErSnRh2,Computational Material,https://next-gen.materialsproject.org/materials/mp-862931,HTTP 403
2950,Hg,Computational Material,https://materialsproject.org/materials/mp-1525045,HTTP 403
8354,Dy2AlZn,Computational Material,https://next-gen.materialsproject.org/materials/mp-865159,HTTP 403
6305,CaMg14Zr,Computational Material,https://next-gen.materialsproject.org/materials/mp-1028164,HTTP 403
1244,LuCd,Computational Material,https://next-gen.materialsproject.org/materials/mp-2217,HTTP 403
1964,BaSrCeTiO6,Ceramic,https://next-gen.materialsproject.org/materials/mp-1522308,HTTP 403
8416,Be2NiIr,Computational Material,https://next-gen.materialsproject.org/materials/mp-865229,HTTP 403
7709,Er2NiIr,Computational Material,https://next-gen.materialsproject.org/materials/mp-862992,HTTP 403
6304,Mg14AlBi,Computational Material,https://next-gen.materialsproject.org/materials/mp-1028236,HTTP 403
7652,ThInAg2,Semiconductor,https://next-gen.materialsproject.org/materials/mp-862932,HTTP 403
11019,UNS S20431 Stainless Steel,Metal,https://content.ampp.org/corrosion/article/72/6/775/1720/Metal-Release-and-Corrosion-Resistance-of,HTTP 403
8420,TmMgZn2,Computational Material,https://next-gen.materialsproject.org/materials/mp-865233,HTTP 403
8360,HfScCo2,Computational Material,https://next-gen.materialsproject.org/materials/mp-865165,HTTP 403
8355,MgGeIr2,Semiconductor,https://next-gen.materialsproject.org/materials/mp-865160,HTTP 403
8421,TaZnRu2,Computational Material,https://next-gen.materialsproject.org/materials/mp-865234,HTTP 403
11733,7475-T7351 Aluminum,Metal,https://www.twmetals.com/products/plate/aluminum/7475.html,HTTP 403
7736,RbZnH2Se2ClO6,Ceramic,https://next-gen.materialsproject.org/materials/mp-863023,HTTP 403
8426,UF3,Computational Material,https://next-gen.materialsproject.org/materials/mp-18299,HTTP 403
7738,Rb2MgP4(HO2)8,Computational Material,https://next-gen.materialsproject.org/materials/mp-863025,HTTP 403
8427,Lu2MgIn,Semiconductor,https://next-gen.materialsproject.org/materials/mp-865240,HTTP 403
6324,NaCaMg14,Computational Material,https://next-gen.materialsproject.org/materials/mp-1028183,HTTP 403
6355,Mg14AlZn,Computational Material,https://next-gen.materialsproject.org/materials/mp-1028199,HTTP 403
6353,Mg14ZrAl,Computational Material,https://next-gen.materialsproject.org/materials/mp-1028216,HTTP 403
6339,SrCaMg14,Computational Material,https://next-gen.materialsproject.org/materials/mp-1028189,HTTP 403
7740,LiIn3,Semiconductor,https://next-gen.materialsproject.org/materials/mp-863027,HTTP 403
4046,Mg6VGa,Semiconductor,https://materialsproject.org/materials/mp-1021685,HTTP 403
7739,SmCl3,Computational Material,https://next-gen.materialsproject.org/materials/mp-863026,HTTP 403
7750,Ta6Pb4O19,Ceramic,https://next-gen.materialsproject.org/materials/mp-863066,HTTP 403
2969,RbCr5S8,Metal,https://materialsproject.org/materials/mp-1539137,HTTP 403
7754,LiV2CrO6,Ceramic,https://next-gen.materialsproject.org/materials/mp-1280737,HTTP 403
4241,Mg6TiFe,Computational Material,https://materialsproject.org/materials/mp-1022329,HTTP 403
4231,CeMg6Fe,Computational Material,https://materialsproject.org/materials/mp-1022236,HTTP 403
4051,Mg6VCr,Computational Material,https://materialsproject.org/materials/mp-1021690,HTTP 403
7752,NaNiCSO7,Ceramic,https://next-gen.materialsproject.org/materials/mp-863078,HTTP 403
2974,Cs2PtCl4,Metal,https://materialsproject.org/materials/mp-1539446,HTTP 403
1979,KSrCeSbO6,Semiconductor,https://next-gen.materialsproject.org/materials/mp-1522321,HTTP 403
1169,Ti,Computational Material,https://next-gen.materialsproject.org/materials/mp-72,HTTP 403
1158,Eu,Computational Material,https://next-gen.materialsproject.org/materials/mp-21462,HTTP 403
8448,LuMgRh2,Computational Material,https://next-gen.materialsproject.org/materials/mp-865271,HTTP 403
4355,NaYMg6,Computational Material,https://materialsproject.org/materials/mp-1022633,HTTP 403
1159,Sb,Computational Material,https://next-gen.materialsproject.org/materials/mp-104,HTTP 403
4357,YMg6Si,Semiconductor,https://materialsproject.org/materials/mp-1022635,HTTP 403
4726,HoCuSn,Computational Material,https://materialsproject.org/materials/mp-1024954,HTTP 403
4722,YB2Rh3,Computational Material,https://materialsproject.org/materials/mp-1024941,HTTP 403
4354,YMg6Cd,Semiconductor,https://materialsproject.org/materials/mp-1022632,HTTP 403
4720,Zr63S128,Metal,https://materialsproject.org/materials/mp-1024087,HTTP 403
1189,Mg,Computational Material,https://next-gen.materialsproject.org/materials/mp-153,HTTP 403
1183,Li,Computational Material,https://next-gen.materialsproject.org/materials/mp-1018134,HTTP 403
1201,HoAs,Computational Material,https://next-gen.materialsproject.org/materials/mp-295,HTTP 403
8449,Tl2CoP4(HO2)8,Ceramic,https://next-gen.materialsproject.org/materials/mp-865272,HTTP 403
1194,Ge,Computational Material,https://next-gen.materialsproject.org/materials/mp-32,HTTP 403
9963,"ASTM Grade 35 or 250 (ISO 250, EN-JL 1040, F12401) Grey Cast Iron",Metal,https://matweb.com/search/QuickText.aspx?SearchText=AISI%201040,HTTP 403
6387,Mg14AlSb,Semiconductor,https://next-gen.materialsproject.org/materials/mp-1028232,HTTP 403
1346,VO,Computational Material,https://next-gen.materialsproject.org/materials/mp-19184,HTTP 403
2657,SrMnNbBiO6,Ceramic,https://next-gen.materialsproject.org/materials/mp-1522554,HTTP 403
8023,HoI3,Computational Material,https://next-gen.materialsproject.org/materials/mp-864657,HTTP 403
2671,BaLiNbBiO6,Ceramic,https://next-gen.materialsproject.org/materials/mp-1522600,HTTP 403
2661,KCeNb4O12,Ceramic,https://next-gen.materialsproject.org/materials/mp-1522565,HTTP 403
2667,BaEuCrBiO6,Ceramic,https://next-gen.materialsproject.org/materials/mp-1522588,HTTP 403
2669,Ba2EuCrO6,Ceramic,https://next-gen.materialsproject.org/materials/mp-1522649,HTTP 403
1942,BaSrYVO6,Ceramic,https://next-gen.materialsproject.org/materials/mp-1522214,HTTP 403
1941,SrCeEuNbO6,Ceramic,https://next-gen.materialsproject.org/materials/mp-1522212,HTTP 403
2674,Ba2SrCrO6,Ceramic,https://next-gen.materialsproject.org/materials/mp-1522756,HTTP 403
4854,Ta4C3,Metal,https://materialsproject.org/materials/mp-1025192,HTTP 403
2662,BaSrPrSnO6,Computational Material,https://materialsproject.org/materials/mp-1522571,HTTP 403
8211,Hf2CuOs,Computational Material,https://materialsproject.org/materials/mp-864974,HTTP 403
8128,DyCdHg2,Semiconductor,https://materialsproject.org/materials/mp-864884,HTTP 403
2664,SrMnInWO6,Semiconductor,https://materialsproject.org/materials/mp-1522574,HTTP 403
8118,NbZnRu2,Computational Material,https://materialsproject.org/materials/mp-864840,HTTP 403
8451,TlInS2,Semiconductor,https://materialsproject.org/materials/mp-865274,HTTP 403
2679,BaSrTbTiO6,Ceramic,https://next-gen.materialsproject.org/materials/mp-1522616,HTTP 403
2683,Sr2CeTiO6,Ceramic,https://next-gen.materialsproject.org/materials/mp-1522630,HTTP 403
8130,MgH4(NO4)2,Computational Material,https://materialsproject.org/materials/mp-864887,HTTP 403
2681,BaSrSmFeO6,Ceramic,https://next-gen.materialsproject.org/materials/mp-1522620,HTTP 403
1620,Y2ZnSnO6,Ceramic,https://next-gen.materialsproject.org/materials/mp-aaaieisy,HTTP 403
2666,KCePrGeO6,Semiconductor,https://materialsproject.org/materials/mp-1522582,HTTP 403
8107,TbInPd2,Semiconductor,https://materialsproject.org/materials/mp-864808,HTTP 403
1945,BaSrLaBiO6,Computational Material,https://materialsproject.org/materials/mp-1522224,HTTP 403
2673,KHfInWO6,Semiconductor,https://materialsproject.org/materials/mp-1522604,HTTP 403
5807,MoW3(SeS)4,Metal,https://materialsproject.org/materials/mp-1027112,HTTP 403
5399,BaMg14Sb,Semiconductor,https://materialsproject.org/materials/mp-1026541,HTTP 403
8214,Dy2AgOs,Computational Material,https://materialsproject.org/materials/mp-864977,HTTP 403
2693,BaEuCr4O12,Ceramic,https://next-gen.materialsproject.org/materials/mp-1522661,HTTP 403
2692,NaSrLaFeO6,Ceramic,https://next-gen.materialsproject.org/materials/mp-1522660,HTTP 403
2684,KTbNdSbO6,Semiconductor,https://materialsproject.org/materials/mp-1522631,HTTP 403
2687,NaLaInSbO6,Semiconductor,https://materialsproject.org/materials/mp-1522634,HTTP 403
1630,Sr3Al2(GeO4)3,Semiconductor,https://materialsproject.org/materials/mp-aaaieiuo,HTTP 403
1958,EuZrFeBiO6,Ceramic,https://next-gen.materialsproject.org/materials/mp-1522264,HTTP 403
2688,CaCeEuGeO6,Semiconductor,https://materialsproject.org/materials/mp-1522640,HTTP 403
2698,KLaCuWO6,Ceramic,https://next-gen.materialsproject.org/materials/mp-1522686,HTTP 403
2704,KLaHfCrO6,Ceramic,https://next-gen.materialsproject.org/materials/mp-1522697,HTTP 403
1619,SiPbO3,Semiconductor,https://materialsproject.org/materials/mp-aaaieisu,HTTP 403
6364,Mg14TiAl,Computational Material,https://materialsproject.org/materials/mp-1028209,HTTP 403
2713,NaPrYFeO6,Ceramic,https://next-gen.materialsproject.org/materials/mp-1522734,HTTP 403
6343,CaMg14Al,Computational Material,https://materialsproject.org/materials/mp-1028190,HTTP 403
8425,Lu2MgAl,Computational Material,https://materialsproject.org/materials/mp-865238,HTTP 403
6363,LiMg14Al,Computational Material,https://materialsproject.org/materials/mp-1028208,HTTP 403
8315,NaNdAu2,Computational Material,https://materialsproject.org/materials/mp-865113,HTTP 403
8415,LiScPt2,Computational Material,https://materialsproject.org/materials/mp-865228,HTTP 403
8422,Ti6Al16Ni7,Metal,https://materialsproject.org/materials/mp-865235,HTTP 403
8417,TmMgRh2,Computational Material,https://materialsproject.org/materials/mp-865230,HTTP 403
6362,Mg14AlFe,Computational Material,https://materialsproject.org/materials/mp-1028207,HTTP 403
2697,NaSrTiBiO6,Ceramic,https://next-gen.materialsproject.org/materials/mp-1522682,HTTP 403
2716,BaNdEuVO6,Ceramic,https://next-gen.materialsproject.org/materials/mp-1522754,HTTP 403
6365,Mg14AlSi,Semiconductor,https://materialsproject.org/materials/mp-1028210,HTTP 403
2705,KHfSnSbO6,Semiconductor,https://materialsproject.org/materials/mp-1522710,HTTP 403
2699,KZrInWO6,Semiconductor,https://materialsproject.org/materials/mp-1522688,HTTP 403
7307,KMg6TiO8,Ceramic,https://next-gen.materialsproject.org/materials/mp-1031348,HTTP 403
7309,Mg6TiBiO8,Ceramic,https://next-gen.materialsproject.org/materials/mp-1031351,HTTP 403
7302,Mg6TiBO8,Ceramic,https://next-gen.materialsproject.org/materials/mp-1031319,HTTP 403
8428,TmNbOs2,Computational Material,https://materialsproject.org/materials/mp-865241,HTTP 403
2708,KSrSnBiO6,Computational Material,https://materialsproject.org/materials/mp-1522717,HTTP 403
7308,LiMg6TiO8,Ceramic,https://next-gen.materialsproject.org/materials/mp-1031344,HTTP 403
2715,SrHf4SnO12,Ceramic,https://next-gen.materialsproject.org/materials/mp-1522741,HTTP 403
8430,GaFeIr2,Semiconductor,https://materialsproject.org/materials/mp-865247,HTTP 403
8429,EuBi3,Computational Material,https://materialsproject.org/materials/mp-865246,HTTP 403
4845,Mn(CrSe2)2,Metal,https://next-gen.materialsproject.org/materials/mp-1025180,HTTP 403
1723,SrZrNbInO6,Semiconductor,https://materialsproject.org/materials/mp-1521570,HTTP 403
8225,Mn2AlCr,Metal,https://next-gen.materialsproject.org/materials/mp-864988,HTTP 403
2709,KGd(FeO3)4,Ceramic,https://materialsproject.org/materials/mp-1522719,HTTP 403
2711,NaPrHfGaO6,Semiconductor,https://materialsproject.org/materials/mp-1522723,HTTP 403
7305,KLaMg6O8,Computational Material,https://materialsproject.org/materials/mp-1031330,HTTP 403
1767,SrCaFeSnO6,Ceramic,https://next-gen.materialsproject.org/materials/mp-1521717,HTTP 403
8436,LuMgPd2,Computational Material,https://materialsproject.org/materials/mp-865253,HTTP 403
7310,KCeMg6O8,Computational Material,https://materialsproject.org/materials/mp-1031346,HTTP 403
8433,TmTc2W,Computational Material,https://materialsproject.org/materials/mp-865250,HTTP 403
8435,TmSnRh2,Computational Material,https://materialsproject.org/materials/mp-865252,HTTP 403
8431,TmNbRu2,Computational Material,https://materialsproject.org/materials/mp-865248,HTTP 403
8437,TbYbHg2,Computational Material,https://materialsproject.org/materials/mp-865254,HTTP 403
8432,TmSnRu2,Computational Material,https://materialsproject.org/materials/mp-865249,HTTP 403
8434,TmThTc2,Computational Material,https://materialsproject.org/materials/mp-865251,HTTP 403
8438,LuNbRu2,Computational Material,https://materialsproject.org/materials/mp-865255,HTTP 403
8452,TmZrOs2,Computational Material,https://materialsproject.org/materials/mp-865275,HTTP 403
8457,Tm2AgPt,Computational Material,https://materialsproject.org/materials/mp-865281,HTTP 403
8458,Tm2AgRu,Computational Material,https://materialsproject.org/materials/mp-865282,HTTP 403
8459,Tm2AlOs,Computational Material,https://materialsproject.org/materials/mp-865283,HTTP 403
8456,NbAlFe2,Metal,https://materialsproject.org/materials/mp-865280,HTTP 403
8460,Tm2CdOs,Semiconductor,https://materialsproject.org/materials/mp-865284,HTTP 403
7852,CuH10SeO9,Ceramic,https://next-gen.materialsproject.org/materials/mp-863429,HTTP 403
7856,Ba5V5O14,Ceramic,https://next-gen.materialsproject.org/materials/mp-1183410,HTTP 403
7320,Mg6SnBiO8,Computational Material,https://materialsproject.org/materials/mp-1031378,HTTP 403
7322,HfMg6SnO8,Ceramic,https://next-gen.materialsproject.org/materials/mp-1031469,HTTP 403
7863,Li2Fe3SnO8,Ceramic,https://next-gen.materialsproject.org/materials/mp-773163,HTTP 403
7323,BaMg6TiO8,Ceramic,https://next-gen.materialsproject.org/materials/mp-1031397,HTTP 403
7861,Ta2Co4O9,Ceramic,https://next-gen.materialsproject.org/materials/mp-863438,HTTP 403
1770,KSrPrSbO6,Semiconductor,https://materialsproject.org/materials/mp-1521724,HTTP 403
8516,YbCd3,Semiconductor,https://materialsproject.org/materials/mp-865366,HTTP 403
8439,LuMgZn2,Computational Material,https://materialsproject.org/materials/mp-865256,HTTP 403
7842,LiNi(PO3)3,Ceramic,https://materialsproject.org/materials/mp-863419,HTTP 403
7841,LiNi4(PO4)3,Ceramic,https://materialsproject.org/materials/mp-863418,HTTP 403
6367,LaMg14Al,Computational Material,https://materialsproject.org/materials/mp-1028212,HTTP 403
6373,NaMg14Al,Computational Material,https://materialsproject.org/materials/mp-1028218,HTTP 403
7843,Rb4H4C3O10,Computational Material,https://materialsproject.org/materials/mp-863420,HTTP 403
8520,YCo,Computational Material,https://materialsproject.org/materials/mp-865373,HTTP 403
7850,Li3Si2BiO7,Semiconductor,https://materialsproject.org/materials/mp-863427,HTTP 403
7853,Zn3In2O6,Semiconductor,https://materialsproject.org/materials/mp-863430,HTTP 403
7854,Li2Si3NiO8,Semiconductor,https://materialsproject.org/materials/mp-863431,HTTP 403
7855,Co(IO3)2,Ceramic,https://materialsproject.org/materials/mp-863432,HTTP 403
7860,Li9V5(Si5O16)2,Semiconductor,https://materialsproject.org/materials/mp-863437,HTTP 403
7864,CaHg3,Computational Material,https://materialsproject.org/materials/mp-863648,HTTP 403
7858,Co3(AsO4)2,Semiconductor,https://materialsproject.org/materials/mp-863435,HTTP 403
7865,Ho2CdIn,Semiconductor,https://materialsproject.org/materials/mp-863651,HTTP 403
7862,LiNi(PO3)4,Ceramic,https://materialsproject.org/materials/mp-863439,HTTP 403
7857,Li3Mn2(PO4)3,Ceramic,https://materialsproject.org/materials/mp-863434,HTTP 403
10444,SAE-AISI 6118 (G61180) Chromium-Vanadium Steel,Metal,https://dl.asminternational.org/technical-books/monograph/141/chapter/2418802/Classification-of-Carbon-and-Low-Alloy-Steels,HTTP 403
7869,PmH,Computational Material,https://materialsproject.org/materials/mp-863656,HTTP 403
7870,PmCl2,Computational Material,https://materialsproject.org/materials/mp-863657,HTTP 403
7866,Ho2CdOs,Semiconductor,https://materialsproject.org/materials/mp-863652,HTTP 403
7867,Pm2CdSi,Semiconductor,https://materialsproject.org/materials/mp-863654,HTTP 403
10447,SAE-AISI 81B45 (G81451) Boron Steel,Metal,https://dl.asminternational.org/technical-books/monograph/141/chapter/2418802/Classification-of-Carbon-and-Low-Alloy-Steels,HTTP 403
10453,SAE-AISI 8645 (G86450) Ni-Cr-Mo Steel,Metal,https://dl.asminternational.org/technical-books/monograph/141/chapter/2418802/Classification-of-Carbon-and-Low-Alloy-Steels,HTTP 403
7868,Pm2CdSn,Semiconductor,https://materialsproject.org/materials/mp-863655,HTTP 403
10457,SAE-AISI 4718 (G47180) Ni-Cr-Mo Steel,Metal,https://dl.asminternational.org/technical-books/monograph/141/chapter/2418802/Classification-of-Carbon-and-Low-Alloy-Steels,HTTP 403
7874,Pm2CuGe,Semiconductor,https://materialsproject.org/materials/mp-863664,HTTP 403
7872,LiScHg2,Computational Material,https://materialsproject.org/materials/mp-863659,HTTP 403
7873,Pm2CoIr,Computational Material,https://materialsproject.org/materials/mp-863660,HTTP 403
7871,PmCl3,Computational Material,https://materialsproject.org/materials/mp-863658,HTTP 403
2654,BaCaSmNbO6,Ceramic,https://next-gen.materialsproject.org/materials/mp-1522556,HTTP 403
2652,BaHfZrSnO6,Ceramic,https://next-gen.materialsproject.org/materials/mp-1522542,HTTP 403
7875,Pm2CuIr,Computational Material,https://materialsproject.org/materials/mp-863665,HTTP 403
1775,BaTi4SnO12,Ceramic,https://next-gen.materialsproject.org/materials/mp-1521740,HTTP 403
7326,Mg6TiCdO8,Semiconductor,https://materialsproject.org/materials/mp-1031405,HTTP 403
7332,Mg6TiCrO8,Ceramic,https://next-gen.materialsproject.org/materials/mp-1031428,HTTP 403
1776,NaSrEuWO6,Ceramic,https://next-gen.materialsproject.org/materials/mp-1517020,HTTP 403
6377,Mg14AlGa,Semiconductor,https://materialsproject.org/materials/mp-1028222,HTTP 403
6376,Mg14AlCd,Semiconductor,https://materialsproject.org/materials/mp-1028221,HTTP 403
6375,Mg14AlW,Computational Material,https://materialsproject.org/materials/mp-1028220,HTTP 403
7929,Pm2PtRh,Computational Material,https://materialsproject.org/materials/mp-863732,HTTP 403
2653,BaCeEuSbO6,Semiconductor,https://materialsproject.org/materials/mp-1522543,HTTP 403
2682,BaCa(NiO3)4,Ceramic,https://materialsproject.org/materials/mp-1522623,HTTP 403
10465,SAE-AISI 50B44 (G50441) Boron Steel,Metal,https://dl.asminternational.org/handbooks/edited-volume/9/chapter/109242/Heat-Treating-of-Low-Alloy-Steels,HTTP 403
6382,Mg14AlB,Computational Material,https://materialsproject.org/materials/mp-1028227,HTTP 403
7350,NaMg6AlO8,Ceramic,https://next-gen.materialsproject.org/materials/mp-1031510,HTTP 403
7938,Pm2PdRu,Computational Material,https://materialsproject.org/materials/mp-863741,HTTP 403
7936,ErCdRh2,Semiconductor,https://materialsproject.org/materials/mp-863739,HTTP 403
8530,Tm2OsRu,Computational Material,https://materialsproject.org/materials/mp-865383,HTTP 403
8532,V3Re,Computational Material,https://materialsproject.org/materials/mp-865385,HTTP 403
7339,Mg6SiSnO8,Semiconductor,https://materialsproject.org/materials/mp-1031460,HTTP 403
8531,Tm2PdRu,Computational Material,https://materialsproject.org/materials/mp-865384,HTTP 403
7937,Pm2IrRu,Computational Material,https://materialsproject.org/materials/mp-863740,HTTP 403
8533,GdGa3,Semiconductor,https://materialsproject.org/materials/mp-865386,HTTP 403
8536,Tm2ZnTc,Computational Material,https://materialsproject.org/materials/mp-865401,HTTP 403
8535,ThPt3,Computational Material,https://materialsproject.org/materials/mp-865400,HTTP 403
8534,Ac2ZnIr,Computational Material,https://materialsproject.org/materials/mp-865398,HTTP 403
7945,TbBS3,Computational Material,https://materialsproject.org/materials/mp-863748,HTTP 403
7951,KYSiS4,Semiconductor,https://materialsproject.org/materials/mp-863754,HTTP 403
7944,K4P2PdS8,Metal,https://materialsproject.org/materials/mp-863747,HTTP 403
2788,BaSrV4O12,Ceramic,https://next-gen.materialsproject.org/materials/mp-1522965,HTTP 403
10467,SAE-AISI 8655 (G86550) Ni-Cr-Mo Steel,Metal,https://dl.asminternational.org/technical-books/monograph/141/chapter/2418802/Classification-of-Carbon-and-Low-Alloy-Steels,HTTP 403
8540,Lu2ZnAu,Computational Material,https://materialsproject.org/materials/mp-865406,HTTP 403
8539,Tm3ReB7,Computational Material,https://materialsproject.org/materials/mp-865404,HTTP 403
8537,TmAlCu,Computational Material,https://materialsproject.org/materials/mp-865402,HTTP 403
2792,KNdZnWO6,Ceramic,https://next-gen.materialsproject.org/materials/mp-1522980,HTTP 403
8542,LuThRu2,Computational Material,https://materialsproject.org/materials/mp-865410,HTTP 403
8541,UTc2Sn,Computational Material,https://materialsproject.org/materials/mp-865409,HTTP 403
2796,Na2BiWO6,Ceramic,https://next-gen.materialsproject.org/materials/mp-1522988,HTTP 403
2795,SrCaHfZrO6,Ceramic,https://next-gen.materialsproject.org/materials/mp-1522984,HTTP 403
8543,GdAl3,Computational Material,https://materialsproject.org/materials/mp-865411,HTTP 403
8545,Lu2TcPd,Computational Material,https://materialsproject.org/materials/mp-865413,HTTP 403
2797,EuHfCrSnO6,Ceramic,https://next-gen.materialsproject.org/materials/mp-1523067,HTTP 403
10531,EN 1.0528 (C30) Non-Alloy Steel,Metal,https://dl.asminternational.org/alloy-digest/article/69/9/CS-206/10035/LUCEFIN-GROUP-C30-1-0528-C30E-1-1178-C30R-1-1179,HTTP 403
8549,U2Fe12P7,Metal,https://materialsproject.org/materials/mp-865419,HTTP 403
8546,Lu2ZnPt,Computational Material,https://materialsproject.org/materials/mp-865414,HTTP 403
7954,K2SbAu,Semiconductor,https://materialsproject.org/materials/mp-863757,HTTP 403
8547,YbTmPt2,Computational Material,https://materialsproject.org/materials/mp-865415,HTTP 403
8548,LuThTc2,Computational Material,https://materialsproject.org/materials/mp-865416,HTTP 403
7953,K2Mn3P4(HO3)4,Ceramic,https://materialsproject.org/materials/mp-863756,HTTP 403
10537,SAE-AISI 1030 (G10300) Carbon Steel,Metal,https://matweb.com/search/QuickText.aspx?SearchText=AISI%201030,HTTP 403
10539,SAE-AISI 1025 (G10250) Carbon Steel,Metal,https://matweb.com/search/QuickText.aspx?SearchText=AISI%201025,HTTP 403
2808,KLaDyMnO6,Ceramic,https://next-gen.materialsproject.org/materials/mp-1523024,HTTP 403
7959,AlTlSe2,Metal,https://materialsproject.org/materials/mp-863762,HTTP 403
2803,SrSmDyMnO6,Ceramic,https://next-gen.materialsproject.org/materials/mp-1523010,HTTP 403
2805,EuMgBiSbO6,Semiconductor,https://materialsproject.org/materials/mp-1523017,HTTP 403
7364,Mg6NbVO8,Ceramic,https://next-gen.materialsproject.org/materials/mp-1031603,HTTP 403
7975,Nd2MgTl,Computational Material,https://materialsproject.org/materials/mp-864602,HTTP 403
8550,Lu2CuTc,Computational Material,https://materialsproject.org/materials/mp-865420,HTTP 403
7979,NpGaRh2,Semiconductor,https://materialsproject.org/materials/mp-864608,HTTP 403
3889,Mg6TiGa,Semiconductor,https://materialsproject.org/materials/mp-1021312,HTTP 403
3886,KLiMg6,Computational Material,https://materialsproject.org/materials/mp-1021309,HTTP 403
8515,Tm2NiIr,Computational Material,https://materialsproject.org/materials/mp-865365,HTTP 403
2800,NaSrTbSeO6,Computational Material,https://materialsproject.org/materials/mp-1523004,HTTP 403
2798,NaCaGdSeO6,Computational Material,https://materialsproject.org/materials/mp-1522999,HTTP 403
7973,TbSnRh2,Computational Material,https://materialsproject.org/materials/mp-864600,HTTP 403
7978,ZrCdPd2,Semiconductor,https://materialsproject.org/materials/mp-864607,HTTP 403
7974,LiMg2Rh,Computational Material,https://materialsproject.org/materials/mp-864601,HTTP 403
7358,Mg6AlSiO8,Semiconductor,https://materialsproject.org/materials/mp-1031540,HTTP 403
7353,Mg6CdSnO8,Semiconductor,https://materialsproject.org/materials/mp-1031523,HTTP 403
3899,LiMg6W,Computational Material,https://materialsproject.org/materials/mp-1021322,HTTP 403
7356,BaMg6SnO8,Computational Material,https://materialsproject.org/materials/mp-1031535,HTTP 403
3900,LiC12,Computational Material,https://materialsproject.org/materials/mp-1021323,HTTP 403
8519,Tm2OsAu,Computational Material,https://materialsproject.org/materials/mp-865369,HTTP 403
8521,Tm2OsPd,Computational Material,https://materialsproject.org/materials/mp-865374,HTTP 403
3898,Mg6TiSb,Semiconductor,https://materialsproject.org/materials/mp-1021321,HTTP 403
7361,Mg6SnCO8,Computational Material,https://materialsproject.org/materials/mp-1031550,HTTP 403
8517,Tm2NiRu,Computational Material,https://materialsproject.org/materials/mp-865367,HTTP 403
8522,Tm2OsRh,Computational Material,https://materialsproject.org/materials/mp-865375,HTTP 403
8518,Tm2NiOs,Computational Material,https://materialsproject.org/materials/mp-865368,HTTP 403
8523,YMg3,Computational Material,https://materialsproject.org/materials/mp-865376,HTTP 403
8528,Tm2IrRu,Computational Material,https://materialsproject.org/materials/mp-865381,HTTP 403
8529,V3Ru,Computational Material,https://materialsproject.org/materials/mp-865382,HTTP 403
8524,Th3Au4,Computational Material,https://materialsproject.org/materials/mp-865377,HTTP 403
10552,EN 1.1203 (C55E) Non-Alloy Steel,Metal,https://dl.asminternational.org/alloy-digest/article-pdf/71/3/CS-219/653671/ad_v71_03_cs-219.pdf,HTTP 403
8527,Tm2PdPt,Computational Material,https://materialsproject.org/materials/mp-865380,HTTP 403
8526,LuSnRu2,Computational Material,https://materialsproject.org/materials/mp-865379,HTTP 403
8525,LuSnRh2,Computational Material,https://materialsproject.org/materials/mp-865378,HTTP 403
10564,EN 1.1060 (C35RC) Non-Alloy Steel,Metal,https://matweb.com/search/QuickText.aspx?SearchText=AISI%201060,HTTP 403
7370,LiAcTl2,Computational Material,https://materialsproject.org/materials/mp-862549,HTTP 403
7369,Sc2AlZn,Computational Material,https://materialsproject.org/materials/mp-862548,HTTP 403
8058,HoMgTl2,Computational Material,https://materialsproject.org/materials/mp-864747,HTTP 403
2813,CaSmTi4O12,Ceramic,https://next-gen.materialsproject.org/materials/mp-1523037,HTTP 403
2814,SrGdZrTiO6,Ceramic,https://next-gen.materialsproject.org/materials/mp-1523038,HTTP 403
8059,Gd2MgIn,Semiconductor,https://materialsproject.org/materials/mp-864748,HTTP 403
10655,SAE-AISI 1015 (G10150) Carbon Steel,Metal,https://matweb.com/search/QuickText.aspx?SearchText=AISI%201015,HTTP 403
8057,Na3ZrF8,Metal,https://materialsproject.org/materials/mp-864745,HTTP 403
2816,Sr2HfTiO6,Ceramic,https://next-gen.materialsproject.org/materials/mp-1218807,HTTP 403
8260,Mn2VSi,Semiconductor,https://next-gen.materialsproject.org/materials/mp-865026,HTTP 403
2815,SrCePrCoO6,Ceramic,https://next-gen.materialsproject.org/materials/mp-1523044,HTTP 403
8256,MnIr3,Computational Material,https://next-gen.materialsproject.org/materials/mp-865022,HTTP 403
2823,CaEuZr2O6,Ceramic,https://next-gen.materialsproject.org/materials/mp-1523074,HTTP 403
8069,LiMg2Zn,Computational Material,https://materialsproject.org/materials/mp-864762,HTTP 403
2817,BaEuInBiO6,Semiconductor,https://materialsproject.org/materials/mp-1523047,HTTP 403
8068,Ta2MnOs,Computational Material,https://materialsproject.org/materials/mp-864761,HTTP 403
8073,NaMgSO4F,Computational Material,https://materialsproject.org/materials/mp-864766,HTTP 403
8074,YbZn11,Computational Material,https://materialsproject.org/materials/mp-864767,HTTP 403
2820,KPrNbInO6,Semiconductor,https://materialsproject.org/materials/mp-1523059,HTTP 403
8075,LiSnIr2,Computational Material,https://materialsproject.org/materials/mp-864768,HTTP 403
8134,NaPO3,Computational Material,https://materialsproject.org/materials/mp-864891,HTTP 403
8133,Hf2FeIr,Computational Material,https://materialsproject.org/materials/mp-864890,HTTP 403
8556,YbNdAg2,Computational Material,https://materialsproject.org/materials/mp-865426,HTTP 403
8552,YbTmRh2,Computational Material,https://materialsproject.org/materials/mp-865422,HTTP 403
8554,CsUO3,Computational Material,https://materialsproject.org/materials/mp-865424,HTTP 403
8553,UB4W,Computational Material,https://materialsproject.org/materials/mp-865423,HTTP 403
8551,UGaTc2,Semiconductor,https://materialsproject.org/materials/mp-865421,HTTP 403
8555,ZnPd3,Metal,https://materialsproject.org/materials/mp-865425,HTTP 403
8559,YbYRh2,Computational Material,https://materialsproject.org/materials/mp-865429,HTTP 403
8557,KSrCO3F,Computational Material,https://materialsproject.org/materials/mp-865427,HTTP 403
8146,MgTaRu2,Computational Material,https://materialsproject.org/materials/mp-864903,HTTP 403
8560,YTe,Computational Material,https://materialsproject.org/materials/mp-865430,HTTP 403
8145,MgTlRh2,Computational Material,https://materialsproject.org/materials/mp-864902,HTTP 403
8562,Y2NiIr,Computational Material,https://materialsproject.org/materials/mp-865432,HTTP 403
8144,LaAu3,Computational Material,https://materialsproject.org/materials/mp-864901,HTTP 403
8147,HoCdAg2,Semiconductor,https://materialsproject.org/materials/mp-864904,HTTP 403
8563,Y2MgRu,Computational Material,https://materialsproject.org/materials/mp-865433,HTTP 403
8561,YbZnAu2,Computational Material,https://materialsproject.org/materials/mp-865431,HTTP 403
10508,SAE-AISI 4012 (G40120) Molybdenum Steel,Metal,https://www.academia.edu/128678377/COMPARATIVE_WORLD_STEEL_S_TA_N_DA_R_D_S,HTTP 403
7372,LiEr2Ir,Computational Material,https://materialsproject.org/materials/mp-862554,HTTP 403
7373,LiY2Al,Computational Material,https://materialsproject.org/materials/mp-862555,HTTP 403
7374,ScSiPd2,Semiconductor,https://materialsproject.org/materials/mp-862556,HTTP 403
7376,LaCd3,Semiconductor,https://materialsproject.org/materials/mp-862559,HTTP 403
7377,Cu3Mo2(HO5)2,Ceramic,https://materialsproject.org/materials/mp-862560,HTTP 403
7378,ScSbRu2,Semiconductor,https://materialsproject.org/materials/mp-862561,HTTP 403
7375,LiEr2Os,Computational Material,https://materialsproject.org/materials/mp-862558,HTTP 403
8564,LuZrRu2,Computational Material,https://materialsproject.org/materials/mp-865434,HTTP 403
8156,HfBr3,Metal,https://materialsproject.org/materials/mp-864915,HTTP 403
8158,Dy2NiRu,Computational Material,https://materialsproject.org/materials/mp-864917,HTTP 403
8157,Hf2TcRh,Computational Material,https://materialsproject.org/materials/mp-864916,HTTP 403
6403,CsMg14Al,Computational Material,https://materialsproject.org/materials/mp-1028248,HTTP 403
8155,Na3UF8,Computational Material,https://materialsproject.org/materials/mp-864913,HTTP 403
6395,Mg14AlCr,Computational Material,https://materialsproject.org/materials/mp-1028240,HTTP 403
6399,Mg14AlCu,Computational Material,https://materialsproject.org/materials/mp-1028244,HTTP 403
6404,BaMg14Al,Computational Material,https://materialsproject.org/materials/mp-1028249,HTTP 403
6405,SrMg14Al,Computational Material,https://materialsproject.org/materials/mp-1028250,HTTP 403
8160,MgTiRh2,Computational Material,https://materialsproject.org/materials/mp-864919,HTTP 403
8159,NpN2,Computational Material,https://materialsproject.org/materials/mp-864918,HTTP 403
10543,EN 1.1191 (C45E) Non-Alloy Steel,Metal,https://dl.asminternational.org/alloy-digest/article/69/1/CS-203/8486/LUCEFIN-GROUP-C45-1-0503-C45E-1-1191-C45R-1-1201,HTTP 403
2806,Sr2TbHfO6,Ceramic,https://next-gen.materialsproject.org/materials/mp-1523019,HTTP 403
8236,Dy2IrRh,Computational Material,https://materialsproject.org/materials/mp-864999,HTTP 403
8237,HfScIr2,Computational Material,https://materialsproject.org/materials/mp-865000,HTTP 403
8251,Dy2ZnRu,Computational Material,https://materialsproject.org/materials/mp-865017,HTTP 403
8253,HfGaRh2,Semiconductor,https://materialsproject.org/materials/mp-865019,HTTP 403
2826,KYSnWO6,Ceramic,https://next-gen.materialsproject.org/materials/mp-1523077,HTTP 403
8252,CuBiPtS3,Metal,https://materialsproject.org/materials/mp-865018,HTTP 403
8262,AcTlTe2,Computational Material,https://materialsproject.org/materials/mp-865028,HTTP 403
2811,SrDy(CoO3)4,Ceramic,https://materialsproject.org/materials/mp-1523033,HTTP 403
8263,LiPaRu2,Computational Material,https://materialsproject.org/materials/mp-865029,HTTP 403
8261,Mn3Ge,Semiconductor,https://materialsproject.org/materials/mp-865027,HTTP 403
8264,HfScRu2,Computational Material,https://materialsproject.org/materials/mp-865030,HTTP 403
8255,Be2RuPt,Computational Material,https://materialsproject.org/materials/mp-865021,HTTP 403
6653,Te3W2S,Metal,https://materialsproject.org/materials/mp-1028755,HTTP 403
8266,Mn2PtRh,Computational Material,https://materialsproject.org/materials/mp-865032,HTTP 403
8267,CeMgAg2,Computational Material,https://materialsproject.org/materials/mp-865037,HTTP 403
2827,KBaGdWO6,Ceramic,https://next-gen.materialsproject.org/materials/mp-1523079,HTTP 403
6669,MoW3Se8,Metal,https://materialsproject.org/materials/mp-1028823,HTTP 403
6787,Zn2ReN3,Metal,https://materialsproject.org/materials/mp-1029257,HTTP 403
8265,Mg2ZnB2Ir5,Computational Material,https://materialsproject.org/materials/mp-865031,HTTP 403
8269,HfTc2Sn,Computational Material,https://materialsproject.org/materials/mp-865039,HTTP 403
6393,Mg14AlMo,Computational Material,https://materialsproject.org/materials/mp-1028238,HTTP 403
8268,HfTaTc2,Computational Material,https://materialsproject.org/materials/mp-865038,HTTP 403
6783,LiRuN,Computational Material,https://materialsproject.org/materials/mp-1029251,HTTP 403
1884,BaDy(FeO3)4,Ceramic,https://materialsproject.org/materials/mp-1522063,HTTP 403
10498,SAE-AISI 4024 (G40240) Molybdenum Steel,Metal,https://dl.asminternational.org/technical-books/monograph/141/chapter/2418802/Classification-of-Carbon-and-Low-Alloy-Steels,HTTP 403
8270,HfScRh2,Computational Material,https://materialsproject.org/materials/mp-865041,HTTP 403
8274,MnRu3,Computational Material,https://materialsproject.org/materials/mp-865045,HTTP 403
8273,MgInIr2,Semiconductor,https://materialsproject.org/materials/mp-865044,HTTP 403
8271,MgInPd2,Semiconductor,https://materialsproject.org/materials/mp-865043,HTTP 403
2828,Ba2InBiO6,Semiconductor,https://materialsproject.org/materials/mp-1523085,HTTP 403
8276,Mg2AlB2Ir5,Computational Material,https://materialsproject.org/materials/mp-865047,HTTP 403
1886,BaInFeWO6,Semiconductor,https://materialsproject.org/materials/mp-1522067,HTTP 403
8275,LiPaPt2,Computational Material,https://materialsproject.org/materials/mp-865046,HTTP 403
1503,CaMg(CO3)2,Computational Material,https://materialsproject.org/materials/mp-3346392,HTTP 403
1812,SrSm(CoO3)4,Ceramic,https://materialsproject.org/materials/mp-1521847,HTTP 403
7379,Sc2BeTc,Computational Material,https://materialsproject.org/materials/mp-862563,HTTP 403
8282,Li2EuGe,Semiconductor,https://materialsproject.org/materials/mp-865067,HTTP 403
8277,TiZnIr2,Computational Material,https://materialsproject.org/materials/mp-865048,HTTP 403
8279,HfMgRh2,Computational Material,https://materialsproject.org/materials/mp-865050,HTTP 403
2622,SrCaNbInO6,Semiconductor,https://materialsproject.org/materials/mp-1522466,HTTP 403
2643,SrMn(SeO3)4,Ceramic,https://materialsproject.org/materials/mp-1522521,HTTP 403
7460,Sc2CdIn,Semiconductor,https://materialsproject.org/materials/mp-862711,HTTP 403
8278,HfMgPd2,Computational Material,https://materialsproject.org/materials/mp-865049,HTTP 403
8280,NaCa2Tl,Computational Material,https://materialsproject.org/materials/mp-865051,HTTP 403
1896,KIn(WO3)4,Semiconductor,https://materialsproject.org/materials/mp-1522089,HTTP 403
8281,HfInRh2,Semiconductor,https://materialsproject.org/materials/mp-865066,HTTP 403
8283,NaCd2Pt,Semiconductor,https://materialsproject.org/materials/mp-865076,HTTP 403
8286,TiZnPd2,Metal,https://materialsproject.org/materials/mp-865079,HTTP 403
8285,Gd2Mg,Computational Material,https://materialsproject.org/materials/mp-865078,HTTP 403
8284,NaCd3,Semiconductor,https://materialsproject.org/materials/mp-865077,HTTP 403
2836,KBaPrWO6,Ceramic,https://next-gen.materialsproject.org/materials/mp-1523149,HTTP 403
8082,LiYb2Hg,Computational Material,https://materialsproject.org/materials/mp-864781,HTTP 403
8342,NaTl2Bi,Computational Material,https://materialsproject.org/materials/mp-865145,HTTP 403
2834,KSrEuWO6,Ceramic,https://next-gen.materialsproject.org/materials/mp-1523094,HTTP 403
8343,MgAsPt5,Semiconductor,https://materialsproject.org/materials/mp-865146,HTTP 403
2831,BaCaEuBiO6,Computational Material,https://materialsproject.org/materials/mp-1523088,HTTP 403
8341,CdAu3,Semiconductor,https://materialsproject.org/materials/mp-865144,HTTP 403
2841,KSrLaMnO6,Ceramic,https://next-gen.materialsproject.org/materials/mp-1523124,HTTP 403
8340,BaYbCdSb2,Semiconductor,https://materialsproject.org/materials/mp-865143,HTTP 403
2832,Ba2LaSbO6,Semiconductor,https://materialsproject.org/materials/mp-1523089,HTTP 403
2833,Sr2ZrGeO6,Semiconductor,https://materialsproject.org/materials/mp-1523090,HTTP 403
1663,Sr3Ga2(SiO4)3,Semiconductor,https://materialsproject.org/materials/mp-aaaiejag,HTTP 403
1649,Mg3Sc2(SiO4)3,Semiconductor,https://materialsproject.org/materials/mp-aaaieixl,HTTP 403
8348,YbNdRh2,Computational Material,https://materialsproject.org/materials/mp-865151,HTTP 403
2838,SrCaSmBiO6,Computational Material,https://materialsproject.org/materials/mp-1523104,HTTP 403
2839,BaMnInWO6,Semiconductor,https://materialsproject.org/materials/mp-1523111,HTTP 403
8344,Be2CuRu,Computational Material,https://materialsproject.org/materials/mp-865147,HTTP 403
2840,KSrCeBiO6,Computational Material,https://materialsproject.org/materials/mp-1523116,HTTP 403
2842,Ba2PrBiO6,Computational Material,https://materialsproject.org/materials/mp-1523128,HTTP 403
2835,BaNd(CoO3)4,Ceramic,https://materialsproject.org/materials/mp-1523095,HTTP 403
8351,Dy2ZnGa,Semiconductor,https://materialsproject.org/materials/mp-865156,HTTP 403
1508,Ca3Mg(CO3)4,Computational Material,https://materialsproject.org/materials/mp-3346405,HTTP 403
7490,LaCdAu2,Semiconductor,https://materialsproject.org/materials/mp-862743,HTTP 403
6807,RbVN2,Metal,https://materialsproject.org/materials/mp-1029312,HTTP 403
6806,Na2HfN2,Metal,https://materialsproject.org/materials/mp-1029309,HTTP 403
6808,NaRuN,Computational Material,https://materialsproject.org/materials/mp-1029313,HTTP 403
8349,MgAlPd2,Computational Material,https://materialsproject.org/materials/mp-865152,HTTP 403
1506,Li4Mg3Cl10,Computational Material,https://materialsproject.org/materials/mp-3346400,HTTP 403
1509,Na4LiCl5,Computational Material,https://materialsproject.org/materials/mp-3346409,HTTP 403
8350,MgAlRh2,Computational Material,https://materialsproject.org/materials/mp-865155,HTTP 403
1507,CaMg3(CO3)4,Computational Material,https://materialsproject.org/materials/mp-3346401,HTTP 403
8347,MgCdAu2,Semiconductor,https://materialsproject.org/materials/mp-865150,HTTP 403
1513,Ca5Mg(CO3)6,Computational Material,https://materialsproject.org/materials/mp-3346420,HTTP 403
1511,Na2CaMg(SO4)3,Computational Material,https://materialsproject.org/materials/mp-3346412,HTTP 403
2844,BaYSnSbO6,Semiconductor,https://materialsproject.org/materials/mp-1523132,HTTP 403
1612,Sr2AlVO6,Ceramic,https://next-gen.materialsproject.org/materials/mp-aaaieirx,HTTP 403
8357,MgGeRh2,Semiconductor,https://materialsproject.org/materials/mp-865162,HTTP 403
1512,CaMg15(CO3)16,Computational Material,https://materialsproject.org/materials/mp-3346415,HTTP 403
8358,HfBeRh2,Computational Material,https://materialsproject.org/materials/mp-865163,HTTP 403
1510,Na3Mg2Cl7,Computational Material,https://materialsproject.org/materials/mp-3346410,HTTP 403
8359,HfCdCu2,Semiconductor,https://materialsproject.org/materials/mp-865164,HTTP 403
2846,BaSm(FeO3)4,Ceramic,https://materialsproject.org/materials/mp-1523135,HTTP 403
1614,VGa(PbO3)2,Semiconductor,https://materialsproject.org/materials/mp-aaaieisa,HTTP 403
1519,LiMgCl3,Computational Material,https://materialsproject.org/materials/mp-3346453,HTTP 403
1518,Li6MgCl8,Computational Material,https://materialsproject.org/materials/mp-3346449,HTTP 403
8224,MnZnRh2,Computational Material,https://next-gen.materialsproject.org/materials/mp-864987,HTTP 403
1520,Li2MgCl4,Computational Material,https://materialsproject.org/materials/mp-3346454,HTTP 403
8222,MnZnIr2,Computational Material,https://next-gen.materialsproject.org/materials/mp-864985,HTTP 403
1522,CaMg2(CO3)3,Computational Material,https://materialsproject.org/materials/mp-3346464,HTTP 403
2847,KNa(SbO3)4,Semiconductor,https://materialsproject.org/materials/mp-1523138,HTTP 403
1523,Ca(H8O5)2,Computational Material,https://materialsproject.org/materials/mp-3346478,HTTP 403
8366,YbHg3,Computational Material,https://materialsproject.org/materials/mp-865171,HTTP 403
6817,KZnN,Metal,https://materialsproject.org/materials/mp-1029336,HTTP 403
8362,Ca2CdPb,Semiconductor,https://materialsproject.org/materials/mp-865167,HTTP 403
7537,PrI3,Computational Material,https://materialsproject.org/materials/mp-862800,HTTP 403
8364,CaErRh2,Computational Material,https://materialsproject.org/materials/mp-865169,HTTP 403
6891,Ca3CoN3,Metal,https://materialsproject.org/materials/mp-1029610,HTTP 403
1529,KCO3,Computational Material,https://materialsproject.org/materials/mp-3346520,HTTP 403
6892,Ba(TaN2)2,Metal,https://materialsproject.org/materials/mp-1029616,HTTP 403
8365,GaFeRh2,Semiconductor,https://materialsproject.org/materials/mp-865170,HTTP 403
8363,Be3Ni,Computational Material,https://materialsproject.org/materials/mp-865168,HTTP 403
7533,CaLaAg2,Computational Material,https://materialsproject.org/materials/mp-862795,HTTP 403
1530,Li2Mg3Cl8,Computational Material,https://materialsproject.org/materials/mp-3346523,HTTP 403
7534,Pu2S3,Computational Material,https://materialsproject.org/materials/mp-862796,HTTP 403
8369,HfCdRh2,Semiconductor,https://materialsproject.org/materials/mp-865174,HTTP 403
10503,SAE-AISI 9254 (G92540) Silicon-Chromium Steel,Metal,https://dl.asminternational.org/handbooks/edited-volume/9/chapter/109242/Heat-Treating-of-Low-Alloy-Steels,HTTP 403
8368,CaAcHg2,Computational Material,https://materialsproject.org/materials/mp-865173,HTTP 403
1533,LiMg2Cl3,Computational Material,https://materialsproject.org/materials/mp-3346532,HTTP 403
8367,YbTaRu2,Computational Material,https://materialsproject.org/materials/mp-865172,HTTP 403
7538,CsNpCuS3,Metal,https://materialsproject.org/materials/mp-862802,HTTP 403
7539,PrSnAu2,Computational Material,https://materialsproject.org/materials/mp-862805,HTTP 403
7546,PaHgAu2,Computational Material,https://materialsproject.org/materials/mp-862817,HTTP 403
7545,PaGe3,Semiconductor,https://materialsproject.org/materials/mp-862816,HTTP 403
7550,PaSnPd2,Computational Material,https://materialsproject.org/materials/mp-862822,HTTP 403
6887,Li3YN2,Computational Material,https://materialsproject.org/materials/mp-1029592,HTTP 403
6902,Na6WN4,Metal,https://materialsproject.org/materials/mp-1029656,HTTP 403
1534,CaMg5(CO3)6,Computational Material,https://materialsproject.org/materials/mp-3346550,HTTP 403
8376,EuGeO3,Semiconductor,https://materialsproject.org/materials/mp-865181,HTTP 403
8375,ThAu3,Computational Material,https://materialsproject.org/materials/mp-865180,HTTP 403
6901,Sr3WN3,Metal,https://materialsproject.org/materials/mp-1029655,HTTP 403
8164,MgZnPd2,Computational Material,https://materialsproject.org/materials/mp-864923,HTTP 403
6888,Na3OsN2,Computational Material,https://materialsproject.org/materials/mp-1029595,HTTP 403
6903,Ca3FeN3,Metal,https://materialsproject.org/materials/mp-1029659,HTTP 403
1535,Na2LiCl3,Computational Material,https://materialsproject.org/materials/mp-3346553,HTTP 403
1540,NaMgCl3,Computational Material,https://materialsproject.org/materials/mp-3346580,HTTP 403
1579,ScV(PbO3)2,Ceramic,https://materialsproject.org/materials/mp-aaaieinv,HTTP 403
1538,Na2Mg3Cl8,Computational Material,https://materialsproject.org/materials/mp-3346571,HTTP 403
1569,NaLiCl2,Computational Material,https://materialsproject.org/materials/mp-3347136,HTTP 403
1542,HC2N3,Computational Material,https://materialsproject.org/materials/mp-3346596,HTTP 403
1544,Ca15Mg(CO3)16,Computational Material,https://materialsproject.org/materials/mp-3346613,HTTP 403
1541,NaLi4Cl5,Computational Material,https://materialsproject.org/materials/mp-3346593,HTTP 403
1547,MgH4(ClO)2,Computational Material,https://materialsproject.org/materials/mp-3346642,HTTP 403
1580,ZrSn(PbO3)2,Ceramic,https://materialsproject.org/materials/mp-aaaieinw,HTTP 403
1586,Sr2ScVO6,Ceramic,https://next-gen.materialsproject.org/materials/mp-aaaieiop,HTTP 403
1546,KO2,Computational Material,https://materialsproject.org/materials/mp-3346628,HTTP 403
1551,Na2O9,Computational Material,https://materialsproject.org/materials/mp-3346762,HTTP 403
1550,Ca16HN8,Computational Material,https://materialsproject.org/materials/mp-3346732,HTTP 403
7134,Mg3MnO4,Ceramic,https://next-gen.materialsproject.org/materials/mp-1222140,HTTP 403
1553,HCNO,Computational Material,https://materialsproject.org/materials/mp-3346792,HTTP 403
1587,Y2MgZrO6,Ceramic,https://next-gen.materialsproject.org/materials/mp-aaaieios,HTTP 403
1749,KBaNdWO6,Ceramic,https://next-gen.materialsproject.org/materials/mp-1521867,HTTP 403
1584,CaSn(BiO3)2,Computational Material,https://materialsproject.org/materials/mp-aaaieioi,HTTP 403
1750,CaNbFeSnO6,Ceramic,https://next-gen.materialsproject.org/materials/mp-1521662,HTTP 403
1583,TiSn(PbO3)2,Ceramic,https://materialsproject.org/materials/mp-aaaieiof,HTTP 403
5844,MoW3S8,Metal,https://next-gen.materialsproject.org/materials/mp-1029246,HTTP 403
7555,PaTiTc2,Computational Material,https://materialsproject.org/materials/mp-862831,HTTP 403
7554,PaTlAu2,Computational Material,https://materialsproject.org/materials/mp-862830,HTTP 403
7560,PmAlAg2,Computational Material,https://materialsproject.org/materials/mp-862837,HTTP 403
7001,Te8Mo3W,Metal,https://materialsproject.org/materials/mp-1030155,HTTP 403
7561,PmAlCu2,Computational Material,https://materialsproject.org/materials/mp-862838,HTTP 403
7562,Pr10C4Br15,Computational Material,https://materialsproject.org/materials/mp-862839,HTTP 403
8377,Gd2SCl4,Computational Material,https://materialsproject.org/materials/mp-865182,HTTP 403
7139,NaNbN2,Metal,https://materialsproject.org/materials/mp-1030657,HTTP 403
7141,NaMg6SbO8,Semiconductor,https://materialsproject.org/materials/mp-1030662,HTTP 403
1754,CaPrHfFeO6,Ceramic,https://next-gen.materialsproject.org/materials/mp-1521685,HTTP 403
8378,MgGaAg2,Semiconductor,https://materialsproject.org/materials/mp-865183,HTTP 403
7142,CsNbN2,Metal,https://materialsproject.org/materials/mp-1030663,HTTP 403
8380,Mg(BeAs)2,Semiconductor,https://materialsproject.org/materials/mp-865185,HTTP 403
8382,MgFeRh2,Computational Material,https://materialsproject.org/materials/mp-865187,HTTP 403
8379,LiScPd2,Computational Material,https://materialsproject.org/materials/mp-865184,HTTP 403
8381,MgGaIr2,Semiconductor,https://materialsproject.org/materials/mp-865186,HTTP 403
8141,Na2TlBi,Computational Material,https://next-gen.materialsproject.org/materials/mp-864898,HTTP 403
1588,CaGe(BiO3)2,Semiconductor,https://materialsproject.org/materials/mp-aaaieiov,HTTP 403
1759,SrNdZrNiO6,Ceramic,https://next-gen.materialsproject.org/materials/mp-1521693,HTTP 403
8167,HfPaTc2,Computational Material,https://materialsproject.org/materials/mp-864926,HTTP 403
1755,SmEuCrSnO6,Ceramic,https://next-gen.materialsproject.org/materials/mp-1521686,HTTP 403
11098,EN 1.4646 (X6CrMnNiCuN18-12-4-2) Stainless Steel,Metal,https://bssa.org.uk/bssa_articles/stainless-steel-grades-datasheets/,HTTP 403
8440,DyZnRh2,Computational Material,https://materialsproject.org/materials/mp-865257,HTTP 403
1764,KLaTiNbO6,Ceramic,https://next-gen.materialsproject.org/materials/mp-1521711,HTTP 403
8441,TbYbRh2,Computational Material,https://materialsproject.org/materials/mp-865258,HTTP 403
8442,HoHg3,Computational Material,https://materialsproject.org/materials/mp-865259,HTTP 403
8443,Lu2ZnIr,Computational Material,https://materialsproject.org/materials/mp-865260,HTTP 403
1765,NaLaTbCoO6,Ceramic,https://next-gen.materialsproject.org/materials/mp-1521713,HTTP 403
1752,NaSrPrSbO6,Semiconductor,https://materialsproject.org/materials/mp-1521671,HTTP 403
1758,BaZn(SeO3)4,Ceramic,https://materialsproject.org/materials/mp-1521692,HTTP 403
8444,Lu2ZnOs,Computational Material,https://materialsproject.org/materials/mp-865261,HTTP 403
8445,TmTaRu2,Computational Material,https://materialsproject.org/materials/mp-865262,HTTP 403
1756,BaCaNdSbO6,Semiconductor,https://materialsproject.org/materials/mp-1521688,HTTP 403
1780,Sr2CaMnO6,Ceramic,https://next-gen.materialsproject.org/materials/mp-1521761,HTTP 403
4359,RbYMg6,Computational Material,https://materialsproject.org/materials/mp-1022637,HTTP 403
1762,KEu(GeO3)4,Semiconductor,https://materialsproject.org/materials/mp-1521702,HTTP 403
1761,BaCaPrSbO6,Semiconductor,https://materialsproject.org/materials/mp-1521701,HTTP 403
8454,NbAlOs2,Computational Material,https://materialsproject.org/materials/mp-865278,HTTP 403
8054,Na3Sn,Computational Material,https://next-gen.materialsproject.org/materials/mp-864742,HTTP 403
8453,TmZrRu2,Computational Material,https://materialsproject.org/materials/mp-865277,HTTP 403
8455,Tm2AgOs,Computational Material,https://materialsproject.org/materials/mp-865279,HTTP 403
1774,SrLaDySnO6,Computational Material,https://materialsproject.org/materials/mp-1521737,HTTP 403
8466,TmBr3,Computational Material,https://materialsproject.org/materials/mp-865301,HTTP 403
1777,NaLa(SnO3)2,Computational Material,https://materialsproject.org/materials/mp-1521749,HTTP 403
4363,KMg6Zn,Computational Material,https://materialsproject.org/materials/mp-1022643,HTTP 403
3855,LiMg6Ga,Semiconductor,https://materialsproject.org/materials/mp-1021278,HTTP 403
8463,TmZnPd2,Computational Material,https://materialsproject.org/materials/mp-865298,HTTP 403
1781,SrCrSnSbO6,Semiconductor,https://materialsproject.org/materials/mp-1521763,HTTP 403
8465,Tm2AgIr,Computational Material,https://materialsproject.org/materials/mp-865300,HTTP 403
1691,NaCaCeSbO6,Semiconductor,https://materialsproject.org/materials/mp-1521478,HTTP 403
8317,NaNdHg2,Computational Material,https://next-gen.materialsproject.org/materials/mp-865115,HTTP 403
2710,CaHfTiSnO6,Ceramic,https://next-gen.materialsproject.org/materials/mp-1522722,HTTP 403
70,"PVC (Polyvinyl Chloride, Rigid)",Polymer,https://www.matweb.com/search/datasheettext.aspx?matguid=69642362cb864d25b8f6eb9d02092ecf,HTTP 403
8461,TmTlRh2,Computational Material,https://materialsproject.org/materials/mp-865288,HTTP 403
8467,Tm2CdIn,Semiconductor,https://materialsproject.org/materials/mp-865302,HTTP 403
8468,Tm2CoOs,Computational Material,https://materialsproject.org/materials/mp-865303,HTTP 403
8462,Ho2InAg,Semiconductor,https://materialsproject.org/materials/mp-865297,HTTP 403
8464,TmZnRh2,Computational Material,https://materialsproject.org/materials/mp-865299,HTTP 403
1782,SrCaSmFeO6,Ceramic,https://next-gen.materialsproject.org/materials/mp-1521866,HTTP 403
8469,Tm2CoRu,Computational Material,https://materialsproject.org/materials/mp-865304,HTTP 403
8470,UO2,Computational Material,https://materialsproject.org/materials/mp-865305,HTTP 403
2848,SrNbVInO6,Semiconductor,https://materialsproject.org/materials/mp-1523140,HTTP 403
10577,SAE-AISI 1064 (G10640) Carbon Steel,Metal,https://dl.asminternational.org/alloy-digest/article-pdf/72/2/CS-240/654958/ad_v72_02_cs-240.pdf,HTTP 403
1786,CaEuNiBiO6,Ceramic,https://next-gen.materialsproject.org/materials/mp-1521776,HTTP 403
2721,KLaTbNiO6,Ceramic,https://next-gen.materialsproject.org/materials/mp-1522770,HTTP 403
1787,CaV(GeO3)4,Semiconductor,https://materialsproject.org/materials/mp-1521779,HTTP 403
11746,Mitsubishi Chemical Advanced Materials CPVC,Polymer,https://www.polymershapes.com/wp-content/uploads/2020/04/Polymershapes_MitsubishiChemicalAdvancedMaterials_DataSheet-CPVC.pdf,HTTP 403
1789,BaCu(SeO3)4,Ceramic,https://materialsproject.org/materials/mp-1521783,HTTP 403
1783,SrEuSnSbO6,Semiconductor,https://materialsproject.org/materials/mp-1521767,HTTP 403
4121,Mg6CoW,Computational Material,https://materialsproject.org/materials/mp-1022044,HTTP 403
8472,Tm2CuIr,Computational Material,https://materialsproject.org/materials/mp-865307,HTTP 403
8471,Tm2CuOs,Computational Material,https://materialsproject.org/materials/mp-865306,HTTP 403
8476,Gd2MgTl,Computational Material,https://materialsproject.org/materials/mp-865316,HTTP 403
8477,Tm2CuPt,Computational Material,https://materialsproject.org/materials/mp-865317,HTTP 403
8475,Lu2MgOs,Computational Material,https://materialsproject.org/materials/mp-865315,HTTP 403
8473,Be2CuRh,Computational Material,https://materialsproject.org/materials/mp-865308,HTTP 403
8474,Tm2CoIr,Computational Material,https://materialsproject.org/materials/mp-865309,HTTP 403
3860,LiMg6Si,Semiconductor,https://materialsproject.org/materials/mp-1021283,HTTP 403
8479,Tm2CuRu,Computational Material,https://materialsproject.org/materials/mp-865319,HTTP 403
8478,Lu2MgRu,Computational Material,https://materialsproject.org/materials/mp-865318,HTTP 403
2718,BaTbEuSnO6,Computational Material,https://materialsproject.org/materials/mp-1522757,HTTP 403
8480,Lu2PdRu,Computational Material,https://materialsproject.org/materials/mp-865320,HTTP 403
8483,Tm2Mg,Computational Material,https://materialsproject.org/materials/mp-865323,HTTP 403
8485,Lu2CoRu,Computational Material,https://materialsproject.org/materials/mp-865325,HTTP 403
2726,Sr2NdVO6,Ceramic,https://next-gen.materialsproject.org/materials/mp-1522778,HTTP 403
8484,LuCl3,Computational Material,https://materialsproject.org/materials/mp-865324,HTTP 403
8486,Lu2PdPt,Computational Material,https://materialsproject.org/materials/mp-865326,HTTP 403
8482,UTlO3,Computational Material,https://materialsproject.org/materials/mp-865322,HTTP 403
8487,TmHg3,Computational Material,https://materialsproject.org/materials/mp-865327,HTTP 403
8481,Lu2IrRu,Computational Material,https://materialsproject.org/materials/mp-865321,HTTP 403
8322,NaPrHg2,Computational Material,https://next-gen.materialsproject.org/materials/mp-865119,HTTP 403
8323,NaPaO3,Computational Material,https://next-gen.materialsproject.org/materials/mp-865120,HTTP 403
3991,SrMg6Ti,Computational Material,https://materialsproject.org/materials/mp-1021478,HTTP 403
8488,Lu2MgTc,Computational Material,https://materialsproject.org/materials/mp-865329,HTTP 403
2725,KPrDyGeO6,Semiconductor,https://materialsproject.org/materials/mp-1522774,HTTP 403
7567,PaAl3,Computational Material,https://materialsproject.org/materials/mp-862844,HTTP 403
7568,IrCl2,Computational Material,https://materialsproject.org/materials/mp-862845,HTTP 403
7564,LiPm2Os,Computational Material,https://materialsproject.org/materials/mp-862841,HTTP 403
7569,CaLaHg2,Computational Material,https://materialsproject.org/materials/mp-862846,HTTP 403
7565,LiPm2Pt,Computational Material,https://materialsproject.org/materials/mp-862842,HTTP 403
7566,PaZnRu2,Computational Material,https://materialsproject.org/materials/mp-862843,HTTP 403
7570,PaB3,Computational Material,https://materialsproject.org/materials/mp-862847,HTTP 403
2732,BaNaSrMnO6,Ceramic,https://next-gen.materialsproject.org/materials/mp-1522792,HTTP 403
8329,NaTlPd2,Computational Material,https://next-gen.materialsproject.org/materials/mp-865126,HTTP 403
4072,BaMg6V,Computational Material,https://materialsproject.org/materials/mp-1021720,HTTP 403
7563,Pr11In9Ni4,Semiconductor,https://materialsproject.org/materials/mp-862840,HTTP 403
3039,Li4V(TeO4)3,Ceramic,https://materialsproject.org/materials/mp-1566890,HTTP 403
4458,Mg6MnV,Computational Material,https://materialsproject.org/materials/mp-1022976,HTTP 403
7575,PaNi3,Computational Material,https://materialsproject.org/materials/mp-862852,HTTP 403
7571,Pa3Al,Computational Material,https://materialsproject.org/materials/mp-862848,HTTP 403
11759,SABIC ULTEM™ Resin 1000,Polymer,https://ca.electro-wind.com/web-files/Sabic/ultem-datasheet.pdf,HTTP 403
7573,KPAuSe3,Metal,https://materialsproject.org/materials/mp-862850,HTTP 403
2730,SrNdEuSbO6,Semiconductor,https://materialsproject.org/materials/mp-1522789,HTTP 403
10881,SAE-AISI T15 (T12015) Tungsten High-Speed Steel,Metal,https://www.griggssteel.com/choosing-high-speed-steel-grade/,HTTP 403
7574,PaI3,Computational Material,https://materialsproject.org/materials/mp-862851,HTTP 403
2733,LaZnFeSnO6,Ceramic,https://next-gen.materialsproject.org/materials/mp-1044024,HTTP 403
2736,CaEuHfWO6,Ceramic,https://next-gen.materialsproject.org/materials/mp-1522800,HTTP 403
7572,Ac2NiIr,Computational Material,https://materialsproject.org/materials/mp-862849,HTTP 403
2729,KTb(FeO3)4,Ceramic,https://materialsproject.org/materials/mp-1522788,HTTP 403
8565,Gd2IrRh,Computational Material,https://materialsproject.org/materials/mp-865436,HTTP 403
8033,NbGeRu2,Semiconductor,https://next-gen.materialsproject.org/materials/mp-864669,HTTP 403
7576,PaP3,Computational Material,https://materialsproject.org/materials/mp-862853,HTTP 403
2738,CaSmMn4O12,Ceramic,https://next-gen.materialsproject.org/materials/mp-1522802,HTTP 403
7549,PaSnAu2,Computational Material,https://next-gen.materialsproject.org/materials/mp-862821,HTTP 403
7548,PaSi3,Semiconductor,https://next-gen.materialsproject.org/materials/mp-862820,HTTP 403
2734,BaTiNbGaO6,Semiconductor,https://materialsproject.org/materials/mp-1522797,HTTP 403
2742,KBaLaMnO6,Ceramic,https://next-gen.materialsproject.org/materials/mp-1522815,HTTP 403
67,HDPE (High-Density Polyethylene),Polymer,https://www.matweb.com/search/DataSheet.aspx?MatGUID=fce23f90005d4fbe8e12a1bce53ebdc8,HTTP 403
2737,CaPrMgBiO6,Computational Material,https://materialsproject.org/materials/mp-1522801,HTTP 403
2743,Sr2CeNbO6,Ceramic,https://next-gen.materialsproject.org/materials/mp-1522970,HTTP 403
2745,SrCaCeTiO6,Ceramic,https://next-gen.materialsproject.org/materials/mp-1522825,HTTP 403
2747,CaPrNbVO6,Ceramic,https://next-gen.materialsproject.org/materials/mp-1522827,HTTP 403
2741,BaCaNdBiO6,Computational Material,https://materialsproject.org/materials/mp-1522813,HTTP 403
1794,NaSrPrMnO6,Ceramic,https://next-gen.materialsproject.org/materials/mp-1521790,HTTP 403
8566,Lu2ZnRu,Computational Material,https://materialsproject.org/materials/mp-865437,HTTP 403
8567,LuTlRh2,Computational Material,https://materialsproject.org/materials/mp-865438,HTTP 403
11778,"Polyurethane Rubber (AU, EU)",Elastomer,https://waynerubber.com/materials/urethane-rubber/,HTTP 403
8568,Th3O2,Computational Material,https://materialsproject.org/materials/mp-865439,HTTP 403
8579,ThGa3,Semiconductor,https://materialsproject.org/materials/mp-865450,HTTP 403
10965,ASTM A387 Grade 91 Class 2 (K90901) 9Cr-1Mo Steel,Metal,https://www.kanakratnametalindustries.co.in/astm-a387-grade-91-plate.html,HTTP 403
8580,Tm2MnOs,Computational Material,https://materialsproject.org/materials/mp-865451,HTTP 403
4006,Ce(P3Os)4,Computational Material,https://materialsproject.org/materials/mp-1021505,HTTP 403
4018,LiCeMg6,Computational Material,https://materialsproject.org/materials/mp-1021521,HTTP 403
8578,Tm2MgTc,Computational Material,https://materialsproject.org/materials/mp-865449,HTTP 403
8588,TiH8(NF3)2,Metal,https://materialsproject.org/materials/mp-865466,HTTP 403
8589,Pm2SnAu,Computational Material,https://materialsproject.org/materials/mp-865467,HTTP 403
4142,Mg6GaCo,Semiconductor,https://materialsproject.org/materials/mp-1022065,HTTP 403
8643,BaMgTe2O7,Computational Material,https://materialsproject.org/materials/mp-865532,HTTP 403
8645,YBr2,Computational Material,https://materialsproject.org/materials/mp-865534,HTTP 403
8587,VCo2Ge,Semiconductor,https://materialsproject.org/materials/mp-865465,HTTP 403
7911,Pm2NiIr,Computational Material,https://next-gen.materialsproject.org/materials/mp-863713,HTTP 403
8642,TiMn2Al,Metal,https://materialsproject.org/materials/mp-865531,HTTP 403
7553,PaTe2Au,Metal,https://next-gen.materialsproject.org/materials/mp-862829,HTTP 403
1796,Ba2PrNbO6,Ceramic,https://next-gen.materialsproject.org/materials/mp-10344,HTTP 403
8646,Ac2ZnGa,Semiconductor,https://materialsproject.org/materials/mp-865535,HTTP 403
8648,TiMnCo2,Metal,https://materialsproject.org/materials/mp-865537,HTTP 403
8647,YbZrRh2,Computational Material,https://materialsproject.org/materials/mp-865536,HTTP 403
8651,Yb2AgBi,Computational Material,https://materialsproject.org/materials/mp-865546,HTTP 403
8644,Ti2ReOs,Computational Material,https://materialsproject.org/materials/mp-865533,HTTP 403
8650,Pm2SiAu,Semiconductor,https://materialsproject.org/materials/mp-865545,HTTP 403
8649,Ti2RePd,Computational Material,https://materialsproject.org/materials/mp-865538,HTTP 403
4152,Mg6CdCu,Semiconductor,https://materialsproject.org/materials/mp-1022076,HTTP 403
7922,Pm2PdPt,Computational Material,https://next-gen.materialsproject.org/materials/mp-863725,HTTP 403
1800,BaCaHfNbO6,Ceramic,https://next-gen.materialsproject.org/materials/mp-1521804,HTTP 403
1801,SrZrTiSnO6,Ceramic,https://next-gen.materialsproject.org/materials/mp-1521811,HTTP 403
1804,NdEuHfTiO6,Ceramic,https://next-gen.materialsproject.org/materials/mp-1521819,HTTP 403
1803,Eu2DyMnO6,Ceramic,https://next-gen.materialsproject.org/materials/mp-1521818,HTTP 403
1805,BaCaTbFeO6,Ceramic,https://next-gen.materialsproject.org/materials/mp-1521829,HTTP 403
1806,BaCaSmFeO6,Ceramic,https://next-gen.materialsproject.org/materials/mp-1519954,HTTP 403
1995,KSrLaWO6,Ceramic,https://next-gen.materialsproject.org/materials/mp-1522351,HTTP 403
7220,KHfMg6O7,Ceramic,https://next-gen.materialsproject.org/materials/mp-1031065,HTTP 403
2586,KNdZr2O6,Ceramic,https://next-gen.materialsproject.org/materials/mp-1522387,HTTP 403
7940,Pm2SiAg,Semiconductor,https://next-gen.materialsproject.org/materials/mp-863743,HTTP 403
1799,BaSrGaBiO6,Semiconductor,https://materialsproject.org/materials/mp-1521803,HTTP 403
1797,NaCaEuSeO6,Computational Material,https://materialsproject.org/materials/mp-1521800,HTTP 403
8653,TiInCo2,Semiconductor,https://materialsproject.org/materials/mp-865548,HTTP 403
8652,Pm2CuSi,Semiconductor,https://materialsproject.org/materials/mp-865547,HTTP 403
1935,BaCaYNbO6,Ceramic,https://next-gen.materialsproject.org/materials/mp-1522202,HTTP 403
1953,KGdSnWO6,Ceramic,https://next-gen.materialsproject.org/materials/mp-1522247,HTTP 403
8655,CaEuIn2,Semiconductor,https://materialsproject.org/materials/mp-865553,HTTP 403
8654,CeCdAg2,Semiconductor,https://materialsproject.org/materials/mp-865552,HTTP 403
3060,Fe4OF6,Ceramic,https://next-gen.materialsproject.org/materials/mp-1638869,HTTP 403
8006,CeFeO3,Ceramic,https://next-gen.materialsproject.org/materials/mp-756062,HTTP 403
1950,KNdTiSnO6,Ceramic,https://next-gen.materialsproject.org/materials/mp-1522241,HTTP 403
8659,Y2AgRu,Computational Material,https://materialsproject.org/materials/mp-865561,HTTP 403
7577,PaPd3,Computational Material,https://materialsproject.org/materials/mp-862854,HTTP 403
7578,PaO2,Computational Material,https://materialsproject.org/materials/mp-862855,HTTP 403
2591,SrCaHfWO6,Ceramic,https://next-gen.materialsproject.org/materials/mp-1522396,HTTP 403
1811,SrEuMgBiO6,Computational Material,https://materialsproject.org/materials/mp-1521845,HTTP 403
8657,AcTe3,Computational Material,https://materialsproject.org/materials/mp-865558,HTTP 403
7222,LaMg6BO8,Computational Material,https://materialsproject.org/materials/mp-1030977,HTTP 403
2589,BaSrCeHfO6,Ceramic,https://next-gen.materialsproject.org/materials/mp-1522455,HTTP 403
8658,Y2AlZn,Computational Material,https://materialsproject.org/materials/mp-865560,HTTP 403
7336,Mg6VCO8,Ceramic,https://next-gen.materialsproject.org/materials/mp-1031455,HTTP 403
1956,KTbEuNbO6,Ceramic,https://next-gen.materialsproject.org/materials/mp-1522465,HTTP 403
1949,NaPrEuNiO6,Ceramic,https://next-gen.materialsproject.org/materials/mp-1522238,HTTP 403
2585,NaCaSnSbO6,Semiconductor,https://materialsproject.org/materials/mp-1522379,HTTP 403
8663,LuZnRh2,Computational Material,https://materialsproject.org/materials/mp-865566,HTTP 403
8662,CsSn3,Computational Material,https://materialsproject.org/materials/mp-865565,HTTP 403
8660,Be3Ru,Computational Material,https://materialsproject.org/materials/mp-865562,HTTP 403
8661,LuZnPd2,Computational Material,https://materialsproject.org/materials/mp-865563,HTTP 403
8258,MnP2H2O7,Ceramic,https://next-gen.materialsproject.org/materials/mp-865024,HTTP 403
1951,SrCaTbTiO6,Ceramic,https://next-gen.materialsproject.org/materials/mp-1522242,HTTP 403
1675,Y2MgTiO6,Ceramic,https://next-gen.materialsproject.org/materials/mp-1207485,HTTP 403
1966,Ba2LaCrO6,Ceramic,https://next-gen.materialsproject.org/materials/mp-1522286,HTTP 403
1992,BaNdEuWO6,Ceramic,https://next-gen.materialsproject.org/materials/mp-1522345,HTTP 403
2668,KEuZrFeO6,Ceramic,https://next-gen.materialsproject.org/materials/mp-1522589,HTTP 403
1978,BaSrDyWO6,Ceramic,https://next-gen.materialsproject.org/materials/mp-1522319,HTTP 403
1883,BaSrTbCrO6,Ceramic,https://next-gen.materialsproject.org/materials/mp-1522060,HTTP 403
1987,CaEuZnWO6,Ceramic,https://next-gen.materialsproject.org/materials/mp-1522334,HTTP 403
1882,CaEuTiSnO6,Ceramic,https://next-gen.materialsproject.org/materials/mp-1522056,HTTP 403
7753,Li2CrFeO4,Ceramic,https://next-gen.materialsproject.org/materials/mp-756242,HTTP 403
2602,BaCaMn4O12,Ceramic,https://next-gen.materialsproject.org/materials/mp-1522423,HTTP 403
2596,SrEuHf4O12,Ceramic,https://next-gen.materialsproject.org/materials/mp-1522408,HTTP 403
2601,KCeHfZrO6,Ceramic,https://next-gen.materialsproject.org/materials/mp-1522421,HTTP 403
8677,Y2CuRh,Computational Material,https://materialsproject.org/materials/mp-865587,HTTP 403
8678,Y2CuRu,Computational Material,https://materialsproject.org/materials/mp-865588,HTTP 403
8676,VGaRu2,Semiconductor,https://materialsproject.org/materials/mp-865586,HTTP 403
8679,Lu2IrPd,Computational Material,https://materialsproject.org/materials/mp-865589,HTTP 403
8680,GdMgCd2,Semiconductor,https://materialsproject.org/materials/mp-865590,HTTP 403
7368,Sc2AlRu,Computational Material,https://materialsproject.org/materials/mp-862546,HTTP 403
7301,Mg6TiCO8,Ceramic,https://next-gen.materialsproject.org/materials/mp-1031354,HTTP 403
8687,NdPbAu2,Computational Material,https://materialsproject.org/materials/mp-865597,HTTP 403
8743,Y11In9Ni4,Semiconductor,https://materialsproject.org/materials/mp-865689,HTTP 403
2609,KNdHf4O12,Ceramic,https://next-gen.materialsproject.org/materials/mp-1522437,HTTP 403
8688,YGa3,Semiconductor,https://materialsproject.org/materials/mp-865598,HTTP 403
8744,HoGaRh2,Semiconductor,https://materialsproject.org/materials/mp-865696,HTTP 403
8690,Y2IrPd,Computational Material,https://materialsproject.org/materials/mp-865600,HTTP 403
2613,SrPrCrSnO6,Ceramic,https://next-gen.materialsproject.org/materials/mp-1522443,HTTP 403
2625,Sr2ZrSnO6,Ceramic,https://next-gen.materialsproject.org/materials/mp-1522474,HTTP 403
8689,Lu2RuPt,Computational Material,https://materialsproject.org/materials/mp-865599,HTTP 403
7381,Re3Pd,Computational Material,https://materialsproject.org/materials/mp-862586,HTTP 403
7382,LiDy2Tc,Computational Material,https://materialsproject.org/materials/mp-862588,HTTP 403
7380,ScBr2,Computational Material,https://materialsproject.org/materials/mp-862565,HTTP 403
8747,LiPrTl2,Computational Material,https://materialsproject.org/materials/mp-865709,HTTP 403
8746,LiSm2Ru,Computational Material,https://materialsproject.org/materials/mp-865708,HTTP 403
2600,Ba2DySbO6,Semiconductor,https://materialsproject.org/materials/mp-1522418,HTTP 403
2593,BaSrTbSnO6,Computational Material,https://materialsproject.org/materials/mp-1522402,HTTP 403
2606,CaLaEuSbO6,Semiconductor,https://materialsproject.org/materials/mp-1522430,HTTP 403
2626,SmEuNbVO6,Ceramic,https://next-gen.materialsproject.org/materials/mp-1522475,HTTP 403
2605,KLaDySbO6,Semiconductor,https://materialsproject.org/materials/mp-1522429,HTTP 403
2624,SrMgInWO6,Semiconductor,https://materialsproject.org/materials/mp-1522468,HTTP 403
2615,KNb4InO12,Semiconductor,https://materialsproject.org/materials/mp-1522445,HTTP 403
11715,"4032 (4032-T6, AlSi12.5MgCuNi) Aluminum",Metal,https://dl.asminternational.org/handbooks/edited-volume/91/chapter/2085916/4032Wear-and-Abrasion-Resistant-Alloy,HTTP 403
1986,NaSrPrWO6,Ceramic,https://next-gen.materialsproject.org/materials/mp-1522333,HTTP 403
2633,BaHfTiInO6,Semiconductor,https://materialsproject.org/materials/mp-1522487,HTTP 403
2636,KHfMnSbO6,Semiconductor,https://materialsproject.org/materials/mp-1522497,HTTP 403
7459,Sc2CdTc,Semiconductor,https://materialsproject.org/materials/mp-862710,HTTP 403
7456,AlZnIr2,Computational Material,https://materialsproject.org/materials/mp-862705,HTTP 403
7751,NbBiO4,Ceramic,https://next-gen.materialsproject.org/materials/mp-23413,HTTP 403
7457,BeCo2Ge,Semiconductor,https://materialsproject.org/materials/mp-862706,HTTP 403
7458,CeAg3,Computational Material,https://materialsproject.org/materials/mp-862709,HTTP 403
7467,SrSn(PO4)2,Computational Material,https://materialsproject.org/materials/mp-862718,HTTP 403
7466,LiAlAu2,Computational Material,https://materialsproject.org/materials/mp-862717,HTTP 403
7468,LiY2Os,Computational Material,https://materialsproject.org/materials/mp-862719,HTTP 403
7464,Al2PdRu,Computational Material,https://materialsproject.org/materials/mp-862715,HTTP 403
2642,SrPrGdNiO6,Ceramic,https://next-gen.materialsproject.org/materials/mp-1522520,HTTP 403
7465,LiAg3,Computational Material,https://materialsproject.org/materials/mp-862716,HTTP 403
7461,Sc2CoIr,Computational Material,https://materialsproject.org/materials/mp-862712,HTTP 403
7462,BeGeRu2,Semiconductor,https://materialsproject.org/materials/mp-862713,HTTP 403
7463,Be3Ir,Computational Material,https://materialsproject.org/materials/mp-862714,HTTP 403
7469,Sr2CdIn,Semiconductor,https://materialsproject.org/materials/mp-862720,HTTP 403
7470,Sr2CdPb,Semiconductor,https://materialsproject.org/materials/mp-862721,HTTP 403
7473,Rb2Pu2O5,Computational Material,https://materialsproject.org/materials/mp-862724,HTTP 403
7474,ScTc2W,Computational Material,https://materialsproject.org/materials/mp-862725,HTTP 403
7472,ScTc2Mo,Computational Material,https://materialsproject.org/materials/mp-862723,HTTP 403
7471,LiHoAu2,Computational Material,https://materialsproject.org/materials/mp-862722,HTTP 403
7475,Pm2ZnPb,Computational Material,https://materialsproject.org/materials/mp-862727,HTTP 403
7476,Pm2ZnRu,Computational Material,https://materialsproject.org/materials/mp-862728,HTTP 403
7477,Sr(DySe2)2,Computational Material,https://materialsproject.org/materials/mp-862729,HTTP 403
8748,LiSnAu2,Computational Material,https://materialsproject.org/materials/mp-865710,HTTP 403
1952,BaSrTbHfO6,Ceramic,https://next-gen.materialsproject.org/materials/mp-1522244,HTTP 403
7478,LiGaRh2,Semiconductor,https://materialsproject.org/materials/mp-862730,HTTP 403
8749,Li2TlAu,Computational Material,https://materialsproject.org/materials/mp-865711,HTTP 403
2694,Ba2VBiO6,Ceramic,https://next-gen.materialsproject.org/materials/mp-1522771,HTTP 403
2663,SmEuNbCrO6,Ceramic,https://next-gen.materialsproject.org/materials/mp-1522573,HTTP 403
7479,Pm3Ge,Semiconductor,https://materialsproject.org/materials/mp-862731,HTTP 403
2677,BaEuCrSnO6,Ceramic,https://next-gen.materialsproject.org/materials/mp-1522613,HTTP 403
7480,PmZn3,Computational Material,https://materialsproject.org/materials/mp-862732,HTTP 403
8751,Li2TlBi,Computational Material,https://materialsproject.org/materials/mp-865713,HTTP 403
8750,Ti2MnNi,Metal,https://materialsproject.org/materials/mp-865712,HTTP 403
7315,HfMg6TiO8,Ceramic,https://next-gen.materialsproject.org/materials/mp-1031357,HTTP 403
8753,Li2PrTl,Computational Material,https://materialsproject.org/materials/mp-865715,HTTP 403
8754,YbCl2,Computational Material,https://materialsproject.org/materials/mp-865716,HTTP 403
8752,Li2HgAu,Computational Material,https://materialsproject.org/materials/mp-865714,HTTP 403
2696,KNdV4O12,Ceramic,https://next-gen.materialsproject.org/materials/mp-1522681,HTTP 403
2703,KCaTbNbO6,Ceramic,https://next-gen.materialsproject.org/materials/mp-1522695,HTTP 403
8755,Ti2ReIr,Computational Material,https://materialsproject.org/materials/mp-865717,HTTP 403
4173,Mg6CuW,Computational Material,https://materialsproject.org/materials/mp-1022098,HTTP 403
2676,KPrMnWO6,Ceramic,https://next-gen.materialsproject.org/materials/mp-1522610,HTTP 403
7859,CoTe2O5,Ceramic,https://next-gen.materialsproject.org/materials/mp-781595,HTTP 403
2690,SrCaZrSnO6,Ceramic,https://next-gen.materialsproject.org/materials/mp-1522650,HTTP 403
2702,NaLaV4O12,Ceramic,https://next-gen.materialsproject.org/materials/mp-1522693,HTTP 403
8757,Ti2ReNi,Computational Material,https://materialsproject.org/materials/mp-865728,HTTP 403
8756,YReB4,Computational Material,https://materialsproject.org/materials/mp-865727,HTTP 403
8758,CaAg2Sn,Computational Material,https://materialsproject.org/materials/mp-865729,HTTP 403
1769,BaCaTbTiO6,Ceramic,https://next-gen.materialsproject.org/materials/mp-1521723,HTTP 403
1768,BaZr4SnO12,Ceramic,https://next-gen.materialsproject.org/materials/mp-1521719,HTTP 403
8759,TiZnAu2,Metal,https://materialsproject.org/materials/mp-865730,HTTP 403
2646,KLaTbGeO6,Semiconductor,https://materialsproject.org/materials/mp-1522529,HTTP 403
8760,Li2HgPd,Computational Material,https://materialsproject.org/materials/mp-865731,HTTP 403
8761,LuCd2,Semiconductor,https://materialsproject.org/materials/mp-865732,HTTP 403
8763,Li5(Cu2P3)2,Metal,https://materialsproject.org/materials/mp-865734,HTTP 403
8762,CoTc3,Computational Material,https://materialsproject.org/materials/mp-865733,HTTP 403
4183,CeMg6Co,Computational Material,https://materialsproject.org/materials/mp-1022108,HTTP 403
8764,Li2YbGe,Semiconductor,https://materialsproject.org/materials/mp-865735,HTTP 403
7344,Mg6NbSnO8,Ceramic,https://next-gen.materialsproject.org/materials/mp-1031492,HTTP 403
7351,LiMg6AlO8,Ceramic,https://next-gen.materialsproject.org/materials/mp-1031514,HTTP 403
8765,YbBiPd2,Computational Material,https://materialsproject.org/materials/mp-865736,HTTP 403
2802,EuZrCrBiO6,Ceramic,https://next-gen.materialsproject.org/materials/mp-1523008,HTTP 403
7349,KMg6AlO8,Ceramic,https://next-gen.materialsproject.org/materials/mp-1033058,HTTP 403
7324,Mg6TiNbO8,Ceramic,https://next-gen.materialsproject.org/materials/mp-1031396,HTTP 403
7341,Mg6VBiO8,Ceramic,https://next-gen.materialsproject.org/materials/mp-1031470,HTTP 403
2787,PrMgCr4O12,Ceramic,https://next-gen.materialsproject.org/materials/mp-1522964,HTTP 403
2804,Ba2SmCrO6,Ceramic,https://next-gen.materialsproject.org/materials/mp-1523051,HTTP 403
7946,Rb2Hf2O5,Ceramic,https://next-gen.materialsproject.org/materials/mp-863749,HTTP 403
2837,BaSrNdWO6,Ceramic,https://next-gen.materialsproject.org/materials/mp-1523102,HTTP 403
2829,Eu2ZnWO6,Ceramic,https://next-gen.materialsproject.org/materials/mp-1523086,HTTP 403
2859,Ba2YBiO6,Computational Material,https://materialsproject.org/materials/mp-1523166,HTTP 403
8773,GdCdHg2,Semiconductor,https://materialsproject.org/materials/mp-865745,HTTP 403
8083,Ta2MoRu,Computational Material,https://materialsproject.org/materials/mp-864782,HTTP 403
8791,Ti2MnOs,Computational Material,https://materialsproject.org/materials/mp-865768,HTTP 403
8790,YbHgPd2,Computational Material,https://materialsproject.org/materials/mp-865766,HTTP 403
8084,Yb2SbAu,Semiconductor,https://materialsproject.org/materials/mp-864783,HTTP 403
8085,LiSnRh2,Computational Material,https://materialsproject.org/materials/mp-864784,HTTP 403
2830,KLaCeHfO6,Ceramic,https://next-gen.materialsproject.org/materials/mp-1523087,HTTP 403
1970,KLaNbCrO6,Ceramic,https://next-gen.materialsproject.org/materials/mp-1522297,HTTP 403
1685,KZrSnBiO6,Ceramic,https://next-gen.materialsproject.org/materials/mp-1521463,HTTP 403
2648,KSmV4O12,Ceramic,https://next-gen.materialsproject.org/materials/mp-1522534,HTTP 403
8097,NdCrSe3,Metal,https://materialsproject.org/materials/mp-864797,HTTP 403
8105,NaAcHg2,Computational Material,https://materialsproject.org/materials/mp-864806,HTTP 403
8106,HfZnNi2,Metal,https://materialsproject.org/materials/mp-864807,HTTP 403
8846,LuInAg2,Semiconductor,https://materialsproject.org/materials/mp-865848,HTTP 403
8847,NaYbAu2,Computational Material,https://materialsproject.org/materials/mp-865849,HTTP 403
8849,Ac2SiPd,Semiconductor,https://materialsproject.org/materials/mp-865855,HTTP 403
8844,LuHfRu2,Computational Material,https://materialsproject.org/materials/mp-865846,HTTP 403
8850,PaBi3,Computational Material,https://materialsproject.org/materials/mp-865856,HTTP 403
8845,Lu2CuPt,Computational Material,https://materialsproject.org/materials/mp-865847,HTTP 403
8848,Yb2CuRh,Computational Material,https://materialsproject.org/materials/mp-865854,HTTP 403
8851,YbNbRu2,Computational Material,https://materialsproject.org/materials/mp-865857,HTTP 403
8853,LaYbCd2,Semiconductor,https://materialsproject.org/materials/mp-865859,HTTP 403
8852,PaAu3,Computational Material,https://materialsproject.org/materials/mp-865858,HTTP 403
7359,Mg6CrSnO8,Ceramic,https://next-gen.materialsproject.org/materials/mp-1031623,HTTP 403
8856,CeAgAu2,Computational Material,https://materialsproject.org/materials/mp-865862,HTTP 403
2809,NaCeTi4O12,Ceramic,https://next-gen.materialsproject.org/materials/mp-1523025,HTTP 403
8855,LuMgAu2,Computational Material,https://materialsproject.org/materials/mp-865861,HTTP 403
8857,Li2TlPd,Computational Material,https://materialsproject.org/materials/mp-865863,HTTP 403
8859,Yb(ErS2)2,Computational Material,https://materialsproject.org/materials/mp-865865,HTTP 403
8861,Li2YTl,Computational Material,https://materialsproject.org/materials/mp-865867,HTTP 403
8858,Tm(Al2Cu)4,Computational Material,https://materialsproject.org/materials/mp-865864,HTTP 403
8860,LiZrPt2,Computational Material,https://materialsproject.org/materials/mp-865866,HTTP 403
8862,LiZrRh2,Computational Material,https://materialsproject.org/materials/mp-865868,HTTP 403
1895,NaPrHfSnO6,Ceramic,https://next-gen.materialsproject.org/materials/mp-1522088,HTTP 403
2843,NaEuDyFeO6,Ceramic,https://next-gen.materialsproject.org/materials/mp-1523129,HTTP 403
7360,RbMg6AlO8,Ceramic,https://next-gen.materialsproject.org/materials/mp-1031545,HTTP 403
1998,Sr2GdWO6,Ceramic,https://next-gen.materialsproject.org/materials/mp-1522359,HTTP 403
1885,Sr2TbFeO6,Ceramic,https://next-gen.materialsproject.org/materials/mp-1522066,HTTP 403
1618,Sc2ZnO4,Ceramic,https://next-gen.materialsproject.org/materials/mp-aaaieiso,HTTP 403
1613,Y2ZrZnO6,Ceramic,https://next-gen.materialsproject.org/materials/mp-aaaieirz,HTTP 403
1760,BaCaFeWO6,Ceramic,https://next-gen.materialsproject.org/materials/mp-1521698,HTTP 403
8863,Be2CuPt,Computational Material,https://materialsproject.org/materials/mp-865869,HTTP 403
2870,SrNdCoSbO6,Semiconductor,https://materialsproject.org/materials/mp-1523202,HTTP 403
8864,LiZr2Os,Computational Material,https://materialsproject.org/materials/mp-865870,HTTP 403
8873,Li2AgAu,Computational Material,https://materialsproject.org/materials/mp-865879,HTTP 403
1771,BaSrCaFeO6,Ceramic,https://next-gen.materialsproject.org/materials/mp-1521728,HTTP 403
2904,NaSmEuWO6,Ceramic,https://next-gen.materialsproject.org/materials/mp-1523299,HTTP 403
8185,MnBe2Rh,Computational Material,https://materialsproject.org/materials/mp-864945,HTTP 403
2900,KSrEuFeO6,Ceramic,https://next-gen.materialsproject.org/materials/mp-1523292,HTTP 403
2897,SrCaV4O12,Ceramic,https://next-gen.materialsproject.org/materials/mp-1523281,HTTP 403
8186,MnCuPd2,Metal,https://materialsproject.org/materials/mp-864946,HTTP 403
8187,ZrSnRh2,Computational Material,https://materialsproject.org/materials/mp-864947,HTTP 403
2856,BaCaZr2O6,Ceramic,https://next-gen.materialsproject.org/materials/mp-1523158,HTTP 403
2854,PrEuNbFeO6,Ceramic,https://next-gen.materialsproject.org/materials/mp-1523150,HTTP 403
8189,MnGaRh2,Semiconductor,https://materialsproject.org/materials/mp-864949,HTTP 403
4333,Mg6ZnSn,Computational Material,https://materialsproject.org/materials/mp-1022611,HTTP 403
8191,MnAlOs2,Computational Material,https://materialsproject.org/materials/mp-864951,HTTP 403
8190,MnAlIr2,Computational Material,https://materialsproject.org/materials/mp-864950,HTTP 403
8192,Mg3Ag,Computational Material,https://materialsproject.org/materials/mp-864952,HTTP 403
8208,MnSnRu2,Computational Material,https://materialsproject.org/materials/mp-864971,HTTP 403
8209,Mg2PdAu,Computational Material,https://materialsproject.org/materials/mp-864972,HTTP 403
8210,Dy2CdIn,Semiconductor,https://materialsproject.org/materials/mp-864973,HTTP 403
2899,KLaSmSbO6,Semiconductor,https://materialsproject.org/materials/mp-1523291,HTTP 403
2849,BaSr(NiO3)4,Ceramic,https://materialsproject.org/materials/mp-1523141,HTTP 403
2901,Ba2SrSeO6,Computational Material,https://materialsproject.org/materials/mp-1523293,HTTP 403
2903,KLaNbInO6,Semiconductor,https://materialsproject.org/materials/mp-1523298,HTTP 403
1785,BaSrLaNbO6,Ceramic,https://next-gen.materialsproject.org/materials/mp-1521789,HTTP 403
1585,Ca2MgMoO6,Ceramic,https://next-gen.materialsproject.org/materials/mp-aaaieioo,HTTP 403
1772,BaSrCeVO6,Ceramic,https://next-gen.materialsproject.org/materials/mp-1521863,HTTP 403
8287,NaCeAu2,Computational Material,https://materialsproject.org/materials/mp-865080,HTTP 403
8291,NaCeTl2,Computational Material,https://materialsproject.org/materials/mp-865089,HTTP 403
8293,HfMnRh2,Computational Material,https://materialsproject.org/materials/mp-865091,HTTP 403
8290,MnGaIr2,Semiconductor,https://materialsproject.org/materials/mp-865088,HTTP 403
8289,NaCaAu2,Computational Material,https://materialsproject.org/materials/mp-865082,HTTP 403
8294,MgGaNi2,Semiconductor,https://materialsproject.org/materials/mp-865092,HTTP 403
8288,NaAcTe2,Computational Material,https://materialsproject.org/materials/mp-865081,HTTP 403
8298,NaHoTl2,Computational Material,https://materialsproject.org/materials/mp-865096,HTTP 403
8292,NaAcTl2,Computational Material,https://materialsproject.org/materials/mp-865090,HTTP 403
8295,TiZnNi2,Metal,https://materialsproject.org/materials/mp-865093,HTTP 403
8301,NaLaHg2,Computational Material,https://materialsproject.org/materials/mp-865099,HTTP 403
8299,NaHgPd2,Computational Material,https://materialsproject.org/materials/mp-865097,HTTP 403
8300,NaLaAu2,Computational Material,https://materialsproject.org/materials/mp-865098,HTTP 403
8296,HfNbTc2,Computational Material,https://materialsproject.org/materials/mp-865094,HTTP 403
8297,NaGaH8(NF3)2,Semiconductor,https://materialsproject.org/materials/mp-865095,HTTP 403
8302,NaInHg2,Semiconductor,https://materialsproject.org/materials/mp-865100,HTTP 403
8304,NaLaTl2,Computational Material,https://materialsproject.org/materials/mp-865102,HTTP 403
2861,SmEuTi4O12,Ceramic,https://next-gen.materialsproject.org/materials/mp-1523172,HTTP 403
8305,DyGa3,Semiconductor,https://materialsproject.org/materials/mp-865103,HTTP 403
8303,NaLi2Bi,Computational Material,https://materialsproject.org/materials/mp-865101,HTTP 403
2866,LiLaTi4O12,Ceramic,https://next-gen.materialsproject.org/materials/mp-1523191,HTTP 403
8309,NaMgPb2,Computational Material,https://materialsproject.org/materials/mp-865107,HTTP 403
8308,Dy2Co3Ge5,Semiconductor,https://materialsproject.org/materials/mp-865105,HTTP 403
2862,SrSmEuNbO6,Ceramic,https://next-gen.materialsproject.org/materials/mp-1523233,HTTP 403
8307,KMo6S7,Metal,https://materialsproject.org/materials/mp-865104,HTTP 403
8310,NaSmHg2,Computational Material,https://materialsproject.org/materials/mp-865108,HTTP 403
2868,KLaEuWO6,Ceramic,https://next-gen.materialsproject.org/materials/mp-1523307,HTTP 403
2907,KSrCeMnO6,Ceramic,https://next-gen.materialsproject.org/materials/mp-1523311,HTTP 403
2863,KEuNb2O6,Ceramic,https://next-gen.materialsproject.org/materials/mp-1523183,HTTP 403
5048,LiNb2O,Ceramic,https://next-gen.materialsproject.org/materials/mp-1025455,HTTP 403
1692,KPrMnBiO6,Ceramic,https://next-gen.materialsproject.org/materials/mp-1521485,HTTP 403
2724,KCeNb2O6,Ceramic,https://next-gen.materialsproject.org/materials/mp-1522773,HTTP 403
1757,NaPrZrFeO6,Ceramic,https://next-gen.materialsproject.org/materials/mp-1521691,HTTP 403
7133,Mg3ZrO4,Ceramic,https://next-gen.materialsproject.org/materials/mp-1030618,HTTP 403
1773,NaSmMn4O12,Ceramic,https://next-gen.materialsproject.org/materials/mp-1521735,HTTP 403
1753,SmEuZrCrO6,Ceramic,https://next-gen.materialsproject.org/materials/mp-1521677,HTTP 403
2740,CaEuHfNbO6,Ceramic,https://next-gen.materialsproject.org/materials/mp-1522808,HTTP 403
2731,SrCaMnNbO6,Ceramic,https://next-gen.materialsproject.org/materials/mp-1522791,HTTP 403
2587,CaSmCr4O12,Ceramic,https://next-gen.materialsproject.org/materials/mp-1522389,HTTP 403
2908,SrEuCrSbO6,Semiconductor,https://materialsproject.org/materials/mp-1523312,HTTP 403
5436,Mg14GaSn,Semiconductor,https://materialsproject.org/materials/mp-1026579,HTTP 403
2874,KCaZrBiO6,Ceramic,https://next-gen.materialsproject.org/materials/mp-1523209,HTTP 403
5442,Mg14SnW,Computational Material,https://materialsproject.org/materials/mp-1026585,HTTP 403
2906,BaSrGdSbO6,Semiconductor,https://materialsproject.org/materials/mp-1523308,HTTP 403
5444,SrMg14Cr,Computational Material,https://materialsproject.org/materials/mp-1026587,HTTP 403
5445,Mg14SnB,Computational Material,https://materialsproject.org/materials/mp-1026588,HTTP 403
2875,KLaFeWO6,Ceramic,https://next-gen.materialsproject.org/materials/mp-1523210,HTTP 403
8391,LuNi5Sn,Computational Material,https://materialsproject.org/materials/mp-865201,HTTP 403
8390,MnGa2Tc,Semiconductor,https://materialsproject.org/materials/mp-865200,HTTP 403
8392,TmCdPt2,Semiconductor,https://materialsproject.org/materials/mp-865202,HTTP 403
8393,YCuPbS3,Metal,https://materialsproject.org/materials/mp-865203,HTTP 403
8413,LuMgHg2,Computational Material,https://materialsproject.org/materials/mp-865226,HTTP 403
8414,TmMgCd2,Semiconductor,https://materialsproject.org/materials/mp-865227,HTTP 403
8408,Dy2IrPd,Computational Material,https://materialsproject.org/materials/mp-865221,HTTP 403
8407,Dy2CuRu,Computational Material,https://materialsproject.org/materials/mp-865220,HTTP 403
4373,SrMg6Zn,Computational Material,https://materialsproject.org/materials/mp-1022658,HTTP 403
8406,Dy2IrRu,Computational Material,https://materialsproject.org/materials/mp-865219,HTTP 403
2876,Sr2YWO6,Ceramic,https://next-gen.materialsproject.org/materials/mp-1523213,HTTP 403
8490,Lu2NiRu,Computational Material,https://materialsproject.org/materials/mp-865335,HTTP 403
1802,KCeEuWO6,Ceramic,https://next-gen.materialsproject.org/materials/mp-1521817,HTTP 403
8492,Lu2NiIr,Computational Material,https://materialsproject.org/materials/mp-865337,HTTP 403
8497,Zn3Rh,Computational Material,https://materialsproject.org/materials/mp-865342,HTTP 403
8491,Lu2OsPd,Computational Material,https://materialsproject.org/materials/mp-865336,HTTP 403
8493,Tm2ZnPt,Computational Material,https://materialsproject.org/materials/mp-865338,HTTP 403
8498,Tm2IrOs,Computational Material,https://materialsproject.org/materials/mp-865343,HTTP 403
8496,Tm2InOs,Semiconductor,https://materialsproject.org/materials/mp-865341,HTTP 403
8494,Tm2GaOs,Semiconductor,https://materialsproject.org/materials/mp-865339,HTTP 403
8501,Tm2ZnRu,Computational Material,https://materialsproject.org/materials/mp-865351,HTTP 403
8499,Li2GdTl,Computational Material,https://materialsproject.org/materials/mp-865349,HTTP 403
8495,Tm2HgOs,Computational Material,https://materialsproject.org/materials/mp-865340,HTTP 403
2599,KCeMgWO6,Ceramic,https://next-gen.materialsproject.org/materials/mp-1522415,HTTP 403
8500,Lu2Mn12P7,Metal,https://materialsproject.org/materials/mp-865350,HTTP 403
2588,KNdTi4O12,Ceramic,https://next-gen.materialsproject.org/materials/mp-1522391,HTTP 403
2584,KNdZr4O12,Ceramic,https://next-gen.materialsproject.org/materials/mp-1522378,HTTP 403
2744,NaEuHfSnO6,Ceramic,https://next-gen.materialsproject.org/materials/mp-1522824,HTTP 403
8504,Tm2IrPd,Computational Material,https://materialsproject.org/materials/mp-865354,HTTP 403
8505,Zn3Pt,Metal,https://materialsproject.org/materials/mp-865355,HTTP 403
8503,TmI3,Computational Material,https://materialsproject.org/materials/mp-865353,HTTP 403
8502,Mg17Al11Pd,Computational Material,https://materialsproject.org/materials/mp-865352,HTTP 403
2594,NaPrHfNbO6,Ceramic,https://next-gen.materialsproject.org/materials/mp-1522403,HTTP 403
8506,Tm2MgAl,Computational Material,https://materialsproject.org/materials/mp-865356,HTTP 403
8507,Zn3Pd,Metal,https://materialsproject.org/materials/mp-865357,HTTP 403
8508,DySnRu2,Computational Material,https://materialsproject.org/materials/mp-865358,HTTP 403
8509,Tm2MgIn,Semiconductor,https://materialsproject.org/materials/mp-865359,HTTP 403
2886,BaCeEuNiO6,Ceramic,https://next-gen.materialsproject.org/materials/mp-1523236,HTTP 403
2879,KFeBiWO6,Ceramic,https://next-gen.materialsproject.org/materials/mp-1523222,HTTP 403
8510,Tm2MgIr,Computational Material,https://materialsproject.org/materials/mp-865360,HTTP 403
8511,Tm2MgOs,Computational Material,https://materialsproject.org/materials/mp-865361,HTTP 403
8512,Zn3Ir,Computational Material,https://materialsproject.org/materials/mp-865362,HTTP 403
2850,BaCaTi4O12,Ceramic,https://next-gen.materialsproject.org/materials/mp-1523145,HTTP 403
2873,BaMnNb4O12,Ceramic,https://next-gen.materialsproject.org/materials/mp-1523208,HTTP 403
2607,EuDyCr4O12,Ceramic,https://next-gen.materialsproject.org/materials/mp-1522433,HTTP 403
2896,BaEuZrNbO6,Ceramic,https://next-gen.materialsproject.org/materials/mp-1523280,HTTP 403
2623,Ba2YNbO6,Ceramic,https://next-gen.materialsproject.org/materials/mp-7251,HTTP 403
2617,KSmTi4O12,Ceramic,https://next-gen.materialsproject.org/materials/mp-1522449,HTTP 403
2902,KLaMgWO6,Ceramic,https://next-gen.materialsproject.org/materials/mp-1523297,HTTP 403
2911,SrCaDyNbO6,Ceramic,https://next-gen.materialsproject.org/materials/mp-1523329,HTTP 403
2638,NaSr2MnO6,Ceramic,https://next-gen.materialsproject.org/materials/mp-1522511,HTTP 403
2640,NaSrCeFeO6,Ceramic,https://next-gen.materialsproject.org/materials/mp-1522517,HTTP 403
2871,NaSrTbMnO6,Ceramic,https://next-gen.materialsproject.org/materials/mp-1523204,HTTP 403
2612,SrCaHfVO6,Ceramic,https://next-gen.materialsproject.org/materials/mp-1522440,HTTP 403
2851,SrNdMgWO6,Ceramic,https://next-gen.materialsproject.org/materials/mp-1523147,HTTP 403
1679,Ca2LuNbO6,Ceramic,https://next-gen.materialsproject.org/materials/mp-aaaiejef,HTTP 403
2915,BaCaZr4O12,Ceramic,https://next-gen.materialsproject.org/materials/mp-1523340,HTTP 403
8590,Pm2SiPd,Semiconductor,https://materialsproject.org/materials/mp-865468,HTTP 403
4489,CuS,Metal,https://materialsproject.org/materials/mp-1023128,HTTP 403
4504,CaMg6Mo,Computational Material,https://materialsproject.org/materials/mp-1023150,HTTP 403
8538,Tm2MgGe2,Semiconductor,https://materialsproject.org/materials/mp-865403,HTTP 403
8617,YAlAg2,Computational Material,https://materialsproject.org/materials/mp-865504,HTTP 403
8615,YAgHg2,Computational Material,https://materialsproject.org/materials/mp-865502,HTTP 403
8614,V2TcRu,Computational Material,https://materialsproject.org/materials/mp-865501,HTTP 403
8619,VSiOs2,Semiconductor,https://materialsproject.org/materials/mp-865506,HTTP 403
8620,VSiRu2,Semiconductor,https://materialsproject.org/materials/mp-865507,HTTP 403
2914,NaEuYSbO6,Semiconductor,https://materialsproject.org/materials/mp-1523338,HTTP 403
8607,VI3,Metal,https://materialsproject.org/materials/mp-865493,HTTP 403
8618,Lu2InAg,Semiconductor,https://materialsproject.org/materials/mp-865505,HTTP 403
8616,YCdAg2,Semiconductor,https://materialsproject.org/materials/mp-865503,HTTP 403
8609,V2CrTc,Computational Material,https://materialsproject.org/materials/mp-865495,HTTP 403
1683,LuV(PbO3)2,Ceramic,https://materialsproject.org/materials/mp-aaaiejew,HTTP 403
8608,V2CrRu,Computational Material,https://materialsproject.org/materials/mp-865494,HTTP 403
8606,LuCuPbSe3,Metal,https://materialsproject.org/materials/mp-865492,HTTP 403
1677,Y3Sc3(GaO6)2,Semiconductor,https://materialsproject.org/materials/mp-aaaiejdo,HTTP 403
5641,LiMg14Mo,Computational Material,https://materialsproject.org/materials/mp-1026794,HTTP 403
7491,Pm2ZnIr,Computational Material,https://materialsproject.org/materials/mp-862744,HTTP 403
5632,CeMg14W,Computational Material,https://materialsproject.org/materials/mp-1026785,HTTP 403
5645,CeMg14C,Computational Material,https://materialsproject.org/materials/mp-1026798,HTTP 403
5642,LiMg14W,Computational Material,https://materialsproject.org/materials/mp-1026795,HTTP 403
4027,K2CuO2,Ceramic,https://next-gen.materialsproject.org/materials/mp-1021659,HTTP 403
1680,Lu3Sc3(GaO6)2,Semiconductor,https://materialsproject.org/materials/mp-aaaiejei,HTTP 403
1686,BaSrVBiO6,Ceramic,https://next-gen.materialsproject.org/materials/mp-1521465,HTTP 403
5646,LiMg14Cd,Semiconductor,https://materialsproject.org/materials/mp-1026799,HTTP 403
5638,CeMg14Si,Semiconductor,https://materialsproject.org/materials/mp-1026791,HTTP 403
1681,Lu2Ge2O7,Semiconductor,https://materialsproject.org/materials/mp-aaaiejep,HTTP 403
5640,LiMg14Cr,Computational Material,https://materialsproject.org/materials/mp-1026793,HTTP 403
2887,KEuNb4O12,Ceramic,https://next-gen.materialsproject.org/materials/mp-1523239,HTTP 403
8621,U2Ni12As7,Semiconductor,https://materialsproject.org/materials/mp-865508,HTTP 403
8622,VCl4,Metal,https://materialsproject.org/materials/mp-865511,HTTP 403
8623,YMgCd2,Semiconductor,https://materialsproject.org/materials/mp-865512,HTTP 403
95,Polycarbonate (PC),Polymer,https://www.matweb.com/search/DataSheet.aspx?MatGUID=84b257896b674f93a39596d00d999d77,HTTP 403
8624,YSbPd2,Semiconductor,https://materialsproject.org/materials/mp-865513,HTTP 403
8625,YSnAu2,Computational Material,https://materialsproject.org/materials/mp-865514,HTTP 403
8626,YMgZn2,Computational Material,https://materialsproject.org/materials/mp-865515,HTTP 403
8627,YPaRu2,Computational Material,https://materialsproject.org/materials/mp-865516,HTTP 403
8631,YCdPd2,Semiconductor,https://materialsproject.org/materials/mp-865520,HTTP 403
8630,YTaRu2,Computational Material,https://materialsproject.org/materials/mp-865519,HTTP 403
8628,YZnRh2,Computational Material,https://materialsproject.org/materials/mp-865517,HTTP 403
8629,YSnRh2,Computational Material,https://materialsproject.org/materials/mp-865518,HTTP 403
5678,KMg14C,Computational Material,https://materialsproject.org/materials/mp-1026833,HTTP 403
1687,Ca2DyMnO6,Ceramic,https://next-gen.materialsproject.org/materials/mp-1521466,HTTP 403
2919,KCaSmSeO6,Computational Material,https://materialsproject.org/materials/mp-1523349,HTTP 403
7500,PrCd3,Semiconductor,https://materialsproject.org/materials/mp-862755,HTTP 403
7499,PrBS3,Computational Material,https://materialsproject.org/materials/mp-862754,HTTP 403
7557,PaZnAu2,Computational Material,https://materialsproject.org/materials/mp-862833,HTTP 403
7558,PaZnPt2,Computational Material,https://materialsproject.org/materials/mp-862835,HTTP 403
7556,PaTlO3,Computational Material,https://materialsproject.org/materials/mp-862832,HTTP 403
4513,BaCaMg6,Computational Material,https://materialsproject.org/materials/mp-1023159,HTTP 403
2877,NaCeV4O12,Ceramic,https://next-gen.materialsproject.org/materials/mp-1523217,HTTP 403
2912,SrPrYMnO6,Ceramic,https://next-gen.materialsproject.org/materials/mp-1523331,HTTP 403
5032,CeBi2SeO4,Computational Material,https://materialsproject.org/materials/mp-1025437,HTTP 403
8636,YCdHg2,Semiconductor,https://materialsproject.org/materials/mp-865525,HTTP 403
8632,LuI3,Computational Material,https://materialsproject.org/materials/mp-865521,HTTP 403
129,AISI 1010 Carbon Steel (Cold Drawn),Metal,https://matweb.com/search/QuickText.aspx?SearchText=AISI%201010,HTTP 403
2921,SrSmHfFeO6,Ceramic,https://next-gen.materialsproject.org/materials/mp-1523358,HTTP 403
131,AISI 1015 Carbon Steel (Cold Drawn),Metal,https://matweb.com/search/QuickText.aspx?SearchText=AISI%201015,HTTP 403
8634,TiMnRh2,Computational Material,https://materialsproject.org/materials/mp-865523,HTTP 403
8633,YCdAu2,Semiconductor,https://materialsproject.org/materials/mp-865522,HTTP 403
8635,YCdPt2,Semiconductor,https://materialsproject.org/materials/mp-865524,HTTP 403
5040,CeAl2Pd5,Computational Material,https://materialsproject.org/materials/mp-1025445,HTTP 403
8637,TmSb(PbO3)2,Semiconductor,https://materialsproject.org/materials/mp-865526,HTTP 403
8638,YAl3,Computational Material,https://materialsproject.org/materials/mp-865527,HTTP 403
8639,Ba5Cd2Sb5F,Semiconductor,https://materialsproject.org/materials/mp-865528,HTTP 403
3080,Ca3CoO6,Ceramic,https://next-gen.materialsproject.org/materials/mp-1666748,HTTP 403
7775,FeO3,Ceramic,https://next-gen.materialsproject.org/materials/mp-863316,HTTP 403
8640,Ti2NiIr,Computational Material,https://materialsproject.org/materials/mp-865529,HTTP 403
7777,Li3Mn3NiO8,Ceramic,https://next-gen.materialsproject.org/materials/mp-757987,HTTP 403
3073,Li2V5CuO12,Ceramic,https://next-gen.materialsproject.org/materials/mp-1570811,HTTP 403
3083,Li2TiV5O12,Ceramic,https://next-gen.materialsproject.org/materials/mp-1573040,HTTP 403
3082,CaV4O6,Ceramic,https://next-gen.materialsproject.org/materials/mp-1044005,HTTP 403
3057,LiCrP2O7,Ceramic,https://next-gen.materialsproject.org/materials/mp-19103,HTTP 403
8698,LuPaOs2,Computational Material,https://materialsproject.org/materials/mp-865608,HTTP 403
8699,LuGaRh2,Semiconductor,https://materialsproject.org/materials/mp-865609,HTTP 403
3049,Na6NiO4,Ceramic,https://next-gen.materialsproject.org/materials/mp-779898,HTTP 403
8715,TiGeRu2,Semiconductor,https://materialsproject.org/materials/mp-865640,HTTP 403
8700,LuH3,Computational Material,https://materialsproject.org/materials/mp-865610,HTTP 403
7935,ErCdPd2,Semiconductor,https://materialsproject.org/materials/mp-863738,HTTP 403
8716,Y2NiRu,Computational Material,https://materialsproject.org/materials/mp-865641,HTTP 403
8717,Yb2CdPb,Semiconductor,https://materialsproject.org/materials/mp-865648,HTTP 403
8721,TiMn2Si,Semiconductor,https://materialsproject.org/materials/mp-865652,HTTP 403
8722,TiNbRe2,Computational Material,https://materialsproject.org/materials/mp-865653,HTTP 403
8719,Ti2TcRu,Computational Material,https://materialsproject.org/materials/mp-865650,HTTP 403
8723,Y2TlAg,Computational Material,https://materialsproject.org/materials/mp-865654,HTTP 403
8720,Y2TlCd,Semiconductor,https://materialsproject.org/materials/mp-865651,HTTP 403
8724,TiNbTc2,Computational Material,https://materialsproject.org/materials/mp-865655,HTTP 403
8718,Ti2TcRh,Computational Material,https://materialsproject.org/materials/mp-865649,HTTP 403
8727,Y2ZnIr,Computational Material,https://materialsproject.org/materials/mp-865659,HTTP 403
8725,TiMn2W,Metal,https://materialsproject.org/materials/mp-865656,HTTP 403
8726,LiPrGe2,Semiconductor,https://materialsproject.org/materials/mp-865658,HTTP 403
8729,YbMgCd2,Semiconductor,https://materialsproject.org/materials/mp-865661,HTTP 403
8731,YbLuRh2,Computational Material,https://materialsproject.org/materials/mp-865663,HTTP 403
8732,TiRe2W,Computational Material,https://materialsproject.org/materials/mp-865664,HTTP 403
8728,Yb2AgPt,Computational Material,https://materialsproject.org/materials/mp-865660,HTTP 403
7977,AcCuO3,Ceramic,https://next-gen.materialsproject.org/materials/mp-864606,HTTP 403
8733,TiReTc2,Computational Material,https://materialsproject.org/materials/mp-865665,HTTP 403
8730,Yb2AgPb,Computational Material,https://materialsproject.org/materials/mp-865662,HTTP 403
8735,TiSiTc2,Semiconductor,https://materialsproject.org/materials/mp-865669,HTTP 403
1611,CaLu2TiO6,Ceramic,https://next-gen.materialsproject.org/materials/mp-aaaieirw,HTTP 403
8736,Y2ZnIn,Semiconductor,https://materialsproject.org/materials/mp-865671,HTTP 403
8734,Li2TlAg,Computational Material,https://materialsproject.org/materials/mp-865666,HTTP 403
1714,NaCaNbWO6,Ceramic,https://next-gen.materialsproject.org/materials/mp-1521548,HTTP 403
4400,BaNb2Fe2O9,Ceramic,https://next-gen.materialsproject.org/materials/mp-1022731,HTTP 403
7964,K2V4Zn5O20,Ceramic,https://next-gen.materialsproject.org/materials/mp-863831,HTTP 403
8737,ThSnPd2,Computational Material,https://materialsproject.org/materials/mp-865677,HTTP 403
1900,BaSrCeFeO6,Ceramic,https://next-gen.materialsproject.org/materials/mp-1522103,HTTP 403
8738,TiMn2V,Metal,https://materialsproject.org/materials/mp-865678,HTTP 403
2756,BaNdV4O12,Ceramic,https://next-gen.materialsproject.org/materials/mp-1522854,HTTP 403
1876,EuHfFeBiO6,Ceramic,https://next-gen.materialsproject.org/materials/mp-1522041,HTTP 403
4697,Mg3AlO4,Ceramic,https://next-gen.materialsproject.org/materials/mp-1024039,HTTP 403
1880,EuNbCrBiO6,Ceramic,https://next-gen.materialsproject.org/materials/mp-1522051,HTTP 403
2757,KEuZr4O12,Ceramic,https://next-gen.materialsproject.org/materials/mp-1522855,HTTP 403
8739,TiSnPd2,Computational Material,https://materialsproject.org/materials/mp-865679,HTTP 403
1898,NaLaVWO6,Ceramic,https://next-gen.materialsproject.org/materials/mp-1522096,HTTP 403
136,AISI 1025 Carbon Steel (Hot Rolled),Metal,https://matweb.com/search/QuickText.aspx?SearchText=AISI%201025,HTTP 403
8740,TiSiOs2,Semiconductor,https://materialsproject.org/materials/mp-865680,HTTP 403
138,AISI 1030 Carbon Steel (Hot Rolled),Metal,https://matweb.com/search/QuickText.aspx?SearchText=AISI%201030,HTTP 403
137,AISI 1025 Carbon Steel (Cold Drawn),Metal,https://matweb.com/search/QuickText.aspx?SearchText=AISI%201025,HTTP 403
8794,Lu5Rh3,Computational Material,https://materialsproject.org/materials/mp-865778,HTTP 403
8741,TiSiRu2,Semiconductor,https://materialsproject.org/materials/mp-865681,HTTP 403
8795,Ga2CoRu,Semiconductor,https://materialsproject.org/materials/mp-865779,HTTP 403
8792,YbInPd2,Semiconductor,https://materialsproject.org/materials/mp-865771,HTTP 403
8793,YbInRh2,Semiconductor,https://materialsproject.org/materials/mp-865774,HTTP 403
8805,YbInHg2,Semiconductor,https://materialsproject.org/materials/mp-865790,HTTP 403
8803,TmPaTc2,Computational Material,https://materialsproject.org/materials/mp-865788,HTTP 403
8804,YbInAg2,Semiconductor,https://materialsproject.org/materials/mp-865789,HTTP 403
143,AISI 1040 Carbon Steel (Cold Drawn),Metal,https://matweb.com/search/QuickText.aspx?SearchText=AISI%201040,HTTP 403
8806,CrSiRu2,Semiconductor,https://materialsproject.org/materials/mp-865791,HTTP 403
142,AISI 1040 Carbon Steel (Hot Rolled),Metal,https://matweb.com/search/QuickText.aspx?SearchText=AISI%201040,HTTP 403
8802,TmRh2Pb,Computational Material,https://materialsproject.org/materials/mp-865787,HTTP 403
146,AISI 1050 Carbon Steel (Hot Rolled),Metal,https://matweb.com/search/QuickText.aspx?SearchText=AISI%201050,HTTP 403
8817,LuRh3,Computational Material,https://materialsproject.org/materials/mp-865802,HTTP 403
8816,LuPaTc2,Computational Material,https://materialsproject.org/materials/mp-865801,HTTP 403
8815,Yb2BiAu,Computational Material,https://materialsproject.org/materials/mp-865800,HTTP 403
4913,Sm2AlNO3,Ceramic,https://next-gen.materialsproject.org/materials/mp-1025276,HTTP 403
8814,Yb2AsAu,Semiconductor,https://materialsproject.org/materials/mp-865799,HTTP 403
2651,SrPrGdCoO6,Ceramic,https://next-gen.materialsproject.org/materials/mp-1522538,HTTP 403
2755,SrSmMn4O12,Ceramic,https://next-gen.materialsproject.org/materials/mp-1522852,HTTP 403
153,AISI 1080 Carbon Steel (Cold Drawn),Metal,https://matweb.com/search/QuickText.aspx?SearchText=AISI%201080,HTTP 403
150,AISI 1060 Carbon Steel (Hot Rolled),Metal,https://matweb.com/search/QuickText.aspx?SearchText=AISI%201060,HTTP 403
151,AISI 1060 Carbon Steel (Cold Drawn),Metal,https://matweb.com/search/QuickText.aspx?SearchText=AISI%201060,HTTP 403
152,AISI 1080 Carbon Steel (Hot Rolled),Metal,https://matweb.com/search/QuickText.aspx?SearchText=AISI%201080,HTTP 403
147,AISI 1050 Carbon Steel (Cold Drawn),Metal,https://matweb.com/search/QuickText.aspx?SearchText=AISI%201050,HTTP 403
148,AISI 1055 Carbon Steel (Hot Rolled),Metal,https://matweb.com/search/QuickText.aspx?SearchText=AISI%201055,HTTP 403
5854,Te2Mo3WS6,Metal,https://materialsproject.org/materials/mp-1027304,HTTP 403
2774,Ba2CeNbO6,Ceramic,https://next-gen.materialsproject.org/materials/mp-1079632,HTTP 403
1901,KLaZrNbO6,Ceramic,https://next-gen.materialsproject.org/materials/mp-1522104,HTTP 403
1909,Ca2HfZrO6,Ceramic,https://next-gen.materialsproject.org/materials/mp-1522139,HTTP 403
2783,BaNdNiBiO6,Ceramic,https://next-gen.materialsproject.org/materials/mp-1522954,HTTP 403
154,AISI 1095 Carbon Steel (Hot Rolled),Metal,https://dl.asminternational.org/alloy-digest/article-pdf/33/1/CS-99/366293/ad_v33_01_cs-99.pdf,HTTP 403
4702,Mg3ZnO4,Ceramic,https://next-gen.materialsproject.org/materials/mp-1024045,HTTP 403
2786,KLiNb4O12,Ceramic,https://next-gen.materialsproject.org/materials/mp-1522963,HTTP 403
2893,KNdZrTiO6,Ceramic,https://next-gen.materialsproject.org/materials/mp-1523257,HTTP 403
2889,NaCaDyWO6,Ceramic,https://next-gen.materialsproject.org/materials/mp-1523242,HTTP 403
1920,NaPrNb2O6,Ceramic,https://next-gen.materialsproject.org/materials/mp-1522162,HTTP 403
1905,NaNdHfNbO6,Ceramic,https://next-gen.materialsproject.org/materials/mp-1522126,HTTP 403
7347,SrMg6SnO8,Computational Material,https://materialsproject.org/materials/mp-1031499,HTTP 403
7559,PmAlAu2,Computational Material,https://materialsproject.org/materials/mp-862836,HTTP 403
1688,NaHfCuWO6,Ceramic,https://next-gen.materialsproject.org/materials/mp-1521471,HTTP 403
5110,NbCl2O,Ceramic,https://next-gen.materialsproject.org/materials/mp-1025567,HTTP 403
5920,Mo3WS8,Metal,https://materialsproject.org/materials/mp-1027569,HTTP 403
8818,Ti2MoPt,Metal,https://materialsproject.org/materials/mp-865803,HTTP 403
1910,SrPrZnBiO6,Ceramic,https://next-gen.materialsproject.org/materials/mp-1522142,HTTP 403
2777,SrPrMnNbO6,Ceramic,https://next-gen.materialsproject.org/materials/mp-1522937,HTTP 403
1564,H4S4N,Computational Material,https://materialsproject.org/materials/mp-3347007,HTTP 403
1557,K3Na7Mg2H12S6(NO18)2,Computational Material,https://materialsproject.org/materials/mp-3346819,HTTP 403
8823,LiNd2Ir,Computational Material,https://materialsproject.org/materials/mp-865808,HTTP 403
1558,NaLi2Cl3,Computational Material,https://materialsproject.org/materials/mp-3346843,HTTP 403
8819,TaZnRh2,Computational Material,https://materialsproject.org/materials/mp-865804,HTTP 403
1698,BaNdZr2O6,Ceramic,https://next-gen.materialsproject.org/materials/mp-1521430,HTTP 403
8820,TaZnCo2,Metal,https://materialsproject.org/materials/mp-865805,HTTP 403
8824,TiTc2Sb,Semiconductor,https://materialsproject.org/materials/mp-865809,HTTP 403
1689,Sr2PrGeO6,Semiconductor,https://materialsproject.org/materials/mp-1521474,HTTP 403
8825,TiTc2W,Computational Material,https://materialsproject.org/materials/mp-865810,HTTP 403
8821,LuGaCu2,Semiconductor,https://materialsproject.org/materials/mp-865806,HTTP 403
8822,Ti2MoIr,Computational Material,https://materialsproject.org/materials/mp-865807,HTTP 403
8831,YbPd2Pb,Computational Material,https://materialsproject.org/materials/mp-865816,HTTP 403
8829,YbMgHg2,Computational Material,https://materialsproject.org/materials/mp-865814,HTTP 403
8827,LiSmHg2,Computational Material,https://materialsproject.org/materials/mp-865812,HTTP 403
8826,LaYbAg2,Computational Material,https://materialsproject.org/materials/mp-865811,HTTP 403
8828,YbMgTl2,Computational Material,https://materialsproject.org/materials/mp-865813,HTTP 403
8830,YbPd2Au,Computational Material,https://materialsproject.org/materials/mp-865815,HTTP 403
8833,Lu2CuIr,Computational Material,https://materialsproject.org/materials/mp-865829,HTTP 403
8834,Lu2CuOs,Computational Material,https://materialsproject.org/materials/mp-865830,HTTP 403
8835,LaYbZn2,Computational Material,https://materialsproject.org/materials/mp-865833,HTTP 403
8832,YbPaRu2,Computational Material,https://materialsproject.org/materials/mp-865828,HTTP 403
1927,CaPrHfCrO6,Ceramic,https://next-gen.materialsproject.org/materials/mp-1522185,HTTP 403
9955,"ASTM Grade 80-60-03 (ISO 600-3, EN-JS 1060) Ductile Cast Iron",Metal,https://matweb.com/search/QuickText.aspx?SearchText=AISI%201060,HTTP 403
8544,CsBa2Cr2F11,Metal,https://materialsproject.org/materials/mp-865412,HTTP 403
8836,Yb3GeO,Semiconductor,https://materialsproject.org/materials/mp-865834,HTTP 403
8837,YbPaRh2,Computational Material,https://materialsproject.org/materials/mp-865836,HTTP 403
8838,LiSiRu2,Semiconductor,https://materialsproject.org/materials/mp-865838,HTTP 403
9842,SAE-ASTM Grade G4000d (F10012) Grey Cast Iron,Metal,http://www.atlasfdry.com/grayiron-classes.htm,HTTP 403
10320,EN 1.7139 (16MnCrS5) Chromium Steel,Metal,https://dl.asminternational.org/alloy-digest/article/74/4/SA-882/35584/CEN-ISO-16MnCr5-CEN-ISO-16MnCrS5Wrought-Low-Carbon,HTTP 403
9293,SAE-AISI 1080 (G10800) Carbon Steel,Carbon Steel,https://matweb.com/search/QuickText.aspx?SearchText=AISI%201080,HTTP 403
2778,CaEuAlBiO6,Ceramic,https://next-gen.materialsproject.org/materials/mp-1523034,HTTP 403
8839,Ti2TcIr,Computational Material,https://materialsproject.org/materials/mp-865840,HTTP 403
1690,Ba2SrMnO6,Ceramic,https://next-gen.materialsproject.org/materials/mp-1521476,HTTP 403
2922,NaSmV4O12,Ceramic,https://next-gen.materialsproject.org/materials/mp-1523362,HTTP 403
2632,KEuSnWO6,Ceramic,https://next-gen.materialsproject.org/materials/mp-1522486,HTTP 403
8840,YbPaPt2,Computational Material,https://materialsproject.org/materials/mp-865841,HTTP 403
3035,Li2CoPHO5,Ceramic,https://next-gen.materialsproject.org/materials/mp-1565574,HTTP 403
1930,KTbPrNbO6,Ceramic,https://next-gen.materialsproject.org/materials/mp-1522191,HTTP 403
8841,Ti2OsRu,Computational Material,https://materialsproject.org/materials/mp-865842,HTTP 403
8613,Na2Hf2O5,Ceramic,https://next-gen.materialsproject.org/materials/mp-865500,HTTP 403
8713,LiNiO2,Ceramic,https://next-gen.materialsproject.org/materials/mp-2348641,HTTP 403
1928,SmEuTiNbO6,Ceramic,https://next-gen.materialsproject.org/materials/mp-1522188,HTTP 403
1710,CeEu2ZrO6,Ceramic,https://next-gen.materialsproject.org/materials/mp-1521539,HTTP 403
2924,NaLaCeNiO6,Ceramic,https://next-gen.materialsproject.org/materials/mp-1523368,HTTP 403
1699,NaSrPrNbO6,Ceramic,https://next-gen.materialsproject.org/materials/mp-1521505,HTTP 403
1694,LiLaHfTiO6,Ceramic,https://next-gen.materialsproject.org/materials/mp-1521491,HTTP 403
2926,BaMnNb2O6,Ceramic,https://next-gen.materialsproject.org/materials/mp-1523372,HTTP 403
2925,Sr2HfWO6,Ceramic,https://next-gen.materialsproject.org/materials/mp-1523371,HTTP 403
10381,EN 1.8838 (S460ML) Steel,Metal,https://www.victorsteel.net/en-10025-4-s460ml-tmcp-offshore-steel-plate.html,HTTP 403
3037,SrLa3Mn2Cr2O12,Ceramic,https://next-gen.materialsproject.org/materials/mp-1218286,HTTP 403
6107,LiMg14Zn,Computational Material,https://materialsproject.org/materials/mp-1027955,HTTP 403
1571,Na10Mg7Cl24,Computational Material,https://materialsproject.org/materials/mp-3347182,HTTP 403
1594,Lu2ZnSnO6,Ceramic,https://next-gen.materialsproject.org/materials/mp-aaaieipl,HTTP 403
1708,Sr2NdNbO6,Ceramic,https://next-gen.materialsproject.org/materials/mp-1521536,HTTP 403
1577,Na3LiMgCl6,Computational Material,https://materialsproject.org/materials/mp-3347425,HTTP 403
1576,NaLi3MgCl6,Computational Material,https://materialsproject.org/materials/mp-3347346,HTTP 403
1578,CaTi(BiO3)2,Ceramic,https://materialsproject.org/materials/mp-aaaieinu,HTTP 403
2939,WO2,Ceramic,https://next-gen.materialsproject.org/materials/mp-19372,HTTP 403
1591,CaLu2SnO6,Computational Material,https://materialsproject.org/materials/mp-aaaieipd,HTTP 403
1590,CaLu2GeO6,Semiconductor,https://materialsproject.org/materials/mp-aaaieioy,HTTP 403
1589,MgZr(BiO3)2,Ceramic,https://materialsproject.org/materials/mp-aaaieiox,HTTP 403
2930,VTe2,Metal,https://materialsproject.org/materials/mp-1523643,HTTP 403
2931,NClO,Computational Material,https://materialsproject.org/materials/mp-1523737,HTTP 403
1703,SrSmEuNiO6,Ceramic,https://next-gen.materialsproject.org/materials/mp-1521513,HTTP 403
2928,CaHfNbInO6,Semiconductor,https://materialsproject.org/materials/mp-1523377,HTTP 403
1747,Eu2HfTiO6,Ceramic,https://next-gen.materialsproject.org/materials/mp-1521653,HTTP 403
1844,BaSrSmNbO6,Ceramic,https://next-gen.materialsproject.org/materials/mp-1522073,HTTP 403
1636,SrZrO3,Ceramic,https://next-gen.materialsproject.org/materials/mp-4387,HTTP 403
1744,BaZr2SnO6,Ceramic,https://next-gen.materialsproject.org/materials/mp-1521649,HTTP 403
1615,Y3Sc3Al2O12,Ceramic,https://next-gen.materialsproject.org/materials/mp-aaaieisc,HTTP 403
2933,BrCl,Computational Material,https://materialsproject.org/materials/mp-1524139,HTTP 403
2932,BaF3,Computational Material,https://materialsproject.org/materials/mp-1523886,HTTP 403
2934,EuIn,Semiconductor,https://materialsproject.org/materials/mp-1524257,HTTP 403
2942,OsO4,Computational Material,https://materialsproject.org/materials/mp-1524458,HTTP 403
2936,HfIr,Computational Material,https://materialsproject.org/materials/mp-1524302,HTTP 403
2937,BiPO4,Computational Material,https://materialsproject.org/materials/mp-1524357,HTTP 403
1600,Y2MgSnO6,Computational Material,https://materialsproject.org/materials/mp-aaaieiqc,HTTP 403
2938,CeAg2,Computational Material,https://materialsproject.org/materials/mp-1524385,HTTP 403
2947,Xe,Computational Material,https://materialsproject.org/materials/mp-1524762,HTTP 403
2940,PdF3,Metal,https://materialsproject.org/materials/mp-1524446,HTTP 403
1734,KCaPrWO6,Ceramic,https://next-gen.materialsproject.org/materials/mp-1521614,HTTP 403
68,Polypropylene (PP Homopolymer),Polymer,https://sterlingplasticsinc.com/product/polypropylene-homopolymer-pph/,HTTP 403
2945,Zn3N2,Metal,https://materialsproject.org/materials/mp-1524551,HTTP 403
1740,NaCaYFeO6,Ceramic,https://next-gen.materialsproject.org/materials/mp-1521624,HTTP 403
2946,H2,Computational Material,https://materialsproject.org/materials/mp-1524613,HTTP 403
1819,NaCaTbFeO6,Ceramic,https://next-gen.materialsproject.org/materials/mp-1521864,HTTP 403
2949,N2,Computational Material,https://materialsproject.org/materials/mp-1524991,HTTP 403
1729,PrEuZrFeO6,Ceramic,https://next-gen.materialsproject.org/materials/mp-1521598,HTTP 403
1842,Sr2CrSnO6,Ceramic,https://next-gen.materialsproject.org/materials/mp-1521920,HTTP 403
1874,KLaV4O12,Ceramic,https://next-gen.materialsproject.org/materials/mp-1522036,HTTP 403
1852,KEuHfTiO6,Ceramic,https://next-gen.materialsproject.org/materials/mp-1521954,HTTP 403
1827,SrNdCrSnO6,Ceramic,https://next-gen.materialsproject.org/materials/mp-1521877,HTTP 403
10426,EN 1.7039 (41CrS4) Chromium Steel,Metal,https://dl.asminternational.org/alloy-digest/article-pdf/69/2/SA-860/657798/ad_v69_02_sa-860.pdf,HTTP 403
7250,LiHfMg6O7,Ceramic,https://next-gen.materialsproject.org/materials/mp-1031107,HTTP 403
1873,NaEuNbWO6,Ceramic,https://next-gen.materialsproject.org/materials/mp-1522034,HTTP 403
7796,LiCoPO4,Ceramic,https://next-gen.materialsproject.org/materials/mp-758022,HTTP 403
1091,POM (Acetal Plastic),Plastic,https://www.polymershapes.com/wp-content/uploads/2020/04/Polymershapes_MitsubishiChemicalAdvancedMaterials_DataSheet_Acetron-POM-H.pdf,HTTP 403
10474,"SAE-AISI 5120 (SCr420,G51200) Chromium Steel",Metal,https://www.risingstarsteel.com/5120-alloy-steel-bar.html,HTTP 403
10556,"SAE-AISI 1070 (C70, 1.1520,G10700) Carbon Steel",Metal,https://matweb.com/search/QuickText.aspx?SearchText=AISI%201070,HTTP 403
1849,NaSrHfNbO6,Ceramic,https://next-gen.materialsproject.org/materials/mp-1521941,HTTP 403
10510,EN 1.1147 (C17E2C) Non-Alloy Steel,Metal,https://dl.asminternational.org/alloy-digest/article-pdf/71/7/CS-227/653732/ad_v71_07_cs-227.pdf,HTTP 403
2952,CaSb2,Semiconductor,https://materialsproject.org/materials/mp-1525363,HTTP 403
10557,"SAE-AISI 1095 (SUP4, 1.1274, C100S, G10950) Carbon Steel",Metal,https://dl.asminternational.org/alloy-digest/article-pdf/33/1/CS-99/366293/ad_v33_01_cs-99.pdf,HTTP 403
2961,AgCl,Metal,https://materialsproject.org/materials/mp-1536202,HTTP 403
2960,AcMg5,Computational Material,https://materialsproject.org/materials/mp-1525815,HTTP 403
2962,SbN,Semiconductor,https://materialsproject.org/materials/mp-1536769,HTTP 403
2951,Bi,Computational Material,https://materialsproject.org/materials/mp-1525145,HTTP 403
10632,"SAE-AISI 1060 (S58C,G10600) Carbon Steel",Metal,https://matweb.com/search/QuickText.aspx?SearchText=AISI%201060,HTTP 403
2963,HF,Computational Material,https://materialsproject.org/materials/mp-1536913,HTTP 403
10638,"SAE-AISI 1050 (S53C,G10500) Carbon Steel",Metal,https://matweb.com/search/QuickText.aspx?SearchText=AISI%201050,HTTP 403
10662,"SAE-AISI 1090 (1.1273,G10900) Carbon Steel",Metal,https://pdfcoffee.com/download/aisi-1090-steel-hot-rolled-19-32-mm-075-1-pdf-free.html,HTTP 403
1693,NaCo4BiO12,Ceramic,https://next-gen.materialsproject.org/materials/mp-1521488,HTTP 403
1651,Ca2LuVO6,Ceramic,https://next-gen.materialsproject.org/materials/mp-aaaieixu,HTTP 403
1648,Ca2YVO6,Ceramic,https://next-gen.materialsproject.org/materials/mp-aaaieixk,HTTP 403
7278,SrMg6TiO8,Ceramic,https://next-gen.materialsproject.org/materials/mp-1031365,HTTP 403
7848,La16Mn15O48,Ceramic,https://next-gen.materialsproject.org/materials/mp-863425,HTTP 403
1659,CaY2TiO6,Ceramic,https://next-gen.materialsproject.org/materials/mp-aaaieizq,HTTP 403
1684,Lu3Sc2(GaO4)3,Semiconductor,https://materialsproject.org/materials/mp-aaaiejex,HTTP 403
7824,Li6VFe5O12,Ceramic,https://next-gen.materialsproject.org/materials/mp-863880,HTTP 403
7829,LiV2OF5,Ceramic,https://next-gen.materialsproject.org/materials/mp-753339,HTTP 403
2964,MnIr,Computational Material,https://materialsproject.org/materials/mp-1537768,HTTP 403
10507,SAE-AISI 50B50 (G50501) Boron Steel,Metal,https://dl.asminternational.org/alloy-digest/article-pdf/doi/10.31399/asm.ad.sa0386/365932/ad_v31_10_sa-386.pdf,HTTP 403
7812,Nb16Tl16O53,Ceramic,https://next-gen.materialsproject.org/materials/mp-863389,HTTP 403
1655,Sr2LuVO6,Ceramic,https://next-gen.materialsproject.org/materials/mp-aaaieizb,HTTP 403
7632,PmHgAu2,Computational Material,https://next-gen.materialsproject.org/materials/mp-862912,HTTP 403
7834,V18Ag7O48,Ceramic,https://next-gen.materialsproject.org/materials/mp-863411,HTTP 403
7638,PmHoMg2,Computational Material,https://next-gen.materialsproject.org/materials/mp-862918,HTTP 403
7536,Pt3W,Metal,https://next-gen.materialsproject.org/materials/mp-862798,HTTP 403
4685,TeMoSe,Metal,https://materialsproject.org/materials/mp-1023948,HTTP 403
1650,ZrPbO3,Ceramic,https://next-gen.materialsproject.org/materials/mp-542903,HTTP 403
7737,RbBaTaS4,Metal,https://next-gen.materialsproject.org/materials/mp-863024,HTTP 403
1133,Pt,Computational Material,https://next-gen.materialsproject.org/materials/mp-126,HTTP 403
7637,PmInAu2,Semiconductor,https://next-gen.materialsproject.org/materials/mp-862917,HTTP 403
1110,Rb,Computational Material,https://next-gen.materialsproject.org/materials/mp-1179656,HTTP 403
2965,Ag2S,Metal,https://materialsproject.org/materials/mp-1537871,HTTP 403
8067,HoCdPd2,Semiconductor,https://materialsproject.org/materials/mp-864760,HTTP 403
2966,MgIn,Semiconductor,https://materialsproject.org/materials/mp-1538115,HTTP 403
2968,TeSeO4,Computational Material,https://materialsproject.org/materials/mp-1539101,HTTP 403
2967,AlTl2F5,Metal,https://materialsproject.org/materials/mp-1539038,HTTP 403
8250,MnSiRh2,Semiconductor,https://materialsproject.org/materials/mp-865015,HTTP 403
8254,HfMgIr2,Computational Material,https://materialsproject.org/materials/mp-865020,HTTP 403
2972,VAgO3,Ceramic,https://next-gen.materialsproject.org/materials/mp-559736,HTTP 403
2971,Ta2O5,Ceramic,https://next-gen.materialsproject.org/materials/mp-10390,HTTP 403
2973,Sr2TaCrO6,Ceramic,https://next-gen.materialsproject.org/materials/mp-1539400,HTTP 403
6544,SrMg14Co,Computational Material,https://materialsproject.org/materials/mp-1028394,HTTP 403
2970,Cs2Hf(WO4)3,Ceramic,https://materialsproject.org/materials/mp-1539190,HTTP 403
8361,HfPd5,Metal,https://materialsproject.org/materials/mp-865166,HTTP 403
1532,NaH9O5,Computational Material,https://materialsproject.org/materials/mp-3346528,HTTP 403
1969,SrLiSnSbO6,Semiconductor,https://materialsproject.org/materials/mp-1522292,HTTP 403
1961,Sr2EuSbO6,Semiconductor,https://materialsproject.org/materials/mp-1522276,HTTP 403
2978,CsSbWO6,Semiconductor,https://materialsproject.org/materials/mp-1540169,HTTP 403
2979,LiBiO2,Computational Material,https://materialsproject.org/materials/mp-1540429,HTTP 403
2976,LiV(OF)2,Ceramic,https://materialsproject.org/materials/mp-1539853,HTTP 403
2977,BaGaH5,Semiconductor,https://materialsproject.org/materials/mp-1540000,HTTP 403
2975,CsPbCl3,Computational Material,https://materialsproject.org/materials/mp-1539667,HTTP 403
8356,Dy2AgRu,Computational Material,https://materialsproject.org/materials/mp-865161,HTTP 403
4071,SrMg6V,Computational Material,https://materialsproject.org/materials/mp-1021716,HTTP 403
4077,Mg6NiMo,Computational Material,https://materialsproject.org/materials/mp-1021737,HTTP 403
4865,Cs2PuO4,Computational Material,https://materialsproject.org/materials/mp-1025208,HTTP 403
6841,RbCoN,Metal,https://next-gen.materialsproject.org/materials/mp-1029420,HTTP 403
4866,Nd2Re2Si2C,Semiconductor,https://materialsproject.org/materials/mp-1025210,HTTP 403
4867,InAsPt5,Semiconductor,https://materialsproject.org/materials/mp-1025212,HTTP 403
4868,InPPt5,Semiconductor,https://materialsproject.org/materials/mp-1025213,HTTP 403
4871,SiAgPt5,Semiconductor,https://materialsproject.org/materials/mp-1025220,HTTP 403
6945,RbMnN2,Metal,https://next-gen.materialsproject.org/materials/mp-1029835,HTTP 403
4872,Zn(NF2)2,Metal,https://materialsproject.org/materials/mp-1025221,HTTP 403
4880,Pr2CrS4,Metal,https://materialsproject.org/materials/mp-1025231,HTTP 403
4879,U2Re2C3,Computational Material,https://materialsproject.org/materials/mp-1025230,HTTP 403
4878,TiGa5Co,Semiconductor,https://materialsproject.org/materials/mp-1025229,HTTP 403
4877,Rb2MgCl4,Computational Material,https://materialsproject.org/materials/mp-1025227,HTTP 403
4881,V2CrSe4,Metal,https://materialsproject.org/materials/mp-1025232,HTTP 403
3953,Mg6GaSn,Semiconductor,https://materialsproject.org/materials/mp-1021394,HTTP 403
3975,CsMg6Ti,Computational Material,https://materialsproject.org/materials/mp-1021419,HTTP 403
4939,TiGa5Ni,Semiconductor,https://materialsproject.org/materials/mp-1025313,HTTP 403
7659,PmMgCd2,Semiconductor,https://materialsproject.org/materials/mp-862939,HTTP 403
4114,Mg6NbCo,Computational Material,https://materialsproject.org/materials/mp-1022037,HTTP 403
4767,PrSiAg,Semiconductor,https://materialsproject.org/materials/mp-1025028,HTTP 403
4641,CaMg15,Computational Material,https://materialsproject.org/materials/mp-1023508,HTTP 403
4306,KMg6Zr,Computational Material,https://materialsproject.org/materials/mp-1022583,HTTP 403
4106,LiMg6Ni,Computational Material,https://materialsproject.org/materials/mp-1021999,HTTP 403
4287,KMg6Co,Computational Material,https://materialsproject.org/materials/mp-1022526,HTTP 403
4987,CdPd5Se,Semiconductor,https://materialsproject.org/materials/mp-1025371,HTTP 403
4465,Mg6TiMn,Computational Material,https://materialsproject.org/materials/mp-1022984,HTTP 403
5257,Mg14CrSn,Computational Material,https://materialsproject.org/materials/mp-1026399,HTTP 403
7663,NaPmHg2,Computational Material,https://materialsproject.org/materials/mp-862943,HTTP 403
4864,Ti(CrTe2)2,Metal,https://materialsproject.org/materials/mp-1025207,HTTP 403
4965,Ti2CoSe4,Metal,https://materialsproject.org/materials/mp-1025347,HTTP 403
4954,Cs2TmH4,Computational Material,https://materialsproject.org/materials/mp-1025334,HTTP 403
4953,AgWS4N,Metal,https://materialsproject.org/materials/mp-1025333,HTTP 403
7667,Ba2BiAu,Computational Material,https://materialsproject.org/materials/mp-862947,HTTP 403
5448,CsMg14Nb,Computational Material,https://materialsproject.org/materials/mp-1026591,HTTP 403
4952,In2AgSe4,Semiconductor,https://materialsproject.org/materials/mp-1025331,HTTP 403
5482,Mg14SnBi,Computational Material,https://materialsproject.org/materials/mp-1026625,HTTP 403
3029,Mo15N16,Metal,https://materialsproject.org/materials/mp-1546639,HTTP 403
3901,KLiICl,Computational Material,https://materialsproject.org/materials/mp-1021327,HTTP 403
10035,"ASTM Grade HF (19Cr-9Ni,J92603) Cast Stainless Steel",Metal,https://dl.asminternational.org/handbooks/edited-volume/49/chapter/595816/Cast-Stainless-Steels,HTTP 403
3926,NaMg6Ti,Computational Material,https://materialsproject.org/materials/mp-1021365,HTTP 403
6025,Mg14ZrSb,Semiconductor,https://materialsproject.org/materials/mp-1027856,HTTP 403
7732,RbZnH2Se2BrO6,Ceramic,https://next-gen.materialsproject.org/materials/mp-863017,HTTP 403
4602,Mg6TiAl,Computational Material,https://materialsproject.org/materials/mp-1023397,HTTP 403
4029,AlSi,Semiconductor,https://materialsproject.org/materials/mp-1021666,HTTP 403
5998,LiMg14Cu,Computational Material,https://materialsproject.org/materials/mp-1027823,HTTP 403
4836,RuF6,Computational Material,https://next-gen.materialsproject.org/materials/mp-1209121,HTTP 403
6222,YMg14Zn,Computational Material,https://materialsproject.org/materials/mp-1028081,HTTP 403
6223,BaMg14Mn,Computational Material,https://materialsproject.org/materials/mp-1028082,HTTP 403
1562,Ca2Mg,Computational Material,https://materialsproject.org/materials/mp-3346969,HTTP 403
6204,Mg14MnGa,Semiconductor,https://materialsproject.org/materials/mp-1028063,HTTP 403
6226,YMg14Zr,Computational Material,https://materialsproject.org/materials/mp-1028085,HTTP 403
1581,CaY2SnO6,Computational Material,https://materialsproject.org/materials/mp-aaaieinz,HTTP 403
7680,PmSn3,Computational Material,https://materialsproject.org/materials/mp-862960,HTTP 403
3946,Mg6SnW,Computational Material,https://materialsproject.org/materials/mp-1021387,HTTP 403
4964,GaAsPd5,Semiconductor,https://materialsproject.org/materials/mp-1025346,HTTP 403
4963,Ti2CrTe4,Metal,https://materialsproject.org/materials/mp-1025345,HTTP 403
4030,IClO3,Computational Material,https://materialsproject.org/materials/mp-1021667,HTTP 403
4960,Si2NiSe4,Semiconductor,https://materialsproject.org/materials/mp-1025341,HTTP 403
4024,CeMg6Sn,Computational Material,https://materialsproject.org/materials/mp-1021654,HTTP 403
4031,In3Sb,Semiconductor,https://materialsproject.org/materials/mp-1021668,HTTP 403
4028,NbInRu,Semiconductor,https://materialsproject.org/materials/mp-1021660,HTTP 403
4032,Ba2CuC(NO)2,Ceramic,https://materialsproject.org/materials/mp-1021669,HTTP 403
4034,Sr2CuC(NO)2,Ceramic,https://materialsproject.org/materials/mp-1021672,HTTP 403
4035,NiCl,Metal,https://materialsproject.org/materials/mp-1021674,HTTP 403
4033,TiAgSe2,Metal,https://materialsproject.org/materials/mp-1021670,HTTP 403
4038,Mg6TiSn,Computational Material,https://materialsproject.org/materials/mp-1021677,HTTP 403
4036,Mg6VBi,Computational Material,https://materialsproject.org/materials/mp-1021675,HTTP 403
4039,HfMg6V,Computational Material,https://materialsproject.org/materials/mp-1021678,HTTP 403
4040,Mg6VCd,Semiconductor,https://materialsproject.org/materials/mp-1021679,HTTP 403
4043,LiMg6V,Computational Material,https://materialsproject.org/materials/mp-1021682,HTTP 403
4058,Mg6TiV,Computational Material,https://materialsproject.org/materials/mp-1021697,HTTP 403
4064,Mg6NiBi,Computational Material,https://materialsproject.org/materials/mp-1021703,HTTP 403
4073,NaMg6Ni,Computational Material,https://materialsproject.org/materials/mp-1021721,HTTP 403
4044,NaMg6V,Computational Material,https://materialsproject.org/materials/mp-1021683,HTTP 403
4065,KCeMg6,Computational Material,https://materialsproject.org/materials/mp-1021705,HTTP 403
5042,TlCu4Se3,Metal,https://materialsproject.org/materials/mp-1025447,HTTP 403
5041,CeGa2Ni,Semiconductor,https://materialsproject.org/materials/mp-1025446,HTTP 403
10516,"ASTM A36 (SS400,S275) Structural Carbon Steel",Metal,https://www.ssab.com/-/media/files/en/ssab-steel/ssab-a36-steel-plate.pdf,HTTP 403
4076,RbMg6Ni,Computational Material,https://materialsproject.org/materials/mp-1021731,HTTP 403
5050,HfAl5Ni2,Metal,https://materialsproject.org/materials/mp-1025457,HTTP 403
4078,RbMg6V,Computational Material,https://materialsproject.org/materials/mp-1021747,HTTP 403
5051,SmAl2Ni,Computational Material,https://materialsproject.org/materials/mp-1025458,HTTP 403
4074,Mg6VC,Metal,https://materialsproject.org/materials/mp-1021726,HTTP 403
4080,Mg6NiW,Computational Material,https://materialsproject.org/materials/mp-1021757,HTTP 403
4087,HfMg6Ni,Computational Material,https://materialsproject.org/materials/mp-1021790,HTTP 403
4081,Mg6CdNi,Semiconductor,https://materialsproject.org/materials/mp-1021760,HTTP 403
4085,Mg6VB,Computational Material,https://materialsproject.org/materials/mp-1021779,HTTP 403
4095,Mg6NiC,Metal,https://materialsproject.org/materials/mp-1021900,HTTP 403
4075,Mg6GaNi,Semiconductor,https://materialsproject.org/materials/mp-1021728,HTTP 403
4096,Mg6TiNi,Computational Material,https://materialsproject.org/materials/mp-1021904,HTTP 403
5049,CaZrF6,Metal,https://materialsproject.org/materials/mp-1025456,HTTP 403
6228,YMg14Cu,Computational Material,https://materialsproject.org/materials/mp-1028087,HTTP 403
4100,YbBeF4,Computational Material,https://materialsproject.org/materials/mp-1021929,HTTP 403
6229,CeMg14Zr,Computational Material,https://materialsproject.org/materials/mp-1028088,HTTP 403
4097,SrMg6Ni,Computational Material,https://materialsproject.org/materials/mp-1021905,HTTP 403
5062,DyTe3,Computational Material,https://materialsproject.org/materials/mp-1025482,HTTP 403
4049,Mg6NbV,Computational Material,https://materialsproject.org/materials/mp-1021688,HTTP 403
5063,ErO3,Computational Material,https://materialsproject.org/materials/mp-1025483,HTTP 403
4048,Mg6VSi,Semiconductor,https://materialsproject.org/materials/mp-1021687,HTTP 403
4390,Ni6Cl7,Metal,https://materialsproject.org/materials/mp-1022720,HTTP 403
4387,CeMg6Zn,Computational Material,https://materialsproject.org/materials/mp-1022715,HTTP 403
4050,Mg6VW,Computational Material,https://materialsproject.org/materials/mp-1021689,HTTP 403
9998,AWS ER80S-B2 or ER55S-B2 (K20900) Weld Metal,Metal,https://app.aws.org/forum/topic_show.pl?tid=11914,HTTP 403
4391,AlCu,Metal,https://materialsproject.org/materials/mp-1022721,HTTP 403
10524,"SAE-AISI 1010 (S10C,G10100) Carbon Steel",Metal,https://matweb.com/search/QuickText.aspx?SearchText=AISI%201010,HTTP 403
4397,Cu3O2,Ceramic,https://next-gen.materialsproject.org/materials/mp-1022728,HTTP 403
7733,SiH9C3Cl,Semiconductor,https://materialsproject.org/materials/mp-863018,HTTP 403
4392,Bi3O2,Computational Material,https://materialsproject.org/materials/mp-1022722,HTTP 403
4393,Ce2Cu(NO)2,Ceramic,https://materialsproject.org/materials/mp-1022723,HTTP 403
7734,Ba2Sc2O5,Computational Material,https://materialsproject.org/materials/mp-863021,HTTP 403
10529,SAE-AISI 1055 (G10550) Carbon Steel,Metal,https://matweb.com/search/QuickText.aspx?SearchText=AISI%201055,HTTP 403
7735,RbTaGeS5,Semiconductor,https://materialsproject.org/materials/mp-863022,HTTP 403
7741,SmI3,Computational Material,https://materialsproject.org/materials/mp-863028,HTTP 403
4405,CoHCO4,Ceramic,https://next-gen.materialsproject.org/materials/mp-1022803,HTTP 403
4410,Ba4NbFeO8,Ceramic,https://next-gen.materialsproject.org/materials/mp-1022809,HTTP 403
7424,Sr3Co(CN)3,Metal,https://next-gen.materialsproject.org/materials/mp-862670,HTTP 403
1173,Si,Computational Material,https://next-gen.materialsproject.org/materials/mp-149,HTTP 403
5024,SmGa2Ni,Semiconductor,https://next-gen.materialsproject.org/materials/mp-1025423,HTTP 403
4396,Ba2CuH6,Metal,https://materialsproject.org/materials/mp-1022726,HTTP 403
4053,LaMg6V,Computational Material,https://materialsproject.org/materials/mp-1021692,HTTP 403
4394,CaC4,Computational Material,https://materialsproject.org/materials/mp-1022724,HTTP 403
5663,SrLiMg14,Computational Material,https://next-gen.materialsproject.org/materials/mp-1026831,HTTP 403
6231,Mg14TiMn,Computational Material,https://materialsproject.org/materials/mp-1028090,HTTP 403
4398,Na2H6Ir,Computational Material,https://materialsproject.org/materials/mp-1022729,HTTP 403
6233,LiMg14Mn,Computational Material,https://materialsproject.org/materials/mp-1028092,HTTP 403
4406,SrYMg6,Computational Material,https://materialsproject.org/materials/mp-1022804,HTTP 403
4426,YMg6Zr,Computational Material,https://materialsproject.org/materials/mp-1022847,HTTP 403
4414,YMg6V,Computational Material,https://materialsproject.org/materials/mp-1022814,HTTP 403
4399,YFe2Bi2(SeO2)2,Ceramic,https://materialsproject.org/materials/mp-1022730,HTTP 403
4418,HfMg6Mn,Computational Material,https://materialsproject.org/materials/mp-1022820,HTTP 403
4424,LaYMg6,Computational Material,https://materialsproject.org/materials/mp-1022836,HTTP 403
4412,LiYMg6,Computational Material,https://materialsproject.org/materials/mp-1022812,HTTP 403
4408,BaYMg6,Computational Material,https://materialsproject.org/materials/mp-1022806,HTTP 403
4417,YMg6Ti,Computational Material,https://materialsproject.org/materials/mp-1022818,HTTP 403
4415,KYMg6,Computational Material,https://materialsproject.org/materials/mp-1022815,HTTP 403
4428,Mg6MnGa,Semiconductor,https://materialsproject.org/materials/mp-1022869,HTTP 403
7580,PaPt3,Computational Material,https://materialsproject.org/materials/mp-862858,HTTP 403
7579,PaS3,Computational Material,https://materialsproject.org/materials/mp-862857,HTTP 403
4433,YMg6Fe,Computational Material,https://materialsproject.org/materials/mp-1022917,HTTP 403
7581,PuCdAu2,Semiconductor,https://materialsproject.org/materials/mp-862859,HTTP 403
4439,Mg6MnCd,Semiconductor,https://materialsproject.org/materials/mp-1022939,HTTP 403
4432,YMg6Co,Computational Material,https://materialsproject.org/materials/mp-1022910,HTTP 403
4436,Mg6MnSb,Semiconductor,https://materialsproject.org/materials/mp-1022926,HTTP 403
4445,Mg6MnW,Computational Material,https://materialsproject.org/materials/mp-1022955,HTTP 403
7583,Pa3Si,Semiconductor,https://materialsproject.org/materials/mp-862861,HTTP 403
4442,Mg6MnMo,Computational Material,https://materialsproject.org/materials/mp-1022947,HTTP 403
7582,AcInAu2,Semiconductor,https://materialsproject.org/materials/mp-862860,HTTP 403
4438,Mg6MnCr,Computational Material,https://materialsproject.org/materials/mp-1022934,HTTP 403
4431,Mg6MnB,Computational Material,https://materialsproject.org/materials/mp-1022889,HTTP 403
4452,Mg6MnC,Metal,https://materialsproject.org/materials/mp-1022968,HTTP 403
4447,CeYMg6,Computational Material,https://materialsproject.org/materials/mp-1022962,HTTP 403
4450,K3V2(PO4)3,Ceramic,https://materialsproject.org/materials/mp-1022965,HTTP 403
4449,YMg6Cu,Computational Material,https://materialsproject.org/materials/mp-1022964,HTTP 403
4453,LiMg6Mn,Computational Material,https://materialsproject.org/materials/mp-1022970,HTTP 403
4192,Mg6CuC,Metal,https://materialsproject.org/materials/mp-1022119,HTTP 403
4195,HfMg6Fe,Computational Material,https://materialsproject.org/materials/mp-1022127,HTTP 403
4204,CsMg6Cu,Computational Material,https://materialsproject.org/materials/mp-1022142,HTTP 403
6411,Mg14AlV,Computational Material,https://materialsproject.org/materials/mp-1028256,HTTP 403
6235,YMg14Fe,Computational Material,https://materialsproject.org/materials/mp-1028094,HTTP 403
4194,Mg6CuNi,Computational Material,https://materialsproject.org/materials/mp-1022124,HTTP 403
4200,CsMg6Co,Computational Material,https://materialsproject.org/materials/mp-1022135,HTTP 403
4196,Mg6FeSb,Semiconductor,https://materialsproject.org/materials/mp-1022130,HTTP 403
4206,SrMg6Cu,Computational Material,https://materialsproject.org/materials/mp-1022148,HTTP 403
4207,RbMg6Fe,Computational Material,https://materialsproject.org/materials/mp-1022157,HTTP 403
4208,Mg6CdFe,Semiconductor,https://materialsproject.org/materials/mp-1022159,HTTP 403
4209,Mg6FeMo,Computational Material,https://materialsproject.org/materials/mp-1022162,HTTP 403
4212,Mg6FeB,Computational Material,https://materialsproject.org/materials/mp-1022181,HTTP 403
3041,Mn3(P2O7)2,Ceramic,https://materialsproject.org/materials/mp-1567233,HTTP 403
4217,Mg6GaFe,Semiconductor,https://materialsproject.org/materials/mp-1022199,HTTP 403
4215,Mg6FeW,Computational Material,https://materialsproject.org/materials/mp-1022195,HTTP 403
6338,"1100 (Al99.0Cu, A91100) Aluminum",Metal,https://www.onlinemetals.com/en/product-guide/alloy/1100?srsltid=AU7gw4W4yKLR57PmOJJUuKIcc3q5kL_QUbtysXMiVlxuJ1EJTSZZuwCY,HTTP 403
3040,BaSr3(CoO3)4,Ceramic,https://materialsproject.org/materials/mp-1566976,HTTP 403
4221,Mg6VFe,Computational Material,https://materialsproject.org/materials/mp-1022206,HTTP 403
2980,RbPbF3,Computational Material,https://materialsproject.org/materials/mp-1540546,HTTP 403
4220,Mg6CrFe,Computational Material,https://materialsproject.org/materials/mp-1022205,HTTP 403
4225,Mg6NbFe,Computational Material,https://materialsproject.org/materials/mp-1022213,HTTP 403
10621,"SAE-AISI 1040 (S40C,G10400) Carbon Steel",Metal,https://matweb.com/search/QuickText.aspx?SearchText=AISI%201040,HTTP 403
4229,Mg6FeSn,Computational Material,https://materialsproject.org/materials/mp-1022230,HTTP 403
4222,Mg6FeC,Metal,https://materialsproject.org/materials/mp-1022207,HTTP 403
3054,Li2Mn2CrO6,Ceramic,https://next-gen.materialsproject.org/materials/mp-1568146,HTTP 403
3046,LiVP2O7,Ceramic,https://next-gen.materialsproject.org/materials/mp-26227,HTTP 403
4230,LaMg6Fe,Computational Material,https://materialsproject.org/materials/mp-1022235,HTTP 403
6415,NaMg14Sn,Computational Material,https://materialsproject.org/materials/mp-1028260,HTTP 403
6413,Mg14AlNi,Computational Material,https://materialsproject.org/materials/mp-1028258,HTTP 403
3048,V3OF7,Ceramic,https://next-gen.materialsproject.org/materials/mp-1567687,HTTP 403
6418,RbMg14Sn,Computational Material,https://materialsproject.org/materials/mp-1028263,HTTP 403
4232,NaMg6Fe,Computational Material,https://materialsproject.org/materials/mp-1022242,HTTP 403
3043,Li2Mn2SbO6,Semiconductor,https://materialsproject.org/materials/mp-1567262,HTTP 403
4234,Mg6FeSi,Semiconductor,https://materialsproject.org/materials/mp-1022263,HTTP 403
4240,HfMg6Zr,Computational Material,https://materialsproject.org/materials/mp-1022326,HTTP 403
6420,LiMg14Sn,Computational Material,https://materialsproject.org/materials/mp-1028265,HTTP 403
7181,NaMg6CrO8,Ceramic,https://next-gen.materialsproject.org/materials/mp-1030819,HTTP 403
7744,KNaGdTaO5,Ceramic,https://next-gen.materialsproject.org/materials/mp-863031,HTTP 403
9282,304 Stainless Steel,Metals,https://www.matweb.com/search/datasheet_print.aspx?matguid=abc4415b0f8b490387e3c922237098da,HTTP 403
3042,LiMn2(BO3)2,Ceramic,https://materialsproject.org/materials/mp-1567236,HTTP 403
3053,Li2Fe(CO3)2,Ceramic,https://materialsproject.org/materials/mp-1568135,HTTP 403
3045,Li2Co(CO3)2,Ceramic,https://materialsproject.org/materials/mp-1567455,HTTP 403
3044,Li3V2(O2F)2,Ceramic,https://materialsproject.org/materials/mp-1567267,HTTP 403
6422,CsMg14Sn,Computational Material,https://materialsproject.org/materials/mp-1028267,HTTP 403
3055,Li3V4FeO12,Ceramic,https://next-gen.materialsproject.org/materials/mp-1666404,HTTP 403
4456,Mg6MnSi,Semiconductor,https://materialsproject.org/materials/mp-1022974,HTTP 403
6421,Mg14AlCo,Computational Material,https://materialsproject.org/materials/mp-1028266,HTTP 403
3058,Li6NiO4,Ceramic,https://next-gen.materialsproject.org/materials/mp-756411,HTTP 403
4457,NaMg6Mn,Computational Material,https://materialsproject.org/materials/mp-1022975,HTTP 403
4713,Mg3VO4,Ceramic,https://next-gen.materialsproject.org/materials/mp-1024068,HTTP 403
7183,Mg6NbSiO8,Semiconductor,https://materialsproject.org/materials/mp-1030823,HTTP 403
3072,Sr3LaTi2Mn2O12,Ceramic,https://next-gen.materialsproject.org/materials/mp-1573704,HTTP 403
4242,Mg6ZrBi,Computational Material,https://materialsproject.org/materials/mp-1022345,HTTP 403
7742,ErCl3,Computational Material,https://materialsproject.org/materials/mp-863029,HTTP 403
7743,BP4(SBr)3,Computational Material,https://materialsproject.org/materials/mp-863030,HTTP 403
3064,Li2Ni2BiO6,Ceramic,https://next-gen.materialsproject.org/materials/mp-1569254,HTTP 403
128,AISI 1010 Carbon Steel (Hot Rolled),Metal,https://matweb.com/search/QuickText.aspx?SearchText=AISI%201010,HTTP 403
4707,Na2Zn3Se4,Metal,https://materialsproject.org/materials/mp-1024050,HTTP 403
4459,Mg6MnSn,Computational Material,https://materialsproject.org/materials/mp-1022978,HTTP 403
4462,LaMg6Mn,Computational Material,https://materialsproject.org/materials/mp-1022981,HTTP 403
3063,LiCoP2O7,Ceramic,https://next-gen.materialsproject.org/materials/mp-27043,HTTP 403
3062,Li4FeTe(WO6)2,Ceramic,https://materialsproject.org/materials/mp-1569036,HTTP 403
4715,Na4Zn3S5,Metal,https://materialsproject.org/materials/mp-1024070,HTTP 403
4714,Na2Zn3S4,Metal,https://materialsproject.org/materials/mp-1024069,HTTP 403
3065,Mn3(OF3)2,Ceramic,https://materialsproject.org/materials/mp-1569263,HTTP 403
3076,Li2Mn2FeO6,Ceramic,https://next-gen.materialsproject.org/materials/mp-758874,HTTP 403
3074,Li2V4CrCuO12,Ceramic,https://next-gen.materialsproject.org/materials/mp-1570812,HTTP 403
167,AISI 8620 Alloy Steel (Quenched & Tempered (Q&T)),Metal,https://matweb.com/search/datasheettext.aspx?matid=8298,HTTP 403
4716,SiPt2,Semiconductor,https://materialsproject.org/materials/mp-1024071,HTTP 403
5091,LuAu3,Computational Material,https://materialsproject.org/materials/mp-1025526,HTTP 403
4718,K2Sn3O7,Computational Material,https://materialsproject.org/materials/mp-1024073,HTTP 403
3069,Li2Si2NiO6,Semiconductor,https://materialsproject.org/materials/mp-1569720,HTTP 403
3078,Li2Fe(CoO3)2,Ceramic,https://materialsproject.org/materials/mp-1571236,HTTP 403
7594,PmAgAu2,Computational Material,https://materialsproject.org/materials/mp-862872,HTTP 403
3075,Li2V(CO3)2,Ceramic,https://materialsproject.org/materials/mp-1571048,HTTP 403
3079,V3(OF3)2,Ceramic,https://materialsproject.org/materials/mp-1572351,HTTP 403
6425,Mg14SiSn,Semiconductor,https://materialsproject.org/materials/mp-1028270,HTTP 403
4721,DyInCo4,Semiconductor,https://materialsproject.org/materials/mp-1024940,HTTP 403
6426,Mg14VSb,Semiconductor,https://materialsproject.org/materials/mp-1028271,HTTP 403
4723,YbBi2,Computational Material,https://materialsproject.org/materials/mp-1024947,HTTP 403
6427,Mg14TiSn,Computational Material,https://materialsproject.org/materials/mp-1028272,HTTP 403
6430,KMg14Sn,Computational Material,https://materialsproject.org/materials/mp-1028276,HTTP 403
6429,Mg14VBi,Computational Material,https://materialsproject.org/materials/mp-1028274,HTTP 403
225,PEEK (Polyetheretherketone),Polymer,https://www.polymershapes.com/wp-content/uploads/2020/04/Polymershapes_MitsubishiChemicalAdvancedMaterials_DataSheet-Ketron-1000-PEEK.pdf,HTTP 403
6433,Mg14VW,Computational Material,https://materialsproject.org/materials/mp-1028279,HTTP 403
6432,CaCeMg14,Computational Material,https://materialsproject.org/materials/mp-1028278,HTTP 403
6431,HfMg14V,Computational Material,https://materialsproject.org/materials/mp-1028277,HTTP 403
6434,SrMg14Sn,Computational Material,https://materialsproject.org/materials/mp-1028280,HTTP 403
4724,LuZn2,Computational Material,https://materialsproject.org/materials/mp-1024948,HTTP 403
4725,LaScSi,Semiconductor,https://materialsproject.org/materials/mp-1024951,HTTP 403
8017,Ta2OsW,Computational Material,https://next-gen.materialsproject.org/materials/mp-864650,HTTP 403
7748,Li2MnPO5,Ceramic,https://next-gen.materialsproject.org/materials/mp-752743,HTTP 403
6833,TaZn2N3,Metal,https://next-gen.materialsproject.org/materials/mp-1029387,HTTP 403
10629,EN 1.1122 (C10E2C) Non-Alloy Steel,Metal,https://dl.asminternational.org/alloy-digest/article-pdf/71/6/CS-224/620213/ad_v71_06_cs-224.pdf,HTTP 403
5827,Te6Mo3WS2,Metal,https://next-gen.materialsproject.org/materials/mp-1030340,HTTP 403
7595,AcAgHg2,Computational Material,https://materialsproject.org/materials/mp-862873,HTTP 403
7745,Sm3SiAgS7,Semiconductor,https://materialsproject.org/materials/mp-863032,HTTP 403
7746,Rb4P2PbSe8,Computational Material,https://materialsproject.org/materials/mp-863033,HTTP 403
4727,PrNiSb,Semiconductor,https://materialsproject.org/materials/mp-1024955,HTTP 403
7760,Sr2AsAu,Semiconductor,https://materialsproject.org/materials/mp-863258,HTTP 403
7747,PuSb3,Semiconductor,https://materialsproject.org/materials/mp-863035,HTTP 403
6790,VZn2N3,Metal,https://materialsproject.org/materials/mp-1029262,HTTP 403
7425,ThF4,Computational Material,https://next-gen.materialsproject.org/materials/mp-31034,HTTP 403
6440,Mg14VCd,Semiconductor,https://materialsproject.org/materials/mp-1028286,HTTP 403
6446,Mg14VC,Metal,https://materialsproject.org/materials/mp-1028292,HTTP 403
4847,V2FeSe4,Metal,https://next-gen.materialsproject.org/materials/mp-1025182,HTTP 403
8447,TmTaOs2,Computational Material,https://next-gen.materialsproject.org/materials/mp-865270,HTTP 403
6447,Mg14NbV,Computational Material,https://materialsproject.org/materials/mp-1028293,HTTP 403
6794,Zn2MoN3,Metal,https://materialsproject.org/materials/mp-1029269,HTTP 403
6437,Mg14VB,Computational Material,https://materialsproject.org/materials/mp-1028283,HTTP 403
6793,CaZrN2,Metal,https://materialsproject.org/materials/mp-1029267,HTTP 403
4728,LaB2Pd2C,Metal,https://materialsproject.org/materials/mp-1024956,HTTP 403
248,Plywood (Birch),Composite,https://gabarro.com/sites/default/files/2024-07/UPM%20Wisa%20Birch%20-%20Inf%20Tecn.pdf,HTTP 403
8039,Yb3N2,Computational Material,https://next-gen.materialsproject.org/materials/mp-864675,HTTP 403
6796,SrZrN2,Metal,https://materialsproject.org/materials/mp-1029275,HTTP 403
6800,Mg2MnN3,Metal,https://materialsproject.org/materials/mp-1029288,HTTP 403
6809,Na2ZrN2,Metal,https://materialsproject.org/materials/mp-1029316,HTTP 403
498,Titanium Grade 23 (Annealed),Metal,https://www.timet.com/wp-content/uploads/2021/04/TIMETAL-6-4-ELI.pdf,HTTP 403
495,Titanium Grade 5 (Aged),Metal,https://www.timet.com/wp-content/uploads/2021/04/TIMETAL-6-4.pdf,HTTP 403
488,Titanium Grade 2 (Annealed),Metal,https://www.timet.com/wp-content/uploads/2021/04/TIMET-CP-Titanium-Grade-2.pdf,HTTP 403
6803,LiZr2N3,Metal,https://materialsproject.org/materials/mp-1029297,HTTP 403
4621,Mg15Sb,Semiconductor,https://materialsproject.org/materials/mp-1023488,HTTP 403
493,Titanium Grade 5 (Annealed),Metal,https://www.timet.com/wp-content/uploads/2021/04/TIMETAL-6-4.pdf,HTTP 403
494,Titanium Grade 5 (Solution Treated),Metal,https://www.timet.com/wp-content/uploads/2021/04/TIMETAL-6-4.pdf,HTTP 403
6816,Zn2SbN3,Semiconductor,https://materialsproject.org/materials/mp-1029334,HTTP 403
6814,Hf2SeN2,Metal,https://materialsproject.org/materials/mp-1029330,HTTP 403
6815,LiHf2N3,Metal,https://materialsproject.org/materials/mp-1029331,HTTP 403
6818,Zr2SeN2,Metal,https://materialsproject.org/materials/mp-1029337,HTTP 403
8353,YbNdHg2,Computational Material,https://next-gen.materialsproject.org/materials/mp-865158,HTTP 403
7762,Sr(MgAs)2,Semiconductor,https://materialsproject.org/materials/mp-863260,HTTP 403
7761,Pm2S3,Computational Material,https://materialsproject.org/materials/mp-863259,HTTP 403
7764,SrNi2P2(H2O5)2,Ceramic,https://materialsproject.org/materials/mp-863262,HTTP 403
7763,Sr2CdAs2,Semiconductor,https://materialsproject.org/materials/mp-863261,HTTP 403
776,POM (Delrin/Acetal),Polymer,https://www.polymershapes.com/wp-content/uploads/2020/04/Polymershapes_MitsubishiChemicalAdvancedMaterials_DataSheet_Acetron-POM-H.pdf,HTTP 403
774,Nylon 6/6,Polymer,https://www.matweb.com/search/datasheet.aspx?MatGUID=a2e79a3451984d58a8a442c37a226107,HTTP 403
1093,PVC (Polyvinyl Chloride Plastic),Plastic,https://www.polymershapes.com/wp-content/uploads/2020/04/Polymershapes_MitsubishiChemicalAdvancedMaterials_DataSheet-PVC.pdf,HTTP 403
9972,"ASTM Grade 30 or 200 (ISO 200, EN-JL 1030, F12101) Grey Cast Iron",Metal,https://matweb.com/search/QuickText.aspx?SearchText=AISI%201030,HTTP 403
71,PTFE (Teflon),Polymer,https://www.matweb.com/search/datasheet.aspx?MatGUID=4d14eac958e5401a8fd152e1261b6843,HTTP 403
4863,Eu2AlNO3,Ceramic,https://next-gen.materialsproject.org/materials/mp-1025206,HTTP 403
4734,PrSbPd,Semiconductor,https://materialsproject.org/materials/mp-1024964,HTTP 403
4735,PuB2Rh3,Computational Material,https://materialsproject.org/materials/mp-1024968,HTTP 403
7769,Na3VP2O9,Ceramic,https://next-gen.materialsproject.org/materials/mp-1193226,HTTP 403
7767,Na3V5O23,Ceramic,https://next-gen.materialsproject.org/materials/mp-863288,HTTP 403
6819,LiV2N3,Metal,https://materialsproject.org/materials/mp-1029338,HTTP 403
7776,Li3Cr3FeO8,Ceramic,https://next-gen.materialsproject.org/materials/mp-755458,HTTP 403
4862,Y2Re2Si2C,Semiconductor,https://materialsproject.org/materials/mp-1025205,HTTP 403
6822,MnZn2N3,Metal,https://materialsproject.org/materials/mp-1029354,HTTP 403
6820,KPtN,Metal,https://materialsproject.org/materials/mp-1029347,HTTP 403
6821,Y4Se3N2,Computational Material,https://materialsproject.org/materials/mp-1029349,HTTP 403
6823,NaZnN,Metal,https://materialsproject.org/materials/mp-1029357,HTTP 403
4622,Mg15Cd,Semiconductor,https://materialsproject.org/materials/mp-1023489,HTTP 403
3933,LaMg6Ti,Computational Material,https://materialsproject.org/materials/mp-1021373,HTTP 403
6905,Sr3BN3,Computational Material,https://materialsproject.org/materials/mp-1029665,HTTP 403
3942,RbMg6Ti,Computational Material,https://materialsproject.org/materials/mp-1021383,HTTP 403
7778,Li3Mn3FeO8,Ceramic,https://next-gen.materialsproject.org/materials/mp-863869,HTTP 403
4629,Mg15Mo,Computational Material,https://materialsproject.org/materials/mp-1023496,HTTP 403
7679,PmRh3,Computational Material,https://materialsproject.org/materials/mp-862959,HTTP 403
5221,Te2Mo3S4,Metal,https://materialsproject.org/materials/mp-1025986,HTTP 403
7766,K2Mn(PSe3)2,Metal,https://materialsproject.org/materials/mp-863265,HTTP 403
7770,KFe3(PO6)2,Ceramic,https://materialsproject.org/materials/mp-863293,HTTP 403
7771,RbVGa(PO5)2,Semiconductor,https://materialsproject.org/materials/mp-863294,HTTP 403
7768,Rb5Fe3(SO5)6,Ceramic,https://materialsproject.org/materials/mp-863290,HTTP 403
7772,CsVGa(PO5)2,Semiconductor,https://materialsproject.org/materials/mp-863295,HTTP 403
7774,Na2VSi(W2O9)6,Semiconductor,https://materialsproject.org/materials/mp-863300,HTTP 403
7773,Cs2CoH12(SO7)2,Ceramic,https://materialsproject.org/materials/mp-863299,HTTP 403
8489,Lu2NiOs,Computational Material,https://materialsproject.org/materials/mp-865334,HTTP 403
601,Lignum Vitae Wood (Green),Composite,https://www.cabidigitallibrary.org/doi/full/10.1079/cabicompendium.26071,HTTP 403
10499,SAE-AISI 5132 (G51320) Chromium Steel,Metal,https://dl.asminternational.org/technical-books/monograph/141/chapter/2418802/Classification-of-Carbon-and-Low-Alloy-Steels,HTTP 403
1595,ZrZnO3,Ceramic,https://next-gen.materialsproject.org/materials/mp-aaaieipq,HTTP 403
1637,Lu2Zr2O7,Ceramic,https://next-gen.materialsproject.org/materials/mp-aaaieivp,HTTP 403
232,Phenolic (Unfilled),Polymer,https://www.matweb.com/search/datasheettext.aspx?matguid=e8a76ace259646bcb44768864d50643b,HTTP 403
6151,Mg14ZnMo,Computational Material,https://materialsproject.org/materials/mp-1028005,HTTP 403
4066,Mg6NiSb,Semiconductor,https://materialsproject.org/materials/mp-1021706,HTTP 403
4736,NpF5,Computational Material,https://materialsproject.org/materials/mp-1024969,HTTP 403
5602,LaMg14Mo,Computational Material,https://materialsproject.org/materials/mp-1026751,HTTP 403
4490,KCuCl3,Metal,https://materialsproject.org/materials/mp-1023129,HTTP 403
1629,SrTiO3,Ceramic,https://next-gen.materialsproject.org/materials/mp-4651,HTTP 403
5623,LiMg14Ga,Semiconductor,https://materialsproject.org/materials/mp-1026776,HTTP 403
7193,RbMg6SiO8,Semiconductor,https://materialsproject.org/materials/mp-1030853,HTTP 403
1666,Lu3Sc3Al2O12,Ceramic,https://next-gen.materialsproject.org/materials/mp-aaaiejaw,HTTP 403
6915,CsC2N3,Computational Material,https://materialsproject.org/materials/mp-1029718,HTTP 403
234,Silicone Rubber (RTV),Polymer,https://www.matweb.com/search/datasheet.aspx?matguid=73db98f898554b99bb9393acb523a0c4,HTTP 403
1527,NaNO3,Computational Material,https://materialsproject.org/materials/mp-3346497,HTTP 403
1843,KLaZr4O12,Ceramic,https://next-gen.materialsproject.org/materials/mp-1521923,HTTP 403
7765,TbI3,Computational Material,https://materialsproject.org/materials/mp-863264,HTTP 403
6398,Mg14NbAl,Computational Material,https://materialsproject.org/materials/mp-1028243,HTTP 403
7876,Er2RuRh,Computational Material,https://materialsproject.org/materials/mp-863666,HTTP 403
7198,CsMg6SiO8,Semiconductor,https://materialsproject.org/materials/mp-1030871,HTTP 403
7211,KMg6CO8,Computational Material,https://materialsproject.org/materials/mp-1030927,HTTP 403
7207,NaLiMg6O7,Computational Material,https://materialsproject.org/materials/mp-1030910,HTTP 403
7226,LaHfMg6O8,Ceramic,https://next-gen.materialsproject.org/materials/mp-1030988,HTTP 403
8558,UP3,Computational Material,https://materialsproject.org/materials/mp-865428,HTTP 403
7215,K15W7N19,Metal,https://materialsproject.org/materials/mp-1030950,HTTP 403
2665,KPrDyFeO6,Ceramic,https://next-gen.materialsproject.org/materials/mp-1522577,HTTP 403
7224,CsLaMg6O8,Computational Material,https://materialsproject.org/materials/mp-1030982,HTTP 403
7366,BaMg6VO8,Ceramic,https://next-gen.materialsproject.org/materials/mp-1031593,HTTP 403
7383,Re3Pt,Computational Material,https://materialsproject.org/materials/mp-862589,HTTP 403
7365,Mg6VCrO8,Ceramic,https://next-gen.materialsproject.org/materials/mp-1031588,HTTP 403
7233,CsLiMg6O7,Computational Material,https://materialsproject.org/materials/mp-1031024,HTTP 403
2656,SrCaSmMnO6,Ceramic,https://next-gen.materialsproject.org/materials/mp-1522553,HTTP 403
7584,Pa3Sb,Semiconductor,https://materialsproject.org/materials/mp-862862,HTTP 403
7686,PmTlAg2,Computational Material,https://materialsproject.org/materials/mp-862966,HTTP 403
7502,PrDyMg2,Computational Material,https://materialsproject.org/materials/mp-862757,HTTP 403
2672,BaNaTbBiO6,Computational Material,https://materialsproject.org/materials/mp-1522602,HTTP 403
7397,AcAl3,Computational Material,https://materialsproject.org/materials/mp-862617,HTTP 403
7481,Pm2ZnSi,Semiconductor,https://materialsproject.org/materials/mp-862733,HTTP 403
7177,CsNaMg6O7,Computational Material,https://materialsproject.org/materials/mp-1030787,HTTP 403
7179,NaMg6SiO8,Semiconductor,https://materialsproject.org/materials/mp-1030808,HTTP 403
6557,Mg14CrCo,Computational Material,https://materialsproject.org/materials/mp-1028407,HTTP 403
7800,Li2SnP2O7,Computational Material,https://materialsproject.org/materials/mp-863377,HTTP 403
7371,Sc2BeRu,Computational Material,https://materialsproject.org/materials/mp-862553,HTTP 403
7180,HfMg6SiO8,Semiconductor,https://materialsproject.org/materials/mp-1030814,HTTP 403
686,AISI 1045 Steel (Quenched & Tempered),Metal,https://dl.asminternational.org/alloy-digest/article/20/10/CS-44/1863/AISI-1045Medium-Carbon-Steel,HTTP 403
1669,MgSc2O4,Computational Material,https://materialsproject.org/materials/mp-aaaiejbh,HTTP 403
569,Cherry Wood (Green),Composite,https://www.fpl.fs.usda.gov/documnts/TechSheets/HardwoodNA/htmlDocs/prunsermet.html,HTTP 403
7367,LiTm2Tc,Computational Material,https://materialsproject.org/materials/mp-862545,HTTP 403
568,Cherry Wood (Dry),Composite,https://www.fpl.fs.usda.gov/documnts/TechSheets/HardwoodNA/htmlDocs/prunsermet.html,HTTP 403
1670,LuNb(PbO3)2,Ceramic,https://materialsproject.org/materials/mp-aaaiejbl,HTTP 403
1671,Lu3Al3(GaO6)2,Semiconductor,https://materialsproject.org/materials/mp-aaaiejbm,HTTP 403
2739,BaSrSmSbO6,Semiconductor,https://materialsproject.org/materials/mp-1522804,HTTP 403
7955,K2SrCdSb2,Semiconductor,https://materialsproject.org/materials/mp-863758,HTTP 403
7956,CsK2Bi,Computational Material,https://materialsproject.org/materials/mp-863759,HTTP 403
7962,Fe32O35,Ceramic,https://next-gen.materialsproject.org/materials/mp-863766,HTTP 403
7957,CsAcTe2,Computational Material,https://materialsproject.org/materials/mp-863760,HTTP 403
8641,YThRu2,Computational Material,https://materialsproject.org/materials/mp-865530,HTTP 403
7958,K2BaCdSb2,Semiconductor,https://materialsproject.org/materials/mp-863761,HTTP 403
7960,K2Y4Cu4Se9,Metal,https://materialsproject.org/materials/mp-863763,HTTP 403
7988,BaHg2Pb,Computational Material,https://materialsproject.org/materials/mp-864618,HTTP 403
7989,YbMgSi,Semiconductor,https://materialsproject.org/materials/mp-864619,HTTP 403
4741,ErInNi4,Semiconductor,https://materialsproject.org/materials/mp-1024983,HTTP 403
7990,CaSmCd2,Semiconductor,https://materialsproject.org/materials/mp-864620,HTTP 403
7991,NdGa3,Semiconductor,https://materialsproject.org/materials/mp-864621,HTTP 403
7963,Fe13(SnO10)2,Ceramic,https://materialsproject.org/materials/mp-863767,HTTP 403
7980,Nd2MgAl,Computational Material,https://materialsproject.org/materials/mp-864610,HTTP 403
7961,TeBr2,Computational Material,https://materialsproject.org/materials/mp-863764,HTTP 403
7971,LiMg2Ag,Computational Material,https://materialsproject.org/materials/mp-864598,HTTP 403
7970,LiMgTl2,Computational Material,https://materialsproject.org/materials/mp-864597,HTTP 403
7976,YbH2,Computational Material,https://materialsproject.org/materials/mp-864603,HTTP 403
7972,TbSnAu2,Computational Material,https://materialsproject.org/materials/mp-864599,HTTP 403
2869,BaCaGdBiO6,Computational Material,https://materialsproject.org/materials/mp-1523201,HTTP 403
2880,SrCaSmSbO6,Semiconductor,https://materialsproject.org/materials/mp-1523223,HTTP 403
3006,P3Pd7,Metal,https://materialsproject.org/materials/mp-1544909,HTTP 403
2981,Rb2Ti(TeO4)3,Ceramic,https://materialsproject.org/materials/mp-1540553,HTTP 403
7992,Nd2IrPd,Computational Material,https://materialsproject.org/materials/mp-864622,HTTP 403
7993,ZnCuAu2,Metal,https://materialsproject.org/materials/mp-864623,HTTP 403
706,AISI 8620 Steel (Quenched & Tempered),Metal,https://matweb.com/search/datasheettext.aspx?matid=8298,HTTP 403
7994,HoZnRh2,Computational Material,https://materialsproject.org/materials/mp-864624,HTTP 403
8108,AcZn3,Computational Material,https://next-gen.materialsproject.org/materials/mp-864809,HTTP 403
8013,AcCdHg2,Semiconductor,https://next-gen.materialsproject.org/materials/mp-864644,HTTP 403
8003,Nd2SnHg,Computational Material,https://materialsproject.org/materials/mp-864633,HTTP 403
1114,Al,Computational Material,https://next-gen.materialsproject.org/materials/mp-134,HTTP 403
7520,AlSiRu2,Semiconductor,https://next-gen.materialsproject.org/materials/mp-862778,HTTP 403
4790,YbB2Ir3,Computational Material,https://materialsproject.org/materials/mp-1025071,HTTP 403
727,Titanium Ti-6Al-4V (Grade 5) (Annealed),Metal,https://www.timet.com/wp-content/uploads/2021/04/TIMETAL-6-4.pdf,HTTP 403
8008,Ba2InBiS5,Semiconductor,https://next-gen.materialsproject.org/materials/mp-864638,HTTP 403
4794,LaSbPd,Semiconductor,https://materialsproject.org/materials/mp-1025082,HTTP 403
4743,ErAlGe,Semiconductor,https://materialsproject.org/materials/mp-1024985,HTTP 403
4742,TbInPt4,Semiconductor,https://materialsproject.org/materials/mp-1024984,HTTP 403
4744,CeSbPd,Semiconductor,https://materialsproject.org/materials/mp-1024986,HTTP 403
1015,Fused Silica (Quartz Glass),Ceramic,https://www.crystran.com/optical-materials/fused-silica-sio2/,HTTP 403
4745,HoCu4Ag,Computational Material,https://materialsproject.org/materials/mp-1024987,HTTP 403
4747,YB2Pd2C,Metal,https://materialsproject.org/materials/mp-1024989,HTTP 403
7444,BaNaH3Pd,Metal,https://next-gen.materialsproject.org/materials/mp-862693,HTTP 403
4746,LiYb(CuP)2,Metal,https://materialsproject.org/materials/mp-1024988,HTTP 403
10588,SAE-AISI 1017 (G10170) Carbon Steel,Metal,https://dl.asminternational.org/alloy-digest/article/29/10/CS-84/4493/SAE-1017Case-Hardening-and-General-Purpose-Steel,HTTP 403
7605,CaPmHg2,Computational Material,https://materialsproject.org/materials/mp-862883,HTTP 403
8027,HoCl3,Computational Material,https://materialsproject.org/materials/mp-864662,HTTP 403
8161,MgZrAu2,Computational Material,https://materialsproject.org/materials/mp-864920,HTTP 403
8162,MgZrIr2,Computational Material,https://materialsproject.org/materials/mp-864921,HTTP 403
8163,MgZnAu2,Computational Material,https://materialsproject.org/materials/mp-864922,HTTP 403
4748,LuB2Ir3,Computational Material,https://materialsproject.org/materials/mp-1024990,HTTP 403
4753,ScCoSi,Semiconductor,https://materialsproject.org/materials/mp-1024998,HTTP 403
4749,ErCu2,Computational Material,https://materialsproject.org/materials/mp-1024991,HTTP 403
4750,DyB2Ir3,Computational Material,https://materialsproject.org/materials/mp-1024993,HTTP 403
4752,MnCoSn,Computational Material,https://materialsproject.org/materials/mp-1024996,HTTP 403
1779,NaPrYSbO6,Semiconductor,https://materialsproject.org/materials/mp-1521753,HTTP 403
4751,HoCu4Au,Computational Material,https://materialsproject.org/materials/mp-1024994,HTTP 403
4756,CoNiSb,Semiconductor,https://materialsproject.org/materials/mp-1025009,HTTP 403
4754,HoCr2Si2C,Semiconductor,https://materialsproject.org/materials/mp-1024999,HTTP 403
4755,ErNi4Au,Computational Material,https://materialsproject.org/materials/mp-1025001,HTTP 403
8165,NdMgHg2,Computational Material,https://materialsproject.org/materials/mp-864924,HTTP 403
8166,NdMgZn2,Computational Material,https://materialsproject.org/materials/mp-864925,HTTP 403
8168,Hf2ReOs,Computational Material,https://materialsproject.org/materials/mp-864927,HTTP 403
8172,Mg2AgPt,Computational Material,https://materialsproject.org/materials/mp-864932,HTTP 403
8171,MgCo2,Computational Material,https://materialsproject.org/materials/mp-864931,HTTP 403
8170,LiTiIr2,Computational Material,https://materialsproject.org/materials/mp-864930,HTTP 403
8174,MgAg3,Computational Material,https://materialsproject.org/materials/mp-864934,HTTP 403
8173,Mg2AgRh,Computational Material,https://materialsproject.org/materials/mp-864933,HTTP 403
11929,AISI 1215 Free Machining Steel,Steel,https://www.matweb.com/search/datasheet.aspx?matguid=1df1e9e661684d75bf2fa0cc303e5fd7,HTTP 403
8175,MgAu3,Computational Material,https://materialsproject.org/materials/mp-864935,HTTP 403
8177,Mg3Sc,Computational Material,https://materialsproject.org/materials/mp-864937,HTTP 403
8176,MnGeRu2,Semiconductor,https://materialsproject.org/materials/mp-864936,HTTP 403
8178,Mg3Tl,Computational Material,https://materialsproject.org/materials/mp-864938,HTTP 403
8180,Mg2PtRh,Computational Material,https://materialsproject.org/materials/mp-864940,HTTP 403
8181,MgSc2,Computational Material,https://materialsproject.org/materials/mp-864941,HTTP 403
8179,Hf2CuIr,Computational Material,https://materialsproject.org/materials/mp-864939,HTTP 403
8184,MnBe2Pt,Computational Material,https://materialsproject.org/materials/mp-864944,HTTP 403
8182,Mg3TcH7,Computational Material,https://materialsproject.org/materials/mp-864942,HTTP 403
8183,MnBe2Ir,Computational Material,https://materialsproject.org/materials/mp-864943,HTTP 403
8188,MnGaPt2,Semiconductor,https://materialsproject.org/materials/mp-864948,HTTP 403
4757,Be5Fe,Computational Material,https://materialsproject.org/materials/mp-1025010,HTTP 403
8197,Fe2C4Cl2O9,Ceramic,https://next-gen.materialsproject.org/materials/mp-1181787,HTTP 403
1973,BaSrNdNbO6,Ceramic,https://next-gen.materialsproject.org/materials/mp-1522395,HTTP 403
8195,Mn2CrCo,Metal,https://materialsproject.org/materials/mp-864955,HTTP 403
8193,MnV2Cr,Metal,https://materialsproject.org/materials/mp-864953,HTTP 403
1813,BaSmMn4O12,Ceramic,https://next-gen.materialsproject.org/materials/mp-1521849,HTTP 403
8196,MnSbRu2,Semiconductor,https://materialsproject.org/materials/mp-864957,HTTP 403
8198,Dy2CuOs,Computational Material,https://materialsproject.org/materials/mp-864959,HTTP 403
8200,Be2PdPt,Computational Material,https://materialsproject.org/materials/mp-864961,HTTP 403
8194,MgMoN2,Metal,https://materialsproject.org/materials/mp-864954,HTTP 403
8199,Dy2CuRh,Computational Material,https://materialsproject.org/materials/mp-864960,HTTP 403
8203,Mg2RhAu,Computational Material,https://materialsproject.org/materials/mp-864965,HTTP 403
6854,Ca(InN)2,Semiconductor,https://next-gen.materialsproject.org/materials/mp-1029479,HTTP 403
8202,Dy2CuIr,Computational Material,https://materialsproject.org/materials/mp-864963,HTTP 403
8201,CaAcZn2,Computational Material,https://materialsproject.org/materials/mp-864962,HTTP 403
1798,CaPrZrFeO6,Ceramic,https://next-gen.materialsproject.org/materials/mp-1521801,HTTP 403
8204,MnSiRu2,Semiconductor,https://materialsproject.org/materials/mp-864966,HTTP 403
8205,MnInRh2,Semiconductor,https://materialsproject.org/materials/mp-864968,HTTP 403
1993,Ca2NbGaO6,Semiconductor,https://next-gen.materialsproject.org/materials/mp-1522346,HTTP 403
1815,BaSrSmCrO6,Ceramic,https://next-gen.materialsproject.org/materials/mp-1521852,HTTP 403
7941,Ca2PdAu,Computational Material,https://next-gen.materialsproject.org/materials/mp-863744,HTTP 403
8206,Mg2PdRh,Computational Material,https://materialsproject.org/materials/mp-864969,HTTP 403
2647,Sr2ZrWO6,Ceramic,https://next-gen.materialsproject.org/materials/mp-1522533,HTTP 403
2727,Eu2YVO6,Ceramic,https://next-gen.materialsproject.org/materials/mp-1522779,HTTP 403
4758,FeNiSn,Computational Material,https://materialsproject.org/materials/mp-1025011,HTTP 403
4759,GdCu4Pd,Computational Material,https://materialsproject.org/materials/mp-1025013,HTTP 403
4760,NdSi2Ru3,Semiconductor,https://materialsproject.org/materials/mp-1025017,HTTP 403
2764,BaSrGdNbO6,Ceramic,https://next-gen.materialsproject.org/materials/mp-1522883,HTTP 403
2765,SrPrVSnO6,Ceramic,https://next-gen.materialsproject.org/materials/mp-1522887,HTTP 403
2751,SrCaGdNbO6,Ceramic,https://next-gen.materialsproject.org/materials/mp-1523005,HTTP 403
2754,BaSrNdMnO6,Ceramic,https://next-gen.materialsproject.org/materials/mp-1523075,HTTP 403
8207,MnSiTc2,Semiconductor,https://materialsproject.org/materials/mp-864970,HTTP 403
7656,PmMgAg2,Computational Material,https://materialsproject.org/materials/mp-862936,HTTP 403
4112,Mg6CoSb,Semiconductor,https://materialsproject.org/materials/mp-1022033,HTTP 403
4083,Mg6VMo,Computational Material,https://materialsproject.org/materials/mp-1021776,HTTP 403
3858,NaLiMg6,Computational Material,https://materialsproject.org/materials/mp-1021281,HTTP 403
4642,Mg15Si,Semiconductor,https://materialsproject.org/materials/mp-1023509,HTTP 403
2728,BaNaPrBiO6,Computational Material,https://materialsproject.org/materials/mp-1522783,HTTP 403
3856,LiMg6C,Computational Material,https://materialsproject.org/materials/mp-1021279,HTTP 403
2746,SrEuDySbO6,Semiconductor,https://materialsproject.org/materials/mp-1522826,HTTP 403
3857,LiMg6Bi,Computational Material,https://materialsproject.org/materials/mp-1021280,HTTP 403
2760,BaCaPrBiO6,Computational Material,https://materialsproject.org/materials/mp-1522866,HTTP 403
2762,CaEuInSbO6,Semiconductor,https://materialsproject.org/materials/mp-1522875,HTTP 403
3954,SrMg6Sn,Computational Material,https://materialsproject.org/materials/mp-1021395,HTTP 403
3957,LiMg6Sn,Computational Material,https://materialsproject.org/materials/mp-1021398,HTTP 403
3963,KMg6B,Computational Material,https://materialsproject.org/materials/mp-1021406,HTTP 403
3956,Mg6NbSn,Computational Material,https://materialsproject.org/materials/mp-1021397,HTTP 403
3966,RbMg6Sn,Computational Material,https://materialsproject.org/materials/mp-1021409,HTTP 403
3961,CsMg6Sn,Computational Material,https://materialsproject.org/materials/mp-1021404,HTTP 403
3965,NaMg6Sn,Computational Material,https://materialsproject.org/materials/mp-1021408,HTTP 403
3973,BaMg6Sn,Computational Material,https://materialsproject.org/materials/mp-1021417,HTTP 403
3969,Mg6SiSn,Semiconductor,https://materialsproject.org/materials/mp-1021412,HTTP 403
3968,LaMg6Sn,Computational Material,https://materialsproject.org/materials/mp-1021411,HTTP 403
3974,KMg6Sn,Computational Material,https://materialsproject.org/materials/mp-1021418,HTTP 403
3972,CeMg6Ti,Computational Material,https://materialsproject.org/materials/mp-1021416,HTTP 403
3861,LiMg6Nb,Computational Material,https://materialsproject.org/materials/mp-1021284,HTTP 403
3978,KMg6Ti,Computational Material,https://materialsproject.org/materials/mp-1021423,HTTP 403
3862,LiMg6B,Computational Material,https://materialsproject.org/materials/mp-1021285,HTTP 403
3981,CsNaICl,Computational Material,https://materialsproject.org/materials/mp-1021431,HTTP 403
3982,Mg6SnB,Computational Material,https://materialsproject.org/materials/mp-1021448,HTTP 403
3985,BaMg6Ti,Computational Material,https://materialsproject.org/materials/mp-1021462,HTTP 403
3986,H6PbCNCl3,Computational Material,https://materialsproject.org/materials/mp-1021464,HTTP 403
9406,Polymethylmethacrylate PMMA Acrylic,Polymer,https://www.matweb.com/search/DataSheet.aspx?MatGUID=3cb08da2a0054447a3790015b7214d07,HTTP 403
9405,UNS C90900 Tin Bronze,Metal,https://dl.asminternational.org/alloy-digest/article/34/3/Cu-494/4901/COPPER-ALLOY-No-C90900Cast-Copper-Tin-Alloy,HTTP 403
3987,Na2ZnSe2,Metal,https://materialsproject.org/materials/mp-1021465,HTTP 403
3988,CsPPb(IF3)2,Computational Material,https://materialsproject.org/materials/mp-1021466,HTTP 403
7657,PmMgZn2,Computational Material,https://materialsproject.org/materials/mp-862937,HTTP 403
3996,IrO3,Computational Material,https://materialsproject.org/materials/mp-1021489,HTTP 403
3993,CeSe2,Computational Material,https://materialsproject.org/materials/mp-1021484,HTTP 403
3997,Sn4SF6,Computational Material,https://materialsproject.org/materials/mp-1021490,HTTP 403
3999,Cd5(S2Cl)2,Semiconductor,https://materialsproject.org/materials/mp-1021494,HTTP 403
4005,Ba2NbFeO6,Ceramic,https://next-gen.materialsproject.org/materials/mp-1021504,HTTP 403
3998,Cd4SF6,Semiconductor,https://materialsproject.org/materials/mp-1021492,HTTP 403
4001,Li2SiSnS4,Semiconductor,https://materialsproject.org/materials/mp-1021497,HTTP 403
4019,VO2,Ceramic,https://next-gen.materialsproject.org/materials/mp-541404,HTTP 403
4003,Cu2Se,Metal,https://materialsproject.org/materials/mp-1021499,HTTP 403
4004,SiO2,Semiconductor,https://materialsproject.org/materials/mp-1021503,HTTP 403
7658,PmMgHg2,Computational Material,https://materialsproject.org/materials/mp-862938,HTTP 403
4002,P3Pd,Metal,https://materialsproject.org/materials/mp-1021498,HTTP 403
4007,La(P3Os)4,Computational Material,https://materialsproject.org/materials/mp-1021506,HTTP 403
4009,Ce(As3Ru)4,Semiconductor,https://materialsproject.org/materials/mp-1021508,HTTP 403
4008,Ba2Y(CuO2)3,Ceramic,https://materialsproject.org/materials/mp-1021507,HTTP 403
4011,LiGe2(PO4)3,Semiconductor,https://materialsproject.org/materials/mp-1021510,HTTP 403
4012,CdS,Semiconductor,https://materialsproject.org/materials/mp-1021511,HTTP 403
4014,NaGe2(PO4)3,Semiconductor,https://materialsproject.org/materials/mp-1021514,HTTP 403
4010,Ce(FeAs3)4,Semiconductor,https://materialsproject.org/materials/mp-1021509,HTTP 403
4015,K2Sn,Computational Material,https://materialsproject.org/materials/mp-1021516,HTTP 403
4016,CsCr5S8,Metal,https://materialsproject.org/materials/mp-1021518,HTTP 403
4013,LuO3,Computational Material,https://materialsproject.org/materials/mp-1021512,HTTP 403
4113,Mg6SiNi,Semiconductor,https://materialsproject.org/materials/mp-1022036,HTTP 403
4108,BaMg6Ni,Computational Material,https://materialsproject.org/materials/mp-1022026,HTTP 403
4110,Mg6CdCo,Semiconductor,https://materialsproject.org/materials/mp-1022031,HTTP 403
4109,Mg6TiCo,Computational Material,https://materialsproject.org/materials/mp-1022027,HTTP 403
4111,Mg6CoBi,Computational Material,https://materialsproject.org/materials/mp-1022032,HTTP 403
4023,Mg6VSb,Semiconductor,https://materialsproject.org/materials/mp-1021653,HTTP 403
4118,Mg6CoMo,Computational Material,https://materialsproject.org/materials/mp-1022041,HTTP 403
4117,LiMg6Co,Computational Material,https://materialsproject.org/materials/mp-1022040,HTTP 403
4128,Mg6CoC,Metal,https://materialsproject.org/materials/mp-1022051,HTTP 403
4123,CsMg6V,Computational Material,https://materialsproject.org/materials/mp-1022046,HTTP 403
4126,Mg6CoSi,Semiconductor,https://materialsproject.org/materials/mp-1022049,HTTP 403
4143,Mg6CoSn,Computational Material,https://materialsproject.org/materials/mp-1022067,HTTP 403
4119,LaMg6Ni,Computational Material,https://materialsproject.org/materials/mp-1022042,HTTP 403
4125,Mg6CrCo,Computational Material,https://materialsproject.org/materials/mp-1022048,HTTP 403
4127,Mg6GaCu,Semiconductor,https://materialsproject.org/materials/mp-1022050,HTTP 403
4120,HfMg6Co,Computational Material,https://materialsproject.org/materials/mp-1022043,HTTP 403
4146,Mg6CuMo,Computational Material,https://materialsproject.org/materials/mp-1022070,HTTP 403
4145,Mg6NbCu,Computational Material,https://materialsproject.org/materials/mp-1022069,HTTP 403
4149,Mg6CoNi,Computational Material,https://materialsproject.org/materials/mp-1022073,HTTP 403
4150,HfMg6Cu,Computational Material,https://materialsproject.org/materials/mp-1022074,HTTP 403
4153,BaMg6Co,Computational Material,https://materialsproject.org/materials/mp-1022077,HTTP 403
4157,Mg6VCo,Computational Material,https://materialsproject.org/materials/mp-1022082,HTTP 403
2767,KEuZr2O6,Ceramic,https://next-gen.materialsproject.org/materials/mp-1522904,HTTP 403
4160,Mg6CuB,Computational Material,https://materialsproject.org/materials/mp-1022085,HTTP 403
7660,Er2CuPt,Computational Material,https://materialsproject.org/materials/mp-862940,HTTP 403
4168,Mg6CoCu,Computational Material,https://materialsproject.org/materials/mp-1022093,HTTP 403
4162,LaMg6Co,Computational Material,https://materialsproject.org/materials/mp-1022087,HTTP 403
4170,Mg6VCu,Computational Material,https://materialsproject.org/materials/mp-1022095,HTTP 403
11943,A2 Tool Steel,Tool Steel,https://www.matweb.com/search/datasheet.aspx?matguid=1becaffb06b746a8b31690bbf1f53426,HTTP 403
4164,Mg6CuSi,Semiconductor,https://materialsproject.org/materials/mp-1022089,HTTP 403
11944,H13 Tool Steel,Tool Steel,https://www.onlinemetals.com/en/product-guide/alloy/H13,HTTP 403
4166,LaMg6Cu,Computational Material,https://materialsproject.org/materials/mp-1022091,HTTP 403
4165,NaMg6Cu,Computational Material,https://materialsproject.org/materials/mp-1022090,HTTP 403
5017,CeSi2Rh,Semiconductor,https://materialsproject.org/materials/mp-1025411,HTTP 403
4171,Mg6CuSn,Computational Material,https://materialsproject.org/materials/mp-1022096,HTTP 403
2772,BaNd(NiO3)4,Ceramic,https://materialsproject.org/materials/mp-1522925,HTTP 403
2776,CaEuZrGaO6,Semiconductor,https://materialsproject.org/materials/mp-1522936,HTTP 403
4175,KMg6Cu,Computational Material,https://materialsproject.org/materials/mp-1022100,HTTP 403
4182,BaMg6Cu,Computational Material,https://materialsproject.org/materials/mp-1022107,HTTP 403
5018,ThSi2Ni,Semiconductor,https://materialsproject.org/materials/mp-1025413,HTTP 403
4179,RbMg6Cu,Computational Material,https://materialsproject.org/materials/mp-1022104,HTTP 403
4180,Mg6TiCu,Computational Material,https://materialsproject.org/materials/mp-1022105,HTTP 403
11946,Gray Iron Class 20,Cast Iron,https://www.matweb.com/search/DataSheet.aspx?MatGUID=c4571dc3bc8447d48dc7b9ecf86e3f01,HTTP 403
5019,CePd7,Computational Material,https://materialsproject.org/materials/mp-1025415,HTTP 403
4288,Mg6ZrSn,Computational Material,https://materialsproject.org/materials/mp-1022531,HTTP 403
4289,Mg6ZrV,Computational Material,https://materialsproject.org/materials/mp-1022532,HTTP 403
4290,LiMg6Zr,Computational Material,https://materialsproject.org/materials/mp-1022534,HTTP 403
4293,Mg6ZnSb,Semiconductor,https://materialsproject.org/materials/mp-1022540,HTTP 403
4299,Mg6ZnC,Metal,https://materialsproject.org/materials/mp-1022551,HTTP 403
4294,Mg6ZrTi,Computational Material,https://materialsproject.org/materials/mp-1022541,HTTP 403
4303,Mg6FeNi,Computational Material,https://materialsproject.org/materials/mp-1022578,HTTP 403
4185,LiMg6Cu,Computational Material,https://materialsproject.org/materials/mp-1022110,HTTP 403
4304,CeMg6Zr,Computational Material,https://materialsproject.org/materials/mp-1022581,HTTP 403
11948,Gray Iron Class 40,Cast Iron,https://www.matweb.com/search/DataSheet.aspx?MatGUID=274b7700201d4fc6a9787edeb1b4b7c6,HTTP 403
4191,Mg6FeBi,Computational Material,https://materialsproject.org/materials/mp-1022117,HTTP 403
11947,Gray Iron Class 30,Cast Iron,https://www.matweb.com/search/DataSheet.aspx?MatGUID=eec3193e8aeb4b3e8957baab1c1b18c5,HTTP 403
4308,CeMg6Ni,Computational Material,https://materialsproject.org/materials/mp-1022586,HTTP 403
4310,Mg6ZnBi,Computational Material,https://materialsproject.org/materials/mp-1022588,HTTP 403
4311,Mg6ZnCd,Semiconductor,https://materialsproject.org/materials/mp-1022589,HTTP 403
4312,HfMg6Zn,Computational Material,https://materialsproject.org/materials/mp-1022590,HTTP 403
4313,Mg6ZnCr,Computational Material,https://materialsproject.org/materials/mp-1022591,HTTP 403
4315,NaMg6Zn,Computational Material,https://materialsproject.org/materials/mp-1022593,HTTP 403
4317,Mg6ZnMo,Computational Material,https://materialsproject.org/materials/mp-1022595,HTTP 403
4316,Mg6ZnGa,Semiconductor,https://materialsproject.org/materials/mp-1022594,HTTP 403
4318,Mg6ZnW,Computational Material,https://materialsproject.org/materials/mp-1022596,HTTP 403
4320,Mg6NbZn,Computational Material,https://materialsproject.org/materials/mp-1022598,HTTP 403
4326,Mg6ZnSi,Semiconductor,https://materialsproject.org/materials/mp-1022604,HTTP 403
4319,LiMg6Zn,Computational Material,https://materialsproject.org/materials/mp-1022597,HTTP 403
4330,Mg6TiZn,Computational Material,https://materialsproject.org/materials/mp-1022608,HTTP 403
4325,YHfMg6,Computational Material,https://materialsproject.org/materials/mp-1022603,HTTP 403
4331,Mg6VZn,Computational Material,https://materialsproject.org/materials/mp-1022609,HTTP 403
4335,LaMg6Zn,Computational Material,https://materialsproject.org/materials/mp-1022613,HTTP 403
4339,Mg6ZrCu,Computational Material,https://materialsproject.org/materials/mp-1022617,HTTP 403
4341,Mg6ZnCo,Computational Material,https://materialsproject.org/materials/mp-1022619,HTTP 403
11949,Gray Iron Class 50,Cast Iron,https://www.matweb.com/search/DataSheet.aspx?MatGUID=2dafcba8842045e2a3c94295325cd6fc,HTTP 403
4342,YMg6Sb,Semiconductor,https://materialsproject.org/materials/mp-1022620,HTTP 403
4343,Mg6ZnCu,Computational Material,https://materialsproject.org/materials/mp-1022621,HTTP 403
4345,YMg6Bi,Computational Material,https://materialsproject.org/materials/mp-1022623,HTTP 403
4347,Mg6ZrZn,Computational Material,https://materialsproject.org/materials/mp-1022625,HTTP 403
4348,Mg6ZnNi,Computational Material,https://materialsproject.org/materials/mp-1022626,HTTP 403
4344,BaMg6Zn,Computational Material,https://materialsproject.org/materials/mp-1022622,HTTP 403
1823,SrCaCr4O12,Ceramic,https://next-gen.materialsproject.org/materials/mp-1521869,HTTP 403
11950,Gray Iron Class 60,Cast Iron,https://www.matweb.com/search/DataSheet.aspx?MatGUID=95db59c1c5e4407abff6cc262a67e42d,HTTP 403
1824,NaSrYMnO6,Ceramic,https://next-gen.materialsproject.org/materials/mp-1521870,HTTP 403
4349,YMg6Cr,Computational Material,https://materialsproject.org/materials/mp-1022627,HTTP 403
4351,YMg6B,Computational Material,https://materialsproject.org/materials/mp-1022629,HTTP 403
4368,Mg6ZnFe,Computational Material,https://materialsproject.org/materials/mp-1022651,HTTP 403
11951,Ductile Iron 60-40-18,Cast Iron,https://www.matweb.com/search/DataSheet.aspx?MatGUID=c2bfdcdddc104b28b7e2832eeedc3ad2,HTTP 403
4358,CsYMg6,Computational Material,https://materialsproject.org/materials/mp-1022636,HTTP 403
4364,YMg6W,Computational Material,https://materialsproject.org/materials/mp-1022646,HTTP 403
4466,Mg6MnNi,Computational Material,https://materialsproject.org/materials/mp-1022985,HTTP 403
4370,YMg6Ga,Semiconductor,https://materialsproject.org/materials/mp-1022654,HTTP 403
4371,Mg6ZnB,Computational Material,https://materialsproject.org/materials/mp-1022656,HTTP 403
8239,CaYRh2,Computational Material,https://next-gen.materialsproject.org/materials/mp-865002,HTTP 403
4474,RbMg6Mn,Computational Material,https://materialsproject.org/materials/mp-1023013,HTTP 403
6881,CaTiN2,Metal,https://next-gen.materialsproject.org/materials/mp-1029572,HTTP 403
4471,KMg6Mn,Computational Material,https://materialsproject.org/materials/mp-1023003,HTTP 403
4488,Ba4Cu3PbO9,Ceramic,https://next-gen.materialsproject.org/materials/mp-1023127,HTTP 403
4487,MgCuO2,Ceramic,https://next-gen.materialsproject.org/materials/mp-997031,HTTP 403
11952,Ductile Iron 100-70-03,Cast Iron,https://www.matweb.com/search/DataSheet.aspx?MatGUID=46a3a4c0eb3c42bebd7916bf280540cf,HTTP 403
11953,Austempered Ductile Iron (ADI),Cast Iron,https://www.matweb.com/search/DataSheet.aspx?MatGUID=82bcfcd729db4af5be557551065ec090,HTTP 403
4374,RbMg6Zn,Computational Material,https://materialsproject.org/materials/mp-1022659,HTTP 403
4479,YMg6Ni,Computational Material,https://materialsproject.org/materials/mp-1023061,HTTP 403
1822,SmDy(NiO3)4,Ceramic,https://materialsproject.org/materials/mp-1521868,HTTP 403
4379,YMg6Mo,Computational Material,https://materialsproject.org/materials/mp-1022683,HTTP 403
4480,SrMg6Mn,Computational Material,https://materialsproject.org/materials/mp-1023063,HTTP 403
4484,CsMg6Mn,Computational Material,https://materialsproject.org/materials/mp-1023121,HTTP 403
4486,Co2MoS4,Metal,https://materialsproject.org/materials/mp-1023124,HTTP 403
4481,YMg6Mn,Computational Material,https://materialsproject.org/materials/mp-1023074,HTTP 403
5021,SmSi2Ni,Semiconductor,https://materialsproject.org/materials/mp-1025420,HTTP 403
5020,LaTe3,Computational Material,https://materialsproject.org/materials/mp-1025418,HTTP 403
11954,Malleable Iron,Cast Iron,https://www.matweb.com/search/DataSheet.aspx?MatGUID=2f6fbf8c51cd476c8cb81a2818c3de75,HTTP 403
5023,HoGe3,Semiconductor,https://materialsproject.org/materials/mp-1025422,HTTP 403
5022,SmO3,Computational Material,https://materialsproject.org/materials/mp-1025421,HTTP 403
4501,CaLaMg6,Computational Material,https://materialsproject.org/materials/mp-1023147,HTTP 403
4497,CaMg6Cd,Semiconductor,https://materialsproject.org/materials/mp-1023143,HTTP 403
4498,Mg6MnCu,Computational Material,https://materialsproject.org/materials/mp-1023144,HTTP 403
4500,CaMg6Sb,Semiconductor,https://materialsproject.org/materials/mp-1023146,HTTP 403
4496,CaMg6Nb,Computational Material,https://materialsproject.org/materials/mp-1023142,HTTP 403
4495,Mg6MnZn,Computational Material,https://materialsproject.org/materials/mp-1023141,HTTP 403
7661,PmMgRh2,Computational Material,https://materialsproject.org/materials/mp-862941,HTTP 403
4502,Mg6MnFe,Computational Material,https://materialsproject.org/materials/mp-1023148,HTTP 403
4505,Mg6MnCo,Computational Material,https://materialsproject.org/materials/mp-1023151,HTTP 403
4506,CaMg6Bi,Computational Material,https://materialsproject.org/materials/mp-1023152,HTTP 403
5027,CeI3,Computational Material,https://materialsproject.org/materials/mp-1025426,HTTP 403
5029,SmPt,Computational Material,https://materialsproject.org/materials/mp-1025431,HTTP 403
5026,Co3H,Metal,https://materialsproject.org/materials/mp-1025425,HTTP 403
5028,Ta2GaC,Semiconductor,https://materialsproject.org/materials/mp-1025427,HTTP 403
4645,Mg15B,Computational Material,https://materialsproject.org/materials/mp-1023515,HTTP 403
4646,RbMg15,Computational Material,https://materialsproject.org/materials/mp-1023517,HTTP 403
4644,SrMg15,Computational Material,https://materialsproject.org/materials/mp-1023511,HTTP 403
11957,Ni-Resist Cast Iron,Cast Iron,https://www.matweb.com/search/datasheet.aspx?matguid=c0277bd24b894101859dd6c32daec0eb,HTTP 403
4516,LiCaMg6,Computational Material,https://materialsproject.org/materials/mp-1023163,HTTP 403
4520,CaMg6Ga,Semiconductor,https://materialsproject.org/materials/mp-1023181,HTTP 403
4514,SrCaMg6,Computational Material,https://materialsproject.org/materials/mp-1023160,HTTP 403
4517,CaMg6C,Computational Material,https://materialsproject.org/materials/mp-1023164,HTTP 403
4647,LaMg15,Computational Material,https://materialsproject.org/materials/mp-1023560,HTTP 403
4535,NaCaMg6,Computational Material,https://materialsproject.org/materials/mp-1023250,HTTP 403
4529,CaHfMg6,Computational Material,https://materialsproject.org/materials/mp-1023224,HTTP 403
4527,CaMg6B,Computational Material,https://materialsproject.org/materials/mp-1023213,HTTP 403
4540,KCaMg6,Computational Material,https://materialsproject.org/materials/mp-1023256,HTTP 403
4536,CaMg6V,Computational Material,https://materialsproject.org/materials/mp-1023252,HTTP 403
4539,CaMg6Sn,Computational Material,https://materialsproject.org/materials/mp-1023255,HTTP 403
4541,CaMg6Ti,Computational Material,https://materialsproject.org/materials/mp-1023257,HTTP 403
4649,BaMg15,Computational Material,https://materialsproject.org/materials/mp-1023583,HTTP 403
11958,Aluminum 1199 Alloy,Aluminum,https://www.matweb.com/search/DataSheet.aspx?bassnum=MA1199O,HTTP 403
4650,Mg15Sn,Computational Material,https://materialsproject.org/materials/mp-1023593,HTTP 403
4652,Mg15Cu,Computational Material,https://materialsproject.org/materials/mp-1023610,HTTP 403
4648,CsMg15,Computational Material,https://materialsproject.org/materials/mp-1023568,HTTP 403
4653,Mg15V,Computational Material,https://materialsproject.org/materials/mp-1023611,HTTP 403
4655,Mg15Zr,Computational Material,https://materialsproject.org/materials/mp-1023619,HTTP 403
4651,Mg15Ti,Computational Material,https://materialsproject.org/materials/mp-1023608,HTTP 403
4654,Mg15Zn,Computational Material,https://materialsproject.org/materials/mp-1023616,HTTP 403
4656,Mg15Ni,Computational Material,https://materialsproject.org/materials/mp-1023622,HTTP 403
4657,Mg15Co,Computational Material,https://materialsproject.org/materials/mp-1023624,HTTP 403
5033,LuPt,Computational Material,https://materialsproject.org/materials/mp-1025438,HTTP 403
5034,CsCuC2,Metal,https://materialsproject.org/materials/mp-1025439,HTTP 403
5035,CuGe3,Semiconductor,https://materialsproject.org/materials/mp-1025440,HTTP 403
5036,Ta2AlC,Metal,https://materialsproject.org/materials/mp-1025441,HTTP 403
5038,ThCd3,Semiconductor,https://materialsproject.org/materials/mp-1025443,HTTP 403
11960,Aluminum 319.0 Cast Alloy,Aluminum,https://www.matweb.com/search/datasheettext.aspx?matid=9863,HTTP 403
5039,ErPt,Computational Material,https://materialsproject.org/materials/mp-1025444,HTTP 403
11961,Aluminum 380.0 Cast Alloy,Aluminum,https://www.matweb.com/search/datasheet.aspx?matguid=568dd76f95094ab2ad63726be36ce1dd,HTTP 403
11962,Aluminum 390.0 Cast Alloy,Aluminum,https://www.matweb.com/search/datasheet.aspx?matguid=749e09f1cc2b45fc98213c6ca968f72c,HTTP 403
4662,Mg3NbO4,Ceramic,https://next-gen.materialsproject.org/materials/mp-1023920,HTTP 403
5044,TbInPt2,Semiconductor,https://materialsproject.org/materials/mp-1025449,HTTP 403
5045,CeFeSi2,Semiconductor,https://materialsproject.org/materials/mp-1025450,HTTP 403
5043,YPt,Computational Material,https://materialsproject.org/materials/mp-1025448,HTTP 403
4699,La4Al6O15,Ceramic,https://next-gen.materialsproject.org/materials/mp-1024042,HTTP 403
4659,CeMg15,Computational Material,https://materialsproject.org/materials/mp-1023633,HTTP 403
4661,AlSb,Semiconductor,https://materialsproject.org/materials/mp-1023918,HTTP 403
4668,MoWSe4,Metal,https://materialsproject.org/materials/mp-1023928,HTTP 403
4643,YMg15,Computational Material,https://materialsproject.org/materials/mp-1023510,HTTP 403
4667,Te2MoWSe2,Metal,https://materialsproject.org/materials/mp-1023927,HTTP 403
4658,Mg15Fe,Computational Material,https://materialsproject.org/materials/mp-1023632,HTTP 403
4669,WSeS,Metal,https://materialsproject.org/materials/mp-1023929,HTTP 403
5052,HfTe3,Metal,https://materialsproject.org/materials/mp-1025459,HTTP 403
5046,HfNi2Sb,Semiconductor,https://materialsproject.org/materials/mp-1025451,HTTP 403
4660,SiS,Semiconductor,https://materialsproject.org/materials/mp-1023900,HTTP 403
5047,SmSi2Rh,Semiconductor,https://materialsproject.org/materials/mp-1025453,HTTP 403
5053,MgZrF6,Metal,https://materialsproject.org/materials/mp-1025460,HTTP 403
4683,TeWSe,Metal,https://materialsproject.org/materials/mp-1023943,HTTP 403
4762,HoInPt4,Semiconductor,https://materialsproject.org/materials/mp-1025022,HTTP 403
4694,Mg3SiO4,Semiconductor,https://materialsproject.org/materials/mp-1024036,HTTP 403
4686,MoSeS,Metal,https://materialsproject.org/materials/mp-1023953,HTTP 403
4764,LuB2Rh3,Computational Material,https://materialsproject.org/materials/mp-1025024,HTTP 403
4766,HoB2Rh3,Computational Material,https://materialsproject.org/materials/mp-1025027,HTTP 403
4765,ThCoSi,Semiconductor,https://materialsproject.org/materials/mp-1025025,HTTP 403
4687,MoWS4,Metal,https://materialsproject.org/materials/mp-1023954,HTTP 403
4763,TbCBr,Computational Material,https://materialsproject.org/materials/mp-1025023,HTTP 403
4695,NaMg3O4,Computational Material,https://materialsproject.org/materials/mp-1024037,HTTP 403
4698,BaMg3O4,Computational Material,https://materialsproject.org/materials/mp-1024040,HTTP 403
4700,CaMg3O4,Computational Material,https://materialsproject.org/materials/mp-1024043,HTTP 403
4706,Na2Zn2Se3,Metal,https://materialsproject.org/materials/mp-1024049,HTTP 403
4696,CeMg3O4,Computational Material,https://materialsproject.org/materials/mp-1024038,HTTP 403
4768,PrHSe,Computational Material,https://materialsproject.org/materials/mp-1025029,HTTP 403
4771,LuInCo4,Semiconductor,https://materialsproject.org/materials/mp-1025033,HTTP 403
4770,PuCu2,Computational Material,https://materialsproject.org/materials/mp-1025032,HTTP 403
4773,PbS2,Computational Material,https://materialsproject.org/materials/mp-1025039,HTTP 403
7439,CuH6(NCl)2,Metal,https://next-gen.materialsproject.org/materials/mp-862687,HTTP 403
4776,AlNi2,Metal,https://materialsproject.org/materials/mp-1025044,HTTP 403
4774,ThB2Pd2C,Metal,https://materialsproject.org/materials/mp-1025041,HTTP 403
4775,UAl2Cu3,Computational Material,https://materialsproject.org/materials/mp-1025043,HTTP 403
4769,ErPt5,Computational Material,https://materialsproject.org/materials/mp-1025030,HTTP 403
4772,ThNi2B2C,Metal,https://materialsproject.org/materials/mp-1025034,HTTP 403
4778,FeCoGe,Semiconductor,https://materialsproject.org/materials/mp-1025047,HTTP 403
4777,TiGaPd,Semiconductor,https://materialsproject.org/materials/mp-1025045,HTTP 403
4779,YbB2Rh3,Computational Material,https://materialsproject.org/materials/mp-1025051,HTTP 403
4780,ThSiTe,Semiconductor,https://materialsproject.org/materials/mp-1025053,HTTP 403
4782,LaAg2,Computational Material,https://materialsproject.org/materials/mp-1025059,HTTP 403
4781,ThSi2Ru3,Semiconductor,https://materialsproject.org/materials/mp-1025056,HTTP 403
4784,LaMn2Ni3,Computational Material,https://materialsproject.org/materials/mp-1025065,HTTP 403
4783,LiAlPt,Computational Material,https://materialsproject.org/materials/mp-1025063,HTTP 403
5255,Mg14NbSn,Computational Material,https://materialsproject.org/materials/mp-1026397,HTTP 403
5057,CeAu,Computational Material,https://materialsproject.org/materials/mp-1025468,HTTP 403
5054,PrBrO2,Computational Material,https://materialsproject.org/materials/mp-1025461,HTTP 403
1903,SrCaZrCrO6,Ceramic,https://next-gen.materialsproject.org/materials/mp-1522114,HTTP 403
5254,KLiMg14,Computational Material,https://materialsproject.org/materials/mp-1026396,HTTP 403
5055,Sc3NiC4,Metal,https://materialsproject.org/materials/mp-1025464,HTTP 403
8352,Dy2ZnIn,Semiconductor,https://next-gen.materialsproject.org/materials/mp-865157,HTTP 403
5056,Cu2SnHgS4,Metal,https://materialsproject.org/materials/mp-1025467,HTTP 403
10846,Full-Hard Type 2 Iron-Nickel Soft Magnetic Alloy,Metal,https://tymagnets.com/soft-magnetic-alloys/,HTTP 403
8230,DyB4Mo,Computational Material,https://next-gen.materialsproject.org/materials/mp-864993,HTTP 403
4786,ReGe2,Semiconductor,https://materialsproject.org/materials/mp-1025067,HTTP 403
4785,ErInCo4,Semiconductor,https://materialsproject.org/materials/mp-1025066,HTTP 403
6855,Sr3B3N5,Computational Material,https://materialsproject.org/materials/mp-1029490,HTTP 403
5059,NpTe3,Computational Material,https://materialsproject.org/materials/mp-1025472,HTTP 403
4793,EuAsPd,Semiconductor,https://materialsproject.org/materials/mp-1025079,HTTP 403
6856,CsCoN,Metal,https://materialsproject.org/materials/mp-1029491,HTTP 403
5061,TbAu3,Computational Material,https://materialsproject.org/materials/mp-1025478,HTTP 403
5058,LuTe3,Computational Material,https://materialsproject.org/materials/mp-1025470,HTTP 403
5060,Li2NdGe,Semiconductor,https://materialsproject.org/materials/mp-1025473,HTTP 403
7664,Er2CuRu,Computational Material,https://materialsproject.org/materials/mp-862944,HTTP 403
4795,HoBC,Computational Material,https://materialsproject.org/materials/mp-1025084,HTTP 403
4799,ThSiPt,Semiconductor,https://materialsproject.org/materials/mp-1025098,HTTP 403
4796,NdNiSb,Semiconductor,https://materialsproject.org/materials/mp-1025087,HTTP 403
4800,TbGaI,Semiconductor,https://materialsproject.org/materials/mp-1025099,HTTP 403
4802,CeAl3Pt2,Computational Material,https://materialsproject.org/materials/mp-1025102,HTTP 403
4803,LuAlGe,Semiconductor,https://materialsproject.org/materials/mp-1025105,HTTP 403
4798,ErZn2,Computational Material,https://materialsproject.org/materials/mp-1025096,HTTP 403
4804,GdAlGe,Semiconductor,https://materialsproject.org/materials/mp-1025108,HTTP 403
4801,LaGe5,Semiconductor,https://materialsproject.org/materials/mp-1025100,HTTP 403
4797,CeCo2B2C,Metal,https://materialsproject.org/materials/mp-1025095,HTTP 403
4806,CdIBr,Semiconductor,https://materialsproject.org/materials/mp-1025115,HTTP 403
4869,SiPt5Pb,Semiconductor,https://materialsproject.org/materials/mp-1025218,HTTP 403
4870,Ti2VTe4,Metal,https://materialsproject.org/materials/mp-1025219,HTTP 403
4873,ZnPd5Se,Metal,https://materialsproject.org/materials/mp-1025222,HTTP 403
4874,Hf4Al3,Metal,https://materialsproject.org/materials/mp-1025223,HTTP 403
4882,Fe(CoSe2)2,Metal,https://materialsproject.org/materials/mp-1025235,HTTP 403
4883,Sc(TiGa2)2,Semiconductor,https://materialsproject.org/materials/mp-1025236,HTTP 403
4876,ErGa5Co,Semiconductor,https://materialsproject.org/materials/mp-1025225,HTTP 403
4875,V(CrS2)2,Metal,https://materialsproject.org/materials/mp-1025224,HTTP 403
4884,Ba2RuO4,Computational Material,https://materialsproject.org/materials/mp-1025237,HTTP 403
4807,TmCu4Ag,Computational Material,https://materialsproject.org/materials/mp-1025116,HTTP 403
7443,DyHoMg2,Computational Material,https://next-gen.materialsproject.org/materials/mp-862692,HTTP 403
1931,Na2NbBiO6,Ceramic,https://next-gen.materialsproject.org/materials/mp-1522192,HTTP 403
8242,DyI3,Computational Material,https://next-gen.materialsproject.org/materials/mp-865005,HTTP 403
4810,UNi2B2C,Metal,https://materialsproject.org/materials/mp-1025123,HTTP 403
4811,FeCoSn,Computational Material,https://materialsproject.org/materials/mp-1025124,HTTP 403
4812,MgSi2,Semiconductor,https://materialsproject.org/materials/mp-1025126,HTTP 403
4885,Tm(TiGa2)2,Semiconductor,https://materialsproject.org/materials/mp-1025238,HTTP 403
4887,Dy2Re2Si2C,Semiconductor,https://materialsproject.org/materials/mp-1025240,HTTP 403
4888,ScGa5Fe,Semiconductor,https://materialsproject.org/materials/mp-1025241,HTTP 403
4886,Cr2CoTe4,Metal,https://materialsproject.org/materials/mp-1025239,HTTP 403
4890,La2Re2Si2C,Semiconductor,https://materialsproject.org/materials/mp-1025245,HTTP 403
4891,Er2B4C,Computational Material,https://materialsproject.org/materials/mp-1025246,HTTP 403
6857,Li3CoN2,Metal,https://materialsproject.org/materials/mp-1029492,HTTP 403
4892,TlPd5Se,Metal,https://materialsproject.org/materials/mp-1025248,HTTP 403
4894,RhF6,Computational Material,https://materialsproject.org/materials/mp-1025250,HTTP 403
2620,BaSrCaSeO6,Computational Material,https://materialsproject.org/materials/mp-1522463,HTTP 403
11984,Lead-Calcium-Tin Alloy,Lead,https://www.matweb.com/search/datasheet.aspx?MatGUID=cc3ce46e955e4a68a00bbb041d44e38f,HTTP 403
4912,Ce2AlNO3,Ceramic,https://next-gen.materialsproject.org/materials/mp-1025275,HTTP 403
4967,Sr2ZrO4,Ceramic,https://next-gen.materialsproject.org/materials/mp-1025349,HTTP 403
6862,KNbN2,Metal,https://materialsproject.org/materials/mp-1029504,HTTP 403
6865,Sr3(BN2)2,Computational Material,https://materialsproject.org/materials/mp-1029510,HTTP 403
6866,Li7BiN4,Computational Material,https://materialsproject.org/materials/mp-1029517,HTTP 403
6861,Ba(NbN2)2,Metal,https://materialsproject.org/materials/mp-1029502,HTTP 403
6869,NaCoN,Metal,https://materialsproject.org/materials/mp-1029528,HTTP 403
4895,Cs2MnCl4,Metal,https://materialsproject.org/materials/mp-1025252,HTTP 403
6867,Mg2CrN3,Metal,https://materialsproject.org/materials/mp-1029520,HTTP 403
6863,Ba(MoN2)2,Metal,https://materialsproject.org/materials/mp-1029505,HTTP 403
6860,Li6CrN4,Metal,https://materialsproject.org/materials/mp-1029498,HTTP 403
6864,CaSiN2,Semiconductor,https://materialsproject.org/materials/mp-1029506,HTTP 403
6871,Ca2CoN2,Metal,https://materialsproject.org/materials/mp-1029532,HTTP 403
4896,Tb(TiGa2)2,Semiconductor,https://materialsproject.org/materials/mp-1025253,HTTP 403
6872,MgZrN2,Metal,https://materialsproject.org/materials/mp-1029536,HTTP 403
4897,TmGa5Co,Semiconductor,https://materialsproject.org/materials/mp-1025257,HTTP 403
6868,Li7SbN4,Semiconductor,https://materialsproject.org/materials/mp-1029522,HTTP 403
4898,ZnPPd5,Metal,https://materialsproject.org/materials/mp-1025258,HTTP 403
4966,TlPPd5,Metal,https://materialsproject.org/materials/mp-1025348,HTTP 403
4900,Ti2NiS4,Metal,https://materialsproject.org/materials/mp-1025263,HTTP 403
4968,Nb2CoS4,Metal,https://materialsproject.org/materials/mp-1025350,HTTP 403
4901,U2W2C3,Metal,https://materialsproject.org/materials/mp-1025264,HTTP 403
4904,Cs2CaBr4,Computational Material,https://materialsproject.org/materials/mp-1025267,HTTP 403
4902,Cs2CuF4,Metal,https://materialsproject.org/materials/mp-1025265,HTTP 403
4907,GaPPt5,Semiconductor,https://materialsproject.org/materials/mp-1025270,HTTP 403
4903,Tb2Cr2C3,Metal,https://materialsproject.org/materials/mp-1025266,HTTP 403
4909,ZnPPt5,Metal,https://materialsproject.org/materials/mp-1025272,HTTP 403
4908,AlPPt5,Metal,https://materialsproject.org/materials/mp-1025271,HTTP 403
4910,Cs2YbH4,Computational Material,https://materialsproject.org/materials/mp-1025273,HTTP 403
1878,BaSrDyMnO6,Ceramic,https://next-gen.materialsproject.org/materials/mp-1522044,HTTP 403
4911,Cs2NpO4,Computational Material,https://materialsproject.org/materials/mp-1025274,HTTP 403
4969,Sr4Bi2O,Computational Material,https://materialsproject.org/materials/mp-1025351,HTTP 403
4970,Ce2C(NO)2,Computational Material,https://materialsproject.org/materials/mp-1025352,HTTP 403
2749,NaCeHfNbO6,Ceramic,https://next-gen.materialsproject.org/materials/mp-1522830,HTTP 403
4971,TlAsPt5,Semiconductor,https://materialsproject.org/materials/mp-1025353,HTTP 403
4972,Er2Fe2Si2C,Semiconductor,https://materialsproject.org/materials/mp-1025354,HTTP 403
4973,ZrGa5Co,Semiconductor,https://materialsproject.org/materials/mp-1025355,HTTP 403
4977,Na2Ti2As2O,Semiconductor,https://materialsproject.org/materials/mp-1025360,HTTP 403
1879,NaPrDyFeO6,Ceramic,https://next-gen.materialsproject.org/materials/mp-1522047,HTTP 403
4974,ZnAsPt5,Semiconductor,https://materialsproject.org/materials/mp-1025356,HTTP 403
4975,Er(Al2Mo)2,Computational Material,https://materialsproject.org/materials/mp-1025358,HTTP 403
4979,Er2Re2Si2C,Semiconductor,https://materialsproject.org/materials/mp-1025362,HTTP 403
6874,Na6MoN4,Metal,https://materialsproject.org/materials/mp-1029542,HTTP 403
4978,Gd2Re2Si2C,Semiconductor,https://materialsproject.org/materials/mp-1025361,HTTP 403
4982,Sc(VGa2)2,Semiconductor,https://materialsproject.org/materials/mp-1025365,HTTP 403
4980,Dy2Mo2C3,Metal,https://materialsproject.org/materials/mp-1025363,HTTP 403
4981,Dy(TiGa2)2,Semiconductor,https://materialsproject.org/materials/mp-1025364,HTTP 403
4976,Fe(NiSe2)2,Metal,https://materialsproject.org/materials/mp-1025359,HTTP 403
6875,Ca2CrN3,Metal,https://materialsproject.org/materials/mp-1029550,HTTP 403
2752,CaNdHfCrO6,Ceramic,https://next-gen.materialsproject.org/materials/mp-1522839,HTTP 403
2758,Sr2SmCrO6,Ceramic,https://next-gen.materialsproject.org/materials/mp-1522861,HTTP 403
1877,SrEuInSnO6,Semiconductor,https://materialsproject.org/materials/mp-1522043,HTTP 403
4383,Mg6ZrFe,Computational Material,https://materialsproject.org/materials/mp-1022698,HTTP 403
7635,Er2Mg,Computational Material,https://next-gen.materialsproject.org/materials/mp-862915,HTTP 403
650,Stainless Steel 304 (Hot Rolled),Metal,https://docs.kmsheetmetal.com/web/image/734633-bb2a6f42/datasheet-304-304l-hpsa-imperial-outokumpu-en-americas.pdf,HTTP 403
1887,CaEuHfZrO6,Ceramic,https://next-gen.materialsproject.org/materials/mp-1522072,HTTP 403
4385,CsMg6Zn,Computational Material,https://materialsproject.org/materials/mp-1022712,HTTP 403
6876,Li3InN2,Semiconductor,https://materialsproject.org/materials/mp-1029562,HTTP 403
6877,Na3W2N5,Metal,https://materialsproject.org/materials/mp-1029565,HTTP 403
1893,CaNdZrCrO6,Ceramic,https://next-gen.materialsproject.org/materials/mp-1522086,HTTP 403
6882,Ba3GaN3,Semiconductor,https://materialsproject.org/materials/mp-1029573,HTTP 403
1889,KCaLaWO6,Ceramic,https://next-gen.materialsproject.org/materials/mp-1522448,HTTP 403
6883,Na5OsN4,Computational Material,https://materialsproject.org/materials/mp-1029574,HTTP 403
6884,RbOsN2,Computational Material,https://materialsproject.org/materials/mp-1029576,HTTP 403
6885,Sr4ZrN4,Metal,https://materialsproject.org/materials/mp-1029580,HTTP 403
6889,Sc2(CN2)3,Computational Material,https://materialsproject.org/materials/mp-1029602,HTTP 403
4984,Ti2VS4,Metal,https://materialsproject.org/materials/mp-1025368,HTTP 403
6894,LiTaN2,Metal,https://materialsproject.org/materials/mp-1029625,HTTP 403
1894,KPrV4O12,Ceramic,https://next-gen.materialsproject.org/materials/mp-1522087,HTTP 403
6890,Na2MnN2,Metal,https://materialsproject.org/materials/mp-1029605,HTTP 403
4986,InSiPt5,Semiconductor,https://materialsproject.org/materials/mp-1025370,HTTP 403
6896,Mg2ReN3,Computational Material,https://materialsproject.org/materials/mp-1029627,HTTP 403
4983,SiSbPt5,Semiconductor,https://materialsproject.org/materials/mp-1025366,HTTP 403
4985,Tm2Mo2C3,Metal,https://materialsproject.org/materials/mp-1025369,HTTP 403
6886,KSi5N7,Semiconductor,https://materialsproject.org/materials/mp-1029584,HTTP 403
6895,Ba3IrN3,Computational Material,https://materialsproject.org/materials/mp-1029626,HTTP 403
6893,Ba(ReN2)2,Computational Material,https://materialsproject.org/materials/mp-1029619,HTTP 403
6898,Ba3OsN3,Computational Material,https://materialsproject.org/materials/mp-1029640,HTTP 403
6897,CaSnN2,Computational Material,https://materialsproject.org/materials/mp-1029633,HTTP 403
1897,NaPrNb4O12,Ceramic,https://next-gen.materialsproject.org/materials/mp-1522095,HTTP 403
1891,SrEuYFeO6,Ceramic,https://next-gen.materialsproject.org/materials/mp-1522081,HTTP 403
6899,Na15Re7N19,Computational Material,https://materialsproject.org/materials/mp-1029650,HTTP 403
6900,Y3Si6N11,Semiconductor,https://materialsproject.org/materials/mp-1029652,HTTP 403
4401,FeBiAsO,Semiconductor,https://materialsproject.org/materials/mp-1022732,HTTP 403
4403,YMg6Nb,Computational Material,https://materialsproject.org/materials/mp-1022736,HTTP 403
1899,KPrHfInO6,Semiconductor,https://materialsproject.org/materials/mp-1522099,HTTP 403
2768,Ca2AlVO6,Ceramic,https://next-gen.materialsproject.org/materials/mp-1522905,HTTP 403
1892,BaHfInSbO6,Semiconductor,https://materialsproject.org/materials/mp-1522084,HTTP 403
4510,CaMg6W,Computational Material,https://materialsproject.org/materials/mp-1023156,HTTP 403
4988,Y2Cr2C3,Metal,https://materialsproject.org/materials/mp-1025372,HTTP 403
4996,Th2Fe2Si2C,Semiconductor,https://materialsproject.org/materials/mp-1025382,HTTP 403
4512,CaMg6Cr,Computational Material,https://materialsproject.org/materials/mp-1023158,HTTP 403
4989,TcF6,Computational Material,https://materialsproject.org/materials/mp-1025373,HTTP 403
5001,TbO3,Computational Material,https://materialsproject.org/materials/mp-1025387,HTTP 403
4997,TlPPt5,Metal,https://materialsproject.org/materials/mp-1025383,HTTP 403
5007,NbTl3Se4,Metal,https://materialsproject.org/materials/mp-1025396,HTTP 403
4998,Pr2Re2Si2C,Semiconductor,https://materialsproject.org/materials/mp-1025384,HTTP 403
4546,CaMg6Zn,Computational Material,https://materialsproject.org/materials/mp-1023267,HTTP 403
5002,YbCl3,Computational Material,https://materialsproject.org/materials/mp-1025388,HTTP 403
4549,Mg6AlSb,Semiconductor,https://materialsproject.org/materials/mp-1023272,HTTP 403
4550,Mg6NbAl,Computational Material,https://materialsproject.org/materials/mp-1023273,HTTP 403
4545,Mg6AlGa,Semiconductor,https://materialsproject.org/materials/mp-1023266,HTTP 403
5009,LaAu,Computational Material,https://materialsproject.org/materials/mp-1025399,HTTP 403
5000,HgPPt5,Metal,https://materialsproject.org/materials/mp-1025386,HTTP 403
4551,CaMg6Mn,Computational Material,https://materialsproject.org/materials/mp-1023274,HTTP 403
4552,Mg6AlCd,Semiconductor,https://materialsproject.org/materials/mp-1023275,HTTP 403
5011,SrCu,Computational Material,https://materialsproject.org/materials/mp-1025402,HTTP 403
5006,HoTe3,Computational Material,https://materialsproject.org/materials/mp-1025395,HTTP 403
5008,GeRu,Semiconductor,https://materialsproject.org/materials/mp-1025397,HTTP 403
5012,Ce3Pd5,Computational Material,https://materialsproject.org/materials/mp-1025404,HTTP 403
5013,LiP3,Computational Material,https://materialsproject.org/materials/mp-1025406,HTTP 403
5015,TmPt,Computational Material,https://materialsproject.org/materials/mp-1025409,HTTP 403
5014,TmCoSi2,Semiconductor,https://materialsproject.org/materials/mp-1025408,HTTP 403
7433,ErMg3,Computational Material,https://next-gen.materialsproject.org/materials/mp-862681,HTTP 403
7634,Er2ZnTc,Computational Material,https://materialsproject.org/materials/mp-862914,HTTP 403
5066,TmU2S3O2,Computational Material,https://materialsproject.org/materials/mp-1025490,HTTP 403
2771,KCaSnBiO6,Computational Material,https://materialsproject.org/materials/mp-1522924,HTTP 403
5067,TbGe3,Semiconductor,https://materialsproject.org/materials/mp-1025491,HTTP 403
7643,PmInAg2,Semiconductor,https://materialsproject.org/materials/mp-862923,HTTP 403
7645,PmInPt2,Semiconductor,https://materialsproject.org/materials/mp-862925,HTTP 403
7641,PmInRh2,Semiconductor,https://materialsproject.org/materials/mp-862921,HTTP 403
7644,PmInPd2,Semiconductor,https://materialsproject.org/materials/mp-862924,HTTP 403
7647,LiPmHg2,Computational Material,https://materialsproject.org/materials/mp-862927,HTTP 403
7649,Li2PmAl,Computational Material,https://materialsproject.org/materials/mp-862929,HTTP 403
7646,LiPmAu2,Computational Material,https://materialsproject.org/materials/mp-862926,HTTP 403
7648,LiPmTl2,Computational Material,https://materialsproject.org/materials/mp-862928,HTTP 403
7653,PmMgAu2,Computational Material,https://materialsproject.org/materials/mp-862933,HTTP 403
4671,TeWS,Metal,https://materialsproject.org/materials/mp-1023931,HTTP 403
5071,LiNbSe2,Metal,https://materialsproject.org/materials/mp-1025496,HTTP 403
7650,Li2PmIn,Semiconductor,https://materialsproject.org/materials/mp-862930,HTTP 403
5068,HoClO2,Computational Material,https://materialsproject.org/materials/mp-1025493,HTTP 403
5069,EuClO2,Computational Material,https://materialsproject.org/materials/mp-1025494,HTTP 403
4681,Te4MoW,Metal,https://materialsproject.org/materials/mp-1023941,HTTP 403
4672,Te2MoWS2,Metal,https://materialsproject.org/materials/mp-1023932,HTTP 403
5070,NdSi2Rh,Semiconductor,https://materialsproject.org/materials/mp-1025495,HTTP 403
7654,Li2PmTl,Computational Material,https://materialsproject.org/materials/mp-862934,HTTP 403
5073,Tb2CBr,Computational Material,https://materialsproject.org/materials/mp-1025498,HTTP 403
5072,AlV2C,Metal,https://materialsproject.org/materials/mp-1025497,HTTP 403
7662,NaPmAu2,Computational Material,https://materialsproject.org/materials/mp-862942,HTTP 403
5074,ZnCu2SnS4,Metal,https://materialsproject.org/materials/mp-1025500,HTTP 403
7670,PmPd2Pb,Computational Material,https://materialsproject.org/materials/mp-862950,HTTP 403
7666,Li2PmSi,Semiconductor,https://materialsproject.org/materials/mp-862946,HTTP 403
7671,PmPbAu2,Computational Material,https://materialsproject.org/materials/mp-862951,HTTP 403
7655,Li2PmSn,Computational Material,https://materialsproject.org/materials/mp-862935,HTTP 403
5075,TiCuF6,Metal,https://materialsproject.org/materials/mp-1025502,HTTP 403
7672,PmNi2Sn,Computational Material,https://materialsproject.org/materials/mp-862952,HTTP 403
5078,ErGa2Ni,Semiconductor,https://materialsproject.org/materials/mp-1025508,HTTP 403
5076,Cr3Co,Metal,https://materialsproject.org/materials/mp-1025503,HTTP 403
4701,Mg3CrO4,Ceramic,https://next-gen.materialsproject.org/materials/mp-1024044,HTTP 403
5079,ZrZnF6,Metal,https://materialsproject.org/materials/mp-1025509,HTTP 403
5077,TmGa2Ni,Semiconductor,https://materialsproject.org/materials/mp-1025504,HTTP 403
4691,Mg3SnO4,Computational Material,https://materialsproject.org/materials/mp-1024033,HTTP 403
5081,NdBrO2,Computational Material,https://materialsproject.org/materials/mp-1025511,HTTP 403
5080,FeCu2SiSe4,Semiconductor,https://materialsproject.org/materials/mp-1025510,HTTP 403
4692,SrMg3O4,Computational Material,https://materialsproject.org/materials/mp-1024034,HTTP 403
8060,LiYb2Ga,Semiconductor,https://materialsproject.org/materials/mp-864753,HTTP 403
5082,ZrGe,Semiconductor,https://materialsproject.org/materials/mp-1025513,HTTP 403
7675,PmSbRh2,Semiconductor,https://materialsproject.org/materials/mp-862955,HTTP 403
4693,RbMg3O4,Computational Material,https://materialsproject.org/materials/mp-1024035,HTTP 403
5083,Ti2InN,Semiconductor,https://materialsproject.org/materials/mp-1025517,HTTP 403
8061,NaIn3,Semiconductor,https://materialsproject.org/materials/mp-864754,HTTP 403
5084,RbCu4S3,Metal,https://materialsproject.org/materials/mp-1025519,HTTP 403
8063,Yb2MgIn,Semiconductor,https://materialsproject.org/materials/mp-864756,HTTP 403
5085,BaIn2Pd,Semiconductor,https://materialsproject.org/materials/mp-1025520,HTTP 403
5087,ThTe3,Computational Material,https://materialsproject.org/materials/mp-1025522,HTTP 403
5089,Zr2TlC,Metal,https://materialsproject.org/materials/mp-1025524,HTTP 403
8062,LiAcTe2,Computational Material,https://materialsproject.org/materials/mp-864755,HTTP 403
5086,CeSi2Ru,Semiconductor,https://materialsproject.org/materials/mp-1025521,HTTP 403
4704,Na6ZnSe4,Metal,https://materialsproject.org/materials/mp-1024047,HTTP 403
7665,NaPmTe2,Computational Material,https://materialsproject.org/materials/mp-862945,HTTP 403
4705,Na4Zn3Se5,Metal,https://materialsproject.org/materials/mp-1024048,HTTP 403
8070,LiYb2Rh,Computational Material,https://materialsproject.org/materials/mp-864763,HTTP 403
8066,LiYb2Ir,Computational Material,https://materialsproject.org/materials/mp-864759,HTTP 403
8064,YbN2,Computational Material,https://materialsproject.org/materials/mp-864757,HTTP 403
8065,Na3In,Semiconductor,https://materialsproject.org/materials/mp-864758,HTTP 403
8071,Ta2FeOs,Computational Material,https://materialsproject.org/materials/mp-864764,HTTP 403
8086,Yb2PdPt,Computational Material,https://materialsproject.org/materials/mp-864786,HTTP 403
8072,Na3HfF8,Metal,https://materialsproject.org/materials/mp-864765,HTTP 403
8076,LiYb2Tl,Computational Material,https://materialsproject.org/materials/mp-864769,HTTP 403
8087,NpCdPt2,Semiconductor,https://materialsproject.org/materials/mp-864787,HTTP 403
8089,Yb2SnHg,Computational Material,https://materialsproject.org/materials/mp-864789,HTTP 403
8091,PaAgTe2,Metal,https://materialsproject.org/materials/mp-864791,HTTP 403
8088,NbInRu2,Semiconductor,https://materialsproject.org/materials/mp-864788,HTTP 403
8092,Nd3(CuSn)4,Computational Material,https://materialsproject.org/materials/mp-864792,HTTP 403
8094,ZnAg3,Metal,https://materialsproject.org/materials/mp-864794,HTTP 403
8090,Nd2BC,Computational Material,https://materialsproject.org/materials/mp-864790,HTTP 403
8093,NdAgAs2,Semiconductor,https://materialsproject.org/materials/mp-864793,HTTP 403
8077,Ta2MoOs,Computational Material,https://materialsproject.org/materials/mp-864770,HTTP 403
4712,Na2ZnS2,Metal,https://materialsproject.org/materials/mp-1024067,HTTP 403
8079,LiSc2Au,Computational Material,https://materialsproject.org/materials/mp-864772,HTTP 403
8078,LiYb2Pd,Computational Material,https://materialsproject.org/materials/mp-864771,HTTP 403
8080,HoAgHg2,Computational Material,https://materialsproject.org/materials/mp-864775,HTTP 403
8081,PaAlAu2,Computational Material,https://materialsproject.org/materials/mp-864780,HTTP 403
8095,Ac2SnHg,Computational Material,https://materialsproject.org/materials/mp-864795,HTTP 403
4730,ZrHCl,Metal,https://materialsproject.org/materials/mp-1024958,HTTP 403
4732,HoInCo4,Semiconductor,https://materialsproject.org/materials/mp-1024962,HTTP 403
5090,DyInPt2,Semiconductor,https://materialsproject.org/materials/mp-1025525,HTTP 403
8096,EuCdHg2,Semiconductor,https://materialsproject.org/materials/mp-864796,HTTP 403
4731,PrScSi,Semiconductor,https://materialsproject.org/materials/mp-1024960,HTTP 403
4788,PrSn2,Computational Material,https://materialsproject.org/materials/mp-1025069,HTTP 403
8098,HfZnIr2,Computational Material,https://materialsproject.org/materials/mp-864798,HTTP 403
8100,Yb2PdAu,Computational Material,https://materialsproject.org/materials/mp-864800,HTTP 403
4789,YCo2B2C,Metal,https://materialsproject.org/materials/mp-1025070,HTTP 403
8099,HoLuMg2,Computational Material,https://materialsproject.org/materials/mp-864799,HTTP 403
127,AISI 1005 Carbon Steel (Cold Drawn),Metal,https://www.matweb.com/Search/MaterialGroupSearch.aspx?GroupID=225,HTTP 403
4733,TbCo2B2C,Metal,https://materialsproject.org/materials/mp-1024963,HTTP 403
5099,Ti2GaN,Semiconductor,https://materialsproject.org/materials/mp-1025550,HTTP 403
8101,YbO2,Computational Material,https://materialsproject.org/materials/mp-864801,HTTP 403
5102,EuSi2Ni,Semiconductor,https://materialsproject.org/materials/mp-1025553,HTTP 403
5100,GaPt,Semiconductor,https://materialsproject.org/materials/mp-1025551,HTTP 403
5103,PrSi2Ag,Semiconductor,https://materialsproject.org/materials/mp-1025554,HTTP 403
4792,TbSe2,Computational Material,https://materialsproject.org/materials/mp-1025077,HTTP 403
8114,Hf2CoIr,Computational Material,https://next-gen.materialsproject.org/materials/mp-864835,HTTP 403
8334,Hf2OsRh,Computational Material,https://next-gen.materialsproject.org/materials/mp-865131,HTTP 403
8336,Hf2MnIr,Computational Material,https://next-gen.materialsproject.org/materials/mp-865138,HTTP 403
5107,Ce2(CuGe)3,Semiconductor,https://materialsproject.org/materials/mp-1025560,HTTP 403
5104,CoMoP2,Metal,https://materialsproject.org/materials/mp-1025557,HTTP 403
8035,HfAlRh2,Computational Material,https://next-gen.materialsproject.org/materials/mp-864671,HTTP 403
4842,HfGa5Ni,Semiconductor,https://next-gen.materialsproject.org/materials/mp-1025176,HTTP 403
5105,CeNiSn2,Computational Material,https://materialsproject.org/materials/mp-1025558,HTTP 403
5109,HoO3,Computational Material,https://materialsproject.org/materials/mp-1025565,HTTP 403
5106,TbFeSi2,Semiconductor,https://materialsproject.org/materials/mp-1025559,HTTP 403
7917,HgPd3,Computational Material,https://next-gen.materialsproject.org/materials/mp-1184658,HTTP 403
5108,LuAl2Pd5,Computational Material,https://materialsproject.org/materials/mp-1025564,HTTP 403
5112,WS2,Metal,https://materialsproject.org/materials/mp-1025571,HTTP 403
5113,WSe2,Metal,https://materialsproject.org/materials/mp-1025572,HTTP 403
4838,Ho(TiGa2)2,Semiconductor,https://next-gen.materialsproject.org/materials/mp-1025172,HTTP 403
8038,Ho2AlZn,Computational Material,https://next-gen.materialsproject.org/materials/mp-864674,HTTP 403
5111,MnAg2GeTe4,Semiconductor,https://materialsproject.org/materials/mp-1025568,HTTP 403
1383,HgTe,Computational Material,https://next-gen.materialsproject.org/materials/mp-2730,HTTP 403
5115,Te2Mo(WSe2)2,Metal,https://materialsproject.org/materials/mp-1025574,HTTP 403
5116,Mo(WSe3)2,Metal,https://materialsproject.org/materials/mp-1025575,HTTP 403
5114,Te2W,Metal,https://materialsproject.org/materials/mp-1025573,HTTP 403
5260,HfMg14Bi,Computational Material,https://materialsproject.org/materials/mp-1026402,HTTP 403
5265,Mg14GaBi,Semiconductor,https://materialsproject.org/materials/mp-1026407,HTTP 403
5261,Mg14SnMo,Computational Material,https://materialsproject.org/materials/mp-1026403,HTTP 403
130,AISI 1015 Carbon Steel (Hot Rolled),Metal,https://matweb.com/search/QuickText.aspx?SearchText=AISI%201015,HTTP 403
5266,BaMg14Sn,Computational Material,https://materialsproject.org/materials/mp-1026408,HTTP 403
5267,HfMg14Sb,Semiconductor,https://materialsproject.org/materials/mp-1026409,HTTP 403
5269,Mg14SbC,Semiconductor,https://materialsproject.org/materials/mp-1026411,HTTP 403
5278,Mg14GaSb,Semiconductor,https://materialsproject.org/materials/mp-1026420,HTTP 403
5277,HfMg14C,Metal,https://materialsproject.org/materials/mp-1026419,HTTP 403
5280,Mg14BiSb,Semiconductor,https://materialsproject.org/materials/mp-1026422,HTTP 403
4915,V2CrTe4,Metal,https://materialsproject.org/materials/mp-1025278,HTTP 403
5284,Mg14BC,Computational Material,https://materialsproject.org/materials/mp-1026426,HTTP 403
5279,Mg14GaC,Semiconductor,https://materialsproject.org/materials/mp-1026421,HTTP 403
5285,HfMg14B,Computational Material,https://materialsproject.org/materials/mp-1026427,HTTP 403
5274,Mg14BiC,Computational Material,https://materialsproject.org/materials/mp-1026416,HTTP 403
5286,HfMg14Cd,Semiconductor,https://materialsproject.org/materials/mp-1026428,HTTP 403
4906,Ti2CoS4,Metal,https://materialsproject.org/materials/mp-1025269,HTTP 403
5287,Mg14BSb,Semiconductor,https://materialsproject.org/materials/mp-1026429,HTTP 403
8371,HfCu3,Metal,https://materialsproject.org/materials/mp-865176,HTTP 403
5288,Mg14GaB,Semiconductor,https://materialsproject.org/materials/mp-1026430,HTTP 403
8104,Nd2CuIr,Computational Material,https://materialsproject.org/materials/mp-864805,HTTP 403
8312,NaMgTl2,Computational Material,https://materialsproject.org/materials/mp-865110,HTTP 403
8102,NaAcAu2,Computational Material,https://materialsproject.org/materials/mp-864803,HTTP 403
8103,LiTbHg2,Computational Material,https://materialsproject.org/materials/mp-864804,HTTP 403
8311,NaSmTl2,Computational Material,https://materialsproject.org/materials/mp-865109,HTTP 403
8370,LiEuTl2,Computational Material,https://materialsproject.org/materials/mp-865175,HTTP 403
8395,TmCdRh2,Semiconductor,https://materialsproject.org/materials/mp-865206,HTTP 403
8394,Dy2Ni7,Computational Material,https://materialsproject.org/materials/mp-865205,HTTP 403
5289,Mg14BiB,Computational Material,https://materialsproject.org/materials/mp-1026431,HTTP 403
8396,TmHfOs2,Computational Material,https://materialsproject.org/materials/mp-865209,HTTP 403
8397,TmLuMg2,Computational Material,https://materialsproject.org/materials/mp-865210,HTTP 403
8398,TmInRh2,Semiconductor,https://materialsproject.org/materials/mp-865211,HTTP 403
8373,Hf2IrRh,Computational Material,https://materialsproject.org/materials/mp-865178,HTTP 403
8374,Hf2FeOs,Computational Material,https://materialsproject.org/materials/mp-865179,HTTP 403
8383,MgH8(ClO6)2,Computational Material,https://materialsproject.org/materials/mp-865188,HTTP 403
8384,Lu3Ni7B2,Computational Material,https://materialsproject.org/materials/mp-865190,HTTP 403
8385,FeGeRu2,Semiconductor,https://materialsproject.org/materials/mp-865191,HTTP 403
8389,TmGaRh2,Semiconductor,https://materialsproject.org/materials/mp-865195,HTTP 403
8386,EuAg2Sn,Computational Material,https://materialsproject.org/materials/mp-865192,HTTP 403
8388,TmF3,Computational Material,https://materialsproject.org/materials/mp-865194,HTTP 403
8387,Co3Pt,Metal,https://materialsproject.org/materials/mp-865193,HTTP 403
8245,InC6(NCl3)2,Semiconductor,https://next-gen.materialsproject.org/materials/mp-865009,HTTP 403
4993,V2FeTe4,Metal,https://materialsproject.org/materials/mp-1025378,HTTP 403
4994,Tb2B4C,Computational Material,https://materialsproject.org/materials/mp-1025379,HTTP 403
4991,YGa5Co,Semiconductor,https://materialsproject.org/materials/mp-1025375,HTTP 403
4992,Cd(AgI2)2,Semiconductor,https://materialsproject.org/materials/mp-1025377,HTTP 403
5290,Mg14TiNb,Computational Material,https://materialsproject.org/materials/mp-1026432,HTTP 403
5297,Mg14CdGa,Semiconductor,https://materialsproject.org/materials/mp-1026439,HTTP 403
4999,AgPPt5,Metal,https://materialsproject.org/materials/mp-1025385,HTTP 403
5300,CsMg14Ti,Computational Material,https://materialsproject.org/materials/mp-1026442,HTTP 403
5292,Mg14TiCr,Computational Material,https://materialsproject.org/materials/mp-1026434,HTTP 403
5294,BaMg14Ti,Computational Material,https://materialsproject.org/materials/mp-1026436,HTTP 403
5295,Mg14CdSb,Semiconductor,https://materialsproject.org/materials/mp-1026437,HTTP 403
8399,Fe3Re,Computational Material,https://materialsproject.org/materials/mp-865212,HTTP 403
5299,Mg14CdBi,Semiconductor,https://materialsproject.org/materials/mp-1026441,HTTP 403
5004,LaSi2Ag,Semiconductor,https://materialsproject.org/materials/mp-1025390,HTTP 403
8402,TmHfRu2,Computational Material,https://materialsproject.org/materials/mp-865215,HTTP 403
8400,Ba8Bi4H2O,Computational Material,https://materialsproject.org/materials/mp-865213,HTTP 403
4831,K2NpO4,Computational Material,https://next-gen.materialsproject.org/materials/mp-1025162,HTTP 403
4830,InPPd5,Semiconductor,https://next-gen.materialsproject.org/materials/mp-1025161,HTTP 403
5301,SrMg14Ti,Computational Material,https://materialsproject.org/materials/mp-1026443,HTTP 403
8401,Lu2TcAg,Computational Material,https://materialsproject.org/materials/mp-865214,HTTP 403
5016,LuU2S3O2,Computational Material,https://materialsproject.org/materials/mp-1025410,HTTP 403
5005,TmSi2Ni,Semiconductor,https://materialsproject.org/materials/mp-1025393,HTTP 403
8405,YbTiO3,Ceramic,https://next-gen.materialsproject.org/materials/mp-753164,HTTP 403
5304,Mg14BiW,Computational Material,https://materialsproject.org/materials/mp-1026446,HTTP 403
5306,Mg14CdC,Semiconductor,https://materialsproject.org/materials/mp-1026448,HTTP 403
7949,K2ZnH4(I2O7)2,Ceramic,https://next-gen.materialsproject.org/materials/mp-863752,HTTP 403
5309,Mg14BW,Computational Material,https://materialsproject.org/materials/mp-1026451,HTTP 403
5310,HfMg14W,Computational Material,https://materialsproject.org/materials/mp-1026452,HTTP 403
5311,Mg14GaW,Semiconductor,https://materialsproject.org/materials/mp-1026453,HTTP 403
5031,YU2S3O2,Computational Material,https://materialsproject.org/materials/mp-1025436,HTTP 403
8403,Dy2PdRu,Computational Material,https://materialsproject.org/materials/mp-865216,HTTP 403
5316,Mg14WC,Metal,https://materialsproject.org/materials/mp-1026458,HTTP 403
8404,YbThRh2,Computational Material,https://materialsproject.org/materials/mp-865217,HTTP 403
5317,Mg14CdW,Semiconductor,https://materialsproject.org/materials/mp-1026459,HTTP 403
5315,Mg14BiMo,Computational Material,https://materialsproject.org/materials/mp-1026457,HTTP 403
5313,Mg14SbMo,Semiconductor,https://materialsproject.org/materials/mp-1026455,HTTP 403
5030,HoGa2Ni,Semiconductor,https://materialsproject.org/materials/mp-1025433,HTTP 403
5322,HfMg14Mo,Computational Material,https://materialsproject.org/materials/mp-1026464,HTTP 403
5326,Mg14CdMo,Semiconductor,https://materialsproject.org/materials/mp-1026468,HTTP 403
5328,HfMg14Cr,Computational Material,https://materialsproject.org/materials/mp-1026470,HTTP 403
8412,TmMgAu2,Computational Material,https://materialsproject.org/materials/mp-865225,HTTP 403
5332,Mg14BMo,Computational Material,https://materialsproject.org/materials/mp-1026474,HTTP 403
8410,LuMgCd2,Semiconductor,https://materialsproject.org/materials/mp-865223,HTTP 403
8409,Dy2RuRh,Computational Material,https://materialsproject.org/materials/mp-865222,HTTP 403
5339,Mg14CrSb,Semiconductor,https://materialsproject.org/materials/mp-1026481,HTTP 403
8411,Th2BiTe,Computational Material,https://materialsproject.org/materials/mp-865224,HTTP 403
5336,Mg14CrBi,Computational Material,https://materialsproject.org/materials/mp-1026478,HTTP 403
5335,Mg14GaMo,Semiconductor,https://materialsproject.org/materials/mp-1026477,HTTP 403
139,AISI 1030 Carbon Steel (Cold Drawn),Metal,https://matweb.com/search/QuickText.aspx?SearchText=AISI%201030,HTTP 403
5337,Mg14MoC,Metal,https://materialsproject.org/materials/mp-1026479,HTTP 403
5341,NaMg14Ti,Computational Material,https://materialsproject.org/materials/mp-1026483,HTTP 403
7668,Li2PmPb,Computational Material,https://materialsproject.org/materials/mp-862948,HTTP 403
7669,NaPmTl2,Computational Material,https://materialsproject.org/materials/mp-862949,HTTP 403
7673,PmSbAu2,Semiconductor,https://materialsproject.org/materials/mp-862953,HTTP 403
5343,Mg14CdB,Semiconductor,https://materialsproject.org/materials/mp-1026485,HTTP 403
5037,IrI3,Computational Material,https://materialsproject.org/materials/mp-1025442,HTTP 403
5449,CsMg14Cd,Semiconductor,https://materialsproject.org/materials/mp-1026592,HTTP 403
5345,Mg14CrC,Metal,https://materialsproject.org/materials/mp-1026487,HTTP 403
5465,RbMg14Bi,Computational Material,https://materialsproject.org/materials/mp-1026608,HTTP 403
5457,CsMg14Mo,Computational Material,https://materialsproject.org/materials/mp-1026600,HTTP 403
5450,CsMg14W,Computational Material,https://materialsproject.org/materials/mp-1026593,HTTP 403
5463,RbMg14Sb,Semiconductor,https://materialsproject.org/materials/mp-1026606,HTTP 403
5467,RbBaMg14,Computational Material,https://materialsproject.org/materials/mp-1026610,HTTP 403
5477,RbMg14Cd,Semiconductor,https://materialsproject.org/materials/mp-1026620,HTTP 403
5472,RbMg14Nb,Computational Material,https://materialsproject.org/materials/mp-1026615,HTTP 403
5451,RbHfMg14,Computational Material,https://materialsproject.org/materials/mp-1026594,HTTP 403
5476,RbMg14Cr,Computational Material,https://materialsproject.org/materials/mp-1026619,HTTP 403
5489,CsBaMg14,Computational Material,https://materialsproject.org/materials/mp-1026632,HTTP 403
5490,LiMg14Ti,Computational Material,https://materialsproject.org/materials/mp-1026633,HTTP 403
5479,RbMg14Ga,Semiconductor,https://materialsproject.org/materials/mp-1026622,HTTP 403
5478,Mg14SnSb,Semiconductor,https://materialsproject.org/materials/mp-1026621,HTTP 403
5481,RbMg14B,Computational Material,https://materialsproject.org/materials/mp-1026624,HTTP 403
5486,RbMg14C,Computational Material,https://materialsproject.org/materials/mp-1026629,HTTP 403
5485,RbMg14W,Computational Material,https://materialsproject.org/materials/mp-1026628,HTTP 403
5494,NaMg14Sb,Semiconductor,https://materialsproject.org/materials/mp-1026637,HTTP 403
5495,HfMg14Sn,Computational Material,https://materialsproject.org/materials/mp-1026638,HTTP 403
5493,NaHfMg14,Computational Material,https://materialsproject.org/materials/mp-1026636,HTTP 403
5496,CsRbMg14,Computational Material,https://materialsproject.org/materials/mp-1026639,HTTP 403
5509,NaMg14Ga,Semiconductor,https://materialsproject.org/materials/mp-1026652,HTTP 403
5503,NaMg14Cd,Semiconductor,https://materialsproject.org/materials/mp-1026646,HTTP 403
5513,NaMg14Cr,Computational Material,https://materialsproject.org/materials/mp-1026656,HTTP 403
5506,NaMg14Bi,Computational Material,https://materialsproject.org/materials/mp-1026649,HTTP 403
5511,Mg14SnC,Computational Material,https://materialsproject.org/materials/mp-1026654,HTTP 403
5512,NaMg14C,Computational Material,https://materialsproject.org/materials/mp-1026655,HTTP 403
5093,MnCu2SnTe4,Metal,https://materialsproject.org/materials/mp-1025532,HTTP 403
5094,PrGa2Ni,Semiconductor,https://materialsproject.org/materials/mp-1025536,HTTP 403
5514,NaMg14B,Computational Material,https://materialsproject.org/materials/mp-1026657,HTTP 403
5095,TmTe3,Computational Material,https://materialsproject.org/materials/mp-1025537,HTTP 403
5096,MnCu2SiTe4,Semiconductor,https://materialsproject.org/materials/mp-1025540,HTTP 403
4791,TbB2Ir3,Computational Material,https://materialsproject.org/materials/mp-1025075,HTTP 403
5098,Tl3VSe4,Metal,https://materialsproject.org/materials/mp-1025549,HTTP 403
5097,EuBrO2,Computational Material,https://materialsproject.org/materials/mp-1025545,HTTP 403
5515,KMg14Ti,Computational Material,https://materialsproject.org/materials/mp-1026658,HTTP 403
5524,RbNaMg14,Computational Material,https://materialsproject.org/materials/mp-1026667,HTTP 403
5518,NaMg14Mo,Computational Material,https://materialsproject.org/materials/mp-1026661,HTTP 403
5525,HfMg14Si,Semiconductor,https://materialsproject.org/materials/mp-1026668,HTTP 403
5527,NaMg14Nb,Computational Material,https://materialsproject.org/materials/mp-1026670,HTTP 403
5529,Mg14SiBi,Semiconductor,https://materialsproject.org/materials/mp-1026672,HTTP 403
5657,CeMg14B,Computational Material,https://materialsproject.org/materials/mp-1026810,HTTP 403
5656,RbCeMg14,Computational Material,https://materialsproject.org/materials/mp-1026809,HTTP 403
5662,LiMg14Nb,Computational Material,https://materialsproject.org/materials/mp-1026817,HTTP 403
5659,BaCeMg14,Computational Material,https://materialsproject.org/materials/mp-1026813,HTTP 403
5522,NaMg14W,Computational Material,https://materialsproject.org/materials/mp-1026665,HTTP 403
8513,Tm2MgRu,Computational Material,https://materialsproject.org/materials/mp-865363,HTTP 403
5530,RbMg14Mo,Computational Material,https://materialsproject.org/materials/mp-1026673,HTTP 403
5533,CsNaMg14,Computational Material,https://materialsproject.org/materials/mp-1026676,HTTP 403
1907,NaPrZrVO6,Ceramic,https://next-gen.materialsproject.org/materials/mp-1522132,HTTP 403
1917,SrSmTi4O12,Ceramic,https://next-gen.materialsproject.org/materials/mp-1522156,HTTP 403
5543,BaNaMg14,Computational Material,https://materialsproject.org/materials/mp-1026686,HTTP 403
5534,Mg14GaSi,Semiconductor,https://materialsproject.org/materials/mp-1026677,HTTP 403
1906,SrCaTbNbO6,Ceramic,https://next-gen.materialsproject.org/materials/mp-1522128,HTTP 403
5531,NaSrMg14,Computational Material,https://materialsproject.org/materials/mp-1026674,HTTP 403
5535,Mg14SiC,Semiconductor,https://materialsproject.org/materials/mp-1026678,HTTP 403
5541,Mg14SiMo,Semiconductor,https://materialsproject.org/materials/mp-1026684,HTTP 403
5544,Mg14SiB,Semiconductor,https://materialsproject.org/materials/mp-1026687,HTTP 403
5546,Mg14SiSb,Semiconductor,https://materialsproject.org/materials/mp-1026689,HTTP 403
1902,CaTbEuNbO6,Ceramic,https://next-gen.materialsproject.org/materials/mp-1522105,HTTP 403
1912,CaLaPrMnO6,Ceramic,https://next-gen.materialsproject.org/materials/mp-1522145,HTTP 403
1915,BaEuHfSnO6,Ceramic,https://next-gen.materialsproject.org/materials/mp-1522152,HTTP 403
5542,Mg14SiW,Semiconductor,https://materialsproject.org/materials/mp-1026685,HTTP 403
149,AISI 1055 Carbon Steel (Cold Drawn),Metal,https://matweb.com/search/QuickText.aspx?SearchText=AISI%201055,HTTP 403
2785,NaEuHfZrO6,Ceramic,https://next-gen.materialsproject.org/materials/mp-1522962,HTTP 403
8570,TiAlPd2,Metal,https://materialsproject.org/materials/mp-865441,HTTP 403
8571,TiAlOs2,Computational Material,https://materialsproject.org/materials/mp-865442,HTTP 403
8572,LuRh2Pb,Computational Material,https://materialsproject.org/materials/mp-865443,HTTP 403
1918,BaSrFeBiO6,Ceramic,https://next-gen.materialsproject.org/materials/mp-1522159,HTTP 403
2890,Ca2HfNbO6,Ceramic,https://next-gen.materialsproject.org/materials/mp-1523252,HTTP 403
1914,KIn(WO3)2,Semiconductor,https://materialsproject.org/materials/mp-1522151,HTTP 403
1911,CaDy(CoO3)4,Ceramic,https://materialsproject.org/materials/mp-1522144,HTTP 403
8514,DyTaRu2,Computational Material,https://materialsproject.org/materials/mp-865364,HTTP 403
8575,Lu2AgHg,Computational Material,https://materialsproject.org/materials/mp-865446,HTTP 403
2810,Eu2ZrVO6,Ceramic,https://next-gen.materialsproject.org/materials/mp-1523032,HTTP 403
2888,LiLaMn4O12,Ceramic,https://next-gen.materialsproject.org/materials/mp-1523240,HTTP 403
8574,Lu2AgAu,Computational Material,https://materialsproject.org/materials/mp-865445,HTTP 403
2784,NaSrNbSbO6,Semiconductor,https://materialsproject.org/materials/mp-1522961,HTTP 403
5668,CsLiMg14,Computational Material,https://materialsproject.org/materials/mp-1026823,HTTP 403
5667,KMg14W,Computational Material,https://materialsproject.org/materials/mp-1026822,HTTP 403
5666,KMg14Cr,Computational Material,https://materialsproject.org/materials/mp-1026821,HTTP 403
5679,KMg14Sb,Semiconductor,https://materialsproject.org/materials/mp-1026834,HTTP 403
5669,KMg14Cd,Semiconductor,https://materialsproject.org/materials/mp-1026824,HTTP 403
5672,KMg14B,Computational Material,https://materialsproject.org/materials/mp-1026827,HTTP 403
8577,TiGaRu2,Semiconductor,https://materialsproject.org/materials/mp-865448,HTTP 403
5664,BaLiMg14,Computational Material,https://materialsproject.org/materials/mp-1026819,HTTP 403
5671,KMg14Ga,Semiconductor,https://materialsproject.org/materials/mp-1026826,HTTP 403
2894,Eu2DySbO6,Semiconductor,https://materialsproject.org/materials/mp-1523259,HTTP 403
7674,PmPd3,Computational Material,https://materialsproject.org/materials/mp-862954,HTTP 403
5680,KMg14Bi,Computational Material,https://materialsproject.org/materials/mp-1026835,HTTP 403
8581,Lu2AgRu,Computational Material,https://materialsproject.org/materials/mp-865459,HTTP 403
5670,KMg14Mo,Computational Material,https://materialsproject.org/materials/mp-1026825,HTTP 403
2891,Sr2GaBiO6,Semiconductor,https://materialsproject.org/materials/mp-1523254,HTTP 403
2892,NdEu(FeO3)4,Ceramic,https://materialsproject.org/materials/mp-1523256,HTTP 403
12013,Silver-Copper Eutectic (72Ag-28Cu),Silver,https://www.matweb.com/search/datasheet_print.aspx?matguid=7f60ee352a634641bc63d09fc8b3a718,HTTP 403
12014,Silver-Palladium Alloy (70Ag-30Pd),Silver,https://www.sciencedirect.com/topics/pharmacology-toxicology-and-pharmaceutical-science/dental-alloy,HTTP 403
8583,LuZrCo2,Computational Material,https://materialsproject.org/materials/mp-865461,HTTP 403
6840,KSi2N3,Semiconductor,https://next-gen.materialsproject.org/materials/mp-1029418,HTTP 403
8582,CaCeAg2,Computational Material,https://materialsproject.org/materials/mp-865460,HTTP 403
8584,MnV2Os,Computational Material,https://materialsproject.org/materials/mp-865462,HTTP 403
9957,"ASTM Grade 70-50-05 (ISO 500-7, EN-JS 1050) Ductile Cast Iron",Metal,https://matweb.com/search/QuickText.aspx?SearchText=AISI%201050,HTTP 403
9959,"ASTM Grade 120-90-02 (ISO 800-2, EN-JS 1080) Ductile Cast Iron",Metal,https://matweb.com/search/QuickText.aspx?SearchText=AISI%201080,HTTP 403
5687,LiMg14Si,Semiconductor,https://materialsproject.org/materials/mp-1026842,HTTP 403
5684,NaLiMg14,Computational Material,https://materialsproject.org/materials/mp-1026839,HTTP 403
5681,KHfMg14,Computational Material,https://materialsproject.org/materials/mp-1026836,HTTP 403
5682,LiLaMg14,Computational Material,https://materialsproject.org/materials/mp-1026837,HTTP 403
5690,CsKMg14,Computational Material,https://materialsproject.org/materials/mp-1026845,HTTP 403
5689,KSrMg14,Computational Material,https://materialsproject.org/materials/mp-1026844,HTTP 403
8591,Ti2MnRu,Computational Material,https://materialsproject.org/materials/mp-865469,HTTP 403
5126,MoW2(Se2S)2,Metal,https://materialsproject.org/materials/mp-1025589,HTTP 403
5125,W3(Se2S)2,Metal,https://materialsproject.org/materials/mp-1025588,HTTP 403
1924,NaSrYWO6,Ceramic,https://next-gen.materialsproject.org/materials/mp-1522178,HTTP 403
8586,PmSi3,Semiconductor,https://materialsproject.org/materials/mp-865464,HTTP 403
8592,Ac2CuSn,Computational Material,https://materialsproject.org/materials/mp-865470,HTTP 403
5695,RbLiMg14,Computational Material,https://materialsproject.org/materials/mp-1026850,HTTP 403
8594,VSiTc2,Semiconductor,https://materialsproject.org/materials/mp-865472,HTTP 403
8593,VGaTc2,Semiconductor,https://materialsproject.org/materials/mp-865471,HTTP 403
1925,KLaNbFeO6,Ceramic,https://next-gen.materialsproject.org/materials/mp-1522180,HTTP 403
5694,KBaMg14,Computational Material,https://materialsproject.org/materials/mp-1026849,HTTP 403
8599,V2CrOs,Computational Material,https://materialsproject.org/materials/mp-865485,HTTP 403
8600,VZnRu2,Computational Material,https://materialsproject.org/materials/mp-865486,HTTP 403
8598,V2CrRe,Computational Material,https://materialsproject.org/materials/mp-865484,HTTP 403
1921,SrEuYWO6,Ceramic,https://next-gen.materialsproject.org/materials/mp-1522166,HTTP 403
1929,NaEuHfWO6,Ceramic,https://next-gen.materialsproject.org/materials/mp-1522189,HTTP 403
2984,TiPO4F,Ceramic,https://next-gen.materialsproject.org/materials/mp-1541018,HTTP 403
8597,Li2GdIn,Semiconductor,https://materialsproject.org/materials/mp-865483,HTTP 403
8596,VTc2Ge,Semiconductor,https://materialsproject.org/materials/mp-865482,HTTP 403
8601,VZnRh2,Computational Material,https://materialsproject.org/materials/mp-865487,HTTP 403
2779,NaNdEuWO6,Ceramic,https://next-gen.materialsproject.org/materials/mp-1516393,HTTP 403
8602,LuUTc2,Computational Material,https://materialsproject.org/materials/mp-865488,HTTP 403
5710,RbMg14Cu,Computational Material,https://materialsproject.org/materials/mp-1026865,HTTP 403
5711,CsMg14Cu,Computational Material,https://materialsproject.org/materials/mp-1026866,HTTP 403
1923,BaEuVSnO6,Ceramic,https://next-gen.materialsproject.org/materials/mp-1522177,HTTP 403
8603,Mg17Al11Ag,Computational Material,https://materialsproject.org/materials/mp-865489,HTTP 403
9974,"ASTM Grade 50 or 350 (ISO 350, EN-JL 1060, F13501) Grey Cast Iron",Metal,https://matweb.com/search/QuickText.aspx?SearchText=AISI%201060,HTTP 403
6931,Li2GeN2,Semiconductor,https://next-gen.materialsproject.org/materials/mp-1029776,HTTP 403
7544,LiScAu2,Computational Material,https://next-gen.materialsproject.org/materials/mp-862815,HTTP 403
1106,La,Computational Material,https://next-gen.materialsproject.org/materials/mp-26,HTTP 403
7241,LiMg6WO8,Ceramic,https://next-gen.materialsproject.org/materials/mp-1031191,HTTP 403
2985,Mg(ReO4)2,Computational Material,https://materialsproject.org/materials/mp-1541458,HTTP 403
2983,GeI2,Semiconductor,https://materialsproject.org/materials/mp-1540935,HTTP 403
7436,LiHf2Os,Computational Material,https://next-gen.materialsproject.org/materials/mp-862684,HTTP 403
8234,LiSiPd2,Semiconductor,https://next-gen.materialsproject.org/materials/mp-864997,HTTP 403
8418,LiScTl2,Computational Material,https://next-gen.materialsproject.org/materials/mp-865231,HTTP 403
2997,PAuO4,Ceramic,https://next-gen.materialsproject.org/materials/mp-1543052,HTTP 403
1922,SrHfInSbO6,Semiconductor,https://materialsproject.org/materials/mp-1522175,HTTP 403
9982,AWS ER100S-1 or ER69S-1 (K10882) Weld Metal,Metal,https://pdfcoffee.com/aws-a528-a528m-2005-5-pdf-free.html,HTTP 403
2993,SrMoO3,Ceramic,https://next-gen.materialsproject.org/materials/mp-1542758,HTTP 403
8318,LiSmTl2,Computational Material,https://next-gen.materialsproject.org/materials/mp-865116,HTTP 403
8604,V2CrFe,Metal,https://materialsproject.org/materials/mp-865490,HTTP 403
8110,LiTbAu2,Computational Material,https://next-gen.materialsproject.org/materials/mp-864824,HTTP 403
2988,Cs3As2Cl9,Semiconductor,https://materialsproject.org/materials/mp-1541714,HTTP 403
2990,CsTeAu,Metal,https://materialsproject.org/materials/mp-1541909,HTTP 403
2991,CsSnSe3,Computational Material,https://materialsproject.org/materials/mp-1542038,HTTP 403
2989,Rb2MgO2,Computational Material,https://materialsproject.org/materials/mp-1541753,HTTP 403
2987,Mn2As2O7,Semiconductor,https://materialsproject.org/materials/mp-1541585,HTTP 403
2995,BaMo(PO4)2,Ceramic,https://materialsproject.org/materials/mp-1542939,HTTP 403
2992,CsHg5Cl11,Computational Material,https://materialsproject.org/materials/mp-1542042,HTTP 403
2994,ZnCoF5,Metal,https://materialsproject.org/materials/mp-1542856,HTTP 403
2996,TiTlPS5,Metal,https://materialsproject.org/materials/mp-1542940,HTTP 403
2999,KFe(SO4)2,Ceramic,https://materialsproject.org/materials/mp-1543276,HTTP 403
3009,TbCo3,Computational Material,https://materialsproject.org/materials/mp-1545138,HTTP 403
8610,VIr3,Computational Material,https://materialsproject.org/materials/mp-865496,HTTP 403
8605,LuNiB4,Computational Material,https://materialsproject.org/materials/mp-865491,HTTP 403
8611,V2ReOs,Computational Material,https://materialsproject.org/materials/mp-865497,HTTP 403
3011,NaO2,Computational Material,https://materialsproject.org/materials/mp-1545216,HTTP 403
3000,CaAlSi,Semiconductor,https://materialsproject.org/materials/mp-1543882,HTTP 403
3012,Ta5S8,Metal,https://materialsproject.org/materials/mp-1545240,HTTP 403
8612,V2TcOs,Computational Material,https://materialsproject.org/materials/mp-865499,HTTP 403
3002,Nd2Si3Rh,Semiconductor,https://materialsproject.org/materials/mp-1544196,HTTP 403
3005,LiO8,Computational Material,https://materialsproject.org/materials/mp-1544600,HTTP 403
3003,BiPd,Computational Material,https://materialsproject.org/materials/mp-1544359,HTTP 403
3004,KF3,Computational Material,https://materialsproject.org/materials/mp-1544557,HTTP 403
8665,Ti2MnIr,Computational Material,https://materialsproject.org/materials/mp-865569,HTTP 403
8667,Li2ErTl,Computational Material,https://materialsproject.org/materials/mp-865573,HTTP 403
8666,CeAu3,Computational Material,https://materialsproject.org/materials/mp-865572,HTTP 403
8670,Li2ErIn,Semiconductor,https://materialsproject.org/materials/mp-865579,HTTP 403
2918,NdSmTi4O12,Ceramic,https://next-gen.materialsproject.org/materials/mp-1523345,HTTP 403
8668,Li2CdAu,Semiconductor,https://materialsproject.org/materials/mp-865577,HTTP 403
8669,LiNd2Ga,Semiconductor,https://materialsproject.org/materials/mp-865578,HTTP 403
8674,Y2Mg,Computational Material,https://materialsproject.org/materials/mp-865583,HTTP 403
8671,Li2DyIn,Semiconductor,https://materialsproject.org/materials/mp-865580,HTTP 403
8682,Y2ZnRu,Computational Material,https://materialsproject.org/materials/mp-865592,HTTP 403
8681,Ti2NiMo,Metal,https://materialsproject.org/materials/mp-865591,HTTP 403
8673,Li2CdPd,Semiconductor,https://materialsproject.org/materials/mp-865582,HTTP 403
8672,Li2DyTl,Computational Material,https://materialsproject.org/materials/mp-865581,HTTP 403
5713,Mg14CrCu,Computational Material,https://materialsproject.org/materials/mp-1026868,HTTP 403
8683,Lu2GaTc,Semiconductor,https://materialsproject.org/materials/mp-865593,HTTP 403
5712,RbMg14Co,Computational Material,https://materialsproject.org/materials/mp-1026867,HTTP 403
5718,SrMg14Cu,Computational Material,https://materialsproject.org/materials/mp-1026873,HTTP 403
5717,Mg14CuMo,Computational Material,https://materialsproject.org/materials/mp-1026872,HTTP 403
5714,Mg14NbCu,Computational Material,https://materialsproject.org/materials/mp-1026869,HTTP 403
8684,Y2CuIr,Computational Material,https://materialsproject.org/materials/mp-865594,HTTP 403
5715,Mg14CoSi,Semiconductor,https://materialsproject.org/materials/mp-1026870,HTTP 403
5719,Mg14CuB,Computational Material,https://materialsproject.org/materials/mp-1026874,HTTP 403
5721,Mg14CdCu,Semiconductor,https://materialsproject.org/materials/mp-1026876,HTTP 403
3033,LiV2NiO6,Ceramic,https://next-gen.materialsproject.org/materials/mp-1565491,HTTP 403
3015,Mn3Co,Metal,https://materialsproject.org/materials/mp-1545421,HTTP 403
3017,Tl5Se3,Computational Material,https://materialsproject.org/materials/mp-1545458,HTTP 403
3019,SrO2,Computational Material,https://materialsproject.org/materials/mp-1545805,HTTP 403
3020,Li2Sb,Semiconductor,https://materialsproject.org/materials/mp-1545896,HTTP 403
5702,NaMg14Cu,Computational Material,https://materialsproject.org/materials/mp-1026857,HTTP 403
5708,Mg14CuSi,Semiconductor,https://materialsproject.org/materials/mp-1026863,HTTP 403
5703,CsMg14Co,Computational Material,https://materialsproject.org/materials/mp-1026858,HTTP 403
3025,EuSb2,Semiconductor,https://materialsproject.org/materials/mp-1546120,HTTP 403
3021,Cu2HgI4,Metal,https://materialsproject.org/materials/mp-1545909,HTTP 403
3026,VBr3,Metal,https://materialsproject.org/materials/mp-1546306,HTTP 403
3024,ICl3,Computational Material,https://materialsproject.org/materials/mp-1546049,HTTP 403
3028,CsHgCl3,Computational Material,https://materialsproject.org/materials/mp-1546519,HTTP 403
8685,Lu2CuRu,Computational Material,https://materialsproject.org/materials/mp-865595,HTTP 403
8686,YLu3,Computational Material,https://materialsproject.org/materials/mp-865596,HTTP 403
5707,LiCeMg14,Computational Material,https://materialsproject.org/materials/mp-1026862,HTTP 403
3027,LaP5,Computational Material,https://materialsproject.org/materials/mp-1546340,HTTP 403
3030,Tb8Se15,Computational Material,https://materialsproject.org/materials/mp-1546645,HTTP 403
4809,LuCu2,Computational Material,https://materialsproject.org/materials/mp-1025122,HTTP 403
3031,Sr11Sb10,Semiconductor,https://materialsproject.org/materials/mp-1546669,HTTP 403
3032,Ca16Sb11,Semiconductor,https://materialsproject.org/materials/mp-1546836,HTTP 403
3867,RbLiMg6,Computational Material,https://materialsproject.org/materials/mp-1021290,HTTP 403
3865,RbLaMg6,Computational Material,https://materialsproject.org/materials/mp-1021288,HTTP 403
3866,CsLiMg6,Computational Material,https://materialsproject.org/materials/mp-1021289,HTTP 403
3868,LiMg6Cr,Computational Material,https://materialsproject.org/materials/mp-1021291,HTTP 403
3871,KMg6Bi,Computational Material,https://materialsproject.org/materials/mp-1021294,HTTP 403
3869,KMg6Cd,Semiconductor,https://materialsproject.org/materials/mp-1021292,HTTP 403
3874,KMg6Sb,Semiconductor,https://materialsproject.org/materials/mp-1021297,HTTP 403
3870,LiLaMg6,Computational Material,https://materialsproject.org/materials/mp-1021293,HTTP 403
5751,Mg14VCo,Computational Material,https://materialsproject.org/materials/mp-1026907,HTTP 403
3876,KBaMg6,Computational Material,https://materialsproject.org/materials/mp-1021299,HTTP 403
3877,KMg6Ga,Semiconductor,https://materialsproject.org/materials/mp-1021300,HTTP 403
3878,KMg6Cr,Computational Material,https://materialsproject.org/materials/mp-1021301,HTTP 403
5752,Mo3W(SeS)4,Metal,https://materialsproject.org/materials/mp-1026909,HTTP 403
5760,Te4MoW3(SeS)2,Metal,https://materialsproject.org/materials/mp-1026929,HTTP 403
5755,Te2MoWSeS,Metal,https://materialsproject.org/materials/mp-1026912,HTTP 403
5762,Te2Mo3W(Se2S)2,Metal,https://materialsproject.org/materials/mp-1026931,HTTP 403
5763,TeMo2SeS2,Metal,https://materialsproject.org/materials/mp-1026933,HTTP 403
5757,Te2Mo3W(SeS2)2,Metal,https://materialsproject.org/materials/mp-1026917,HTTP 403
5761,Te2MoW3(SeS2)2,Metal,https://materialsproject.org/materials/mp-1026930,HTTP 403
5770,MoWSe3S,Metal,https://materialsproject.org/materials/mp-1026974,HTTP 403
5769,Te4Mo3W(SeS)2,Metal,https://materialsproject.org/materials/mp-1026972,HTTP 403
5766,TeMoWSe2S,Metal,https://materialsproject.org/materials/mp-1026948,HTTP 403
5767,TeMo2Se2S,Metal,https://materialsproject.org/materials/mp-1026958,HTTP 403
5773,Te4MoW3S4,Metal,https://materialsproject.org/materials/mp-1026978,HTTP 403
5771,MoWSeS3,Metal,https://materialsproject.org/materials/mp-1026975,HTTP 403
5765,Mo3W(SeS3)2,Metal,https://materialsproject.org/materials/mp-1026946,HTTP 403
5775,Mo2Se3S,Metal,https://materialsproject.org/materials/mp-1026980,HTTP 403
3902,H4C,Computational Material,https://materialsproject.org/materials/mp-1021328,HTTP 403
5776,Te3MoWS,Metal,https://materialsproject.org/materials/mp-1026981,HTTP 403
5778,TeMoWSeS2,Metal,https://materialsproject.org/materials/mp-1026988,HTTP 403
5777,Te2Mo2SeS,Metal,https://materialsproject.org/materials/mp-1026983,HTTP 403
5781,Te2MoW3(Se2S)2,Metal,https://materialsproject.org/materials/mp-1027001,HTTP 403
5787,Te6MoW3S2,Metal,https://materialsproject.org/materials/mp-1027036,HTTP 403
5794,Te2Mo(WS2)3,Metal,https://materialsproject.org/materials/mp-1027070,HTTP 403
5802,MoW3(Se3S)2,Metal,https://materialsproject.org/materials/mp-1027096,HTTP 403
5805,Mo3W(Se3S)2,Metal,https://materialsproject.org/materials/mp-1027109,HTTP 403
5797,TeMoWS3,Metal,https://materialsproject.org/materials/mp-1027078,HTTP 403
3880,HfMg6Ti,Computational Material,https://materialsproject.org/materials/mp-1021303,HTTP 403
3881,KNaMg6,Computational Material,https://materialsproject.org/materials/mp-1021304,HTTP 403
3888,KMg6Nb,Computational Material,https://materialsproject.org/materials/mp-1021311,HTTP 403
3882,LiMg6Mo,Computational Material,https://materialsproject.org/materials/mp-1021305,HTTP 403
5988,Mg14CuNi,Computational Material,https://next-gen.materialsproject.org/materials/mp-1027871,HTTP 403
3890,KHfMg6,Computational Material,https://materialsproject.org/materials/mp-1021313,HTTP 403
3897,Mg6TiBi,Computational Material,https://materialsproject.org/materials/mp-1021320,HTTP 403
3891,Mg6TiB,Computational Material,https://materialsproject.org/materials/mp-1021314,HTTP 403
3903,Rb2Ge(S2O7)3,Semiconductor,https://materialsproject.org/materials/mp-1021330,HTTP 403
3906,Mg6TiNb,Computational Material,https://materialsproject.org/materials/mp-1021344,HTTP 403
3909,Mg6TiCd,Semiconductor,https://materialsproject.org/materials/mp-1021347,HTTP 403
3911,Mg6TiCr,Computational Material,https://materialsproject.org/materials/mp-1021349,HTTP 403
3919,BaLiMg6,Computational Material,https://materialsproject.org/materials/mp-1021357,HTTP 403
3913,Mg6TiW,Computational Material,https://materialsproject.org/materials/mp-1021351,HTTP 403
3910,KRbMg6,Computational Material,https://materialsproject.org/materials/mp-1021348,HTTP 403
3912,KMg6C,Computational Material,https://materialsproject.org/materials/mp-1021350,HTTP 403
3922,KMg6Si,Semiconductor,https://materialsproject.org/materials/mp-1021360,HTTP 403
3918,Mg6TiMo,Computational Material,https://materialsproject.org/materials/mp-1021356,HTTP 403
8692,Y2MgAl,Computational Material,https://materialsproject.org/materials/mp-865602,HTTP 403
8691,Lu2RuRh,Computational Material,https://materialsproject.org/materials/mp-865601,HTTP 403
3920,LiMg6Ti,Computational Material,https://materialsproject.org/materials/mp-1021358,HTTP 403
8695,YBr3,Computational Material,https://materialsproject.org/materials/mp-865605,HTTP 403
8693,Y2IrRh,Computational Material,https://materialsproject.org/materials/mp-865603,HTTP 403
8694,Li5Mg,Computational Material,https://materialsproject.org/materials/mp-865604,HTTP 403
8697,LuGaPd2,Semiconductor,https://materialsproject.org/materials/mp-865607,HTTP 403
8703,GaSiRu2,Semiconductor,https://materialsproject.org/materials/mp-865615,HTTP 403
8696,CsTaGeS5,Semiconductor,https://materialsproject.org/materials/mp-865606,HTTP 403
8705,Yb2AgIr,Computational Material,https://materialsproject.org/materials/mp-865616,HTTP 403
8701,MgRh3,Computational Material,https://materialsproject.org/materials/mp-865611,HTTP 403
8702,LiCd3,Semiconductor,https://materialsproject.org/materials/mp-865612,HTTP 403
8706,Li2HoIn,Semiconductor,https://materialsproject.org/materials/mp-865622,HTTP 403
8712,Yb2AgGe,Semiconductor,https://materialsproject.org/materials/mp-865630,HTTP 403
8709,Na2MgSn,Computational Material,https://materialsproject.org/materials/mp-865625,HTTP 403
8708,Li2HoTl,Computational Material,https://materialsproject.org/materials/mp-865624,HTTP 403
8711,Li2CeAl,Computational Material,https://materialsproject.org/materials/mp-865629,HTTP 403
8707,Lu2IrRh,Computational Material,https://materialsproject.org/materials/mp-865623,HTTP 403
8714,LuPaRu2,Computational Material,https://materialsproject.org/materials/mp-865639,HTTP 403
5370,Mg14NbCd,Semiconductor,https://next-gen.materialsproject.org/materials/mp-1026512,HTTP 403
155,AISI 1095 Carbon Steel (Cold Drawn),Metal,https://dl.asminternational.org/alloy-digest/article-pdf/33/1/CS-99/366293/ad_v33_01_cs-99.pdf,HTTP 403
4554,HfMg6Al,Computational Material,https://materialsproject.org/materials/mp-1023277,HTTP 403
3932,Mg6SnBi,Computational Material,https://materialsproject.org/materials/mp-1021372,HTTP 403
3931,Mg6SnSb,Semiconductor,https://materialsproject.org/materials/mp-1021371,HTTP 403
3928,Mg6TiSi,Semiconductor,https://materialsproject.org/materials/mp-1021368,HTTP 403
3938,Mg6CrSn,Computational Material,https://materialsproject.org/materials/mp-1021379,HTTP 403
4556,Mg6AlB,Computational Material,https://materialsproject.org/materials/mp-1023279,HTTP 403
3934,Mg6TiC,Metal,https://materialsproject.org/materials/mp-1021374,HTTP 403
3935,CsKMg6,Computational Material,https://materialsproject.org/materials/mp-1021376,HTTP 403
3939,Mg6CdSn,Semiconductor,https://materialsproject.org/materials/mp-1021380,HTTP 403
3930,HfMg6Sn,Computational Material,https://materialsproject.org/materials/mp-1021370,HTTP 403
4555,BaMg6Al,Computational Material,https://materialsproject.org/materials/mp-1023278,HTTP 403
10078,ACI-ASTM CF10SMnN (J92972) Cast Stainless Steel,Metal,https://app.aws.org/forum/topic_show.pl?tid=13097,HTTP 403
4557,Mg6AlCr,Computational Material,https://materialsproject.org/materials/mp-1023280,HTTP 403
8249,Mg2Cu,Computational Material,https://next-gen.materialsproject.org/materials/mp-2481,HTTP 403
4560,Mg6AlSi,Semiconductor,https://materialsproject.org/materials/mp-1023285,HTTP 403
4564,Mg6AlW,Computational Material,https://materialsproject.org/materials/mp-1023289,HTTP 403
8148,MgSnIr2,Computational Material,https://next-gen.materialsproject.org/materials/mp-864906,HTTP 403
8149,MgZrPd2,Computational Material,https://next-gen.materialsproject.org/materials/mp-864907,HTTP 403
8328,MgGaRh2,Semiconductor,https://next-gen.materialsproject.org/materials/mp-865125,HTTP 403
8152,MgZrRh2,Computational Material,https://next-gen.materialsproject.org/materials/mp-864910,HTTP 403
4568,Mg6AlMo,Computational Material,https://materialsproject.org/materials/mp-1023294,HTTP 403
4567,CaMg6Fe,Computational Material,https://materialsproject.org/materials/mp-1023293,HTTP 403
4566,RbCaMg6,Computational Material,https://materialsproject.org/materials/mp-1023291,HTTP 403
4569,NaMg6Al,Computational Material,https://materialsproject.org/materials/mp-1023295,HTTP 403
5731,LaMg14Co,Computational Material,https://materialsproject.org/materials/mp-1026886,HTTP 403
5732,Mg14CuC,Metal,https://materialsproject.org/materials/mp-1026887,HTTP 403
4574,RbMg6Al,Computational Material,https://materialsproject.org/materials/mp-1023300,HTTP 403
4586,LiMg6Al,Computational Material,https://materialsproject.org/materials/mp-1023320,HTTP 403
5733,BaMg14Cu,Computational Material,https://materialsproject.org/materials/mp-1026889,HTTP 403
4607,Mg6ZrAl,Computational Material,https://materialsproject.org/materials/mp-1023402,HTTP 403
4582,CaMg6Zr,Computational Material,https://materialsproject.org/materials/mp-1023312,HTTP 403
4589,CaMg6Si,Semiconductor,https://materialsproject.org/materials/mp-1023336,HTTP 403
4585,CaYMg6,Computational Material,https://materialsproject.org/materials/mp-1023319,HTTP 403
5729,Mg14GaCu,Semiconductor,https://materialsproject.org/materials/mp-1026884,HTTP 403
8247,Mn2NbAl,Metal,https://next-gen.materialsproject.org/materials/mp-865011,HTTP 403
5736,Mg14CuSb,Semiconductor,https://materialsproject.org/materials/mp-1026892,HTTP 403
4584,CaMg6Cu,Computational Material,https://materialsproject.org/materials/mp-1023314,HTTP 403
4611,HfMg15,Computational Material,https://materialsproject.org/materials/mp-1023478,HTTP 403
4606,KMg6Al,Computational Material,https://materialsproject.org/materials/mp-1023401,HTTP 403
4614,Mg6MnAl,Computational Material,https://materialsproject.org/materials/mp-1023481,HTTP 403
4615,Mg6AlCu,Computational Material,https://materialsproject.org/materials/mp-1023482,HTTP 403
4595,CeMg6Al,Computational Material,https://materialsproject.org/materials/mp-1023367,HTTP 403
4601,Mg6AlNi,Computational Material,https://materialsproject.org/materials/mp-1023396,HTTP 403
4591,CsMg6Al,Computational Material,https://materialsproject.org/materials/mp-1023360,HTTP 403
4600,Mg6AlSn,Computational Material,https://materialsproject.org/materials/mp-1023395,HTTP 403
4598,Mg6AlV,Computational Material,https://materialsproject.org/materials/mp-1023393,HTTP 403
4612,CaMg6Al,Computational Material,https://materialsproject.org/materials/mp-1023479,HTTP 403
4597,CaMg6Ni,Computational Material,https://materialsproject.org/materials/mp-1023382,HTTP 403
4616,Mg6AlZn,Computational Material,https://materialsproject.org/materials/mp-1023483,HTTP 403
8220,MnVRu2,Computational Material,https://next-gen.materialsproject.org/materials/mp-864983,HTTP 403
8771,Ga2IrRh,Semiconductor,https://materialsproject.org/materials/mp-865743,HTTP 403
8217,MnAlRu2,Computational Material,https://next-gen.materialsproject.org/materials/mp-864980,HTTP 403
8770,YbCdHg2,Semiconductor,https://materialsproject.org/materials/mp-865742,HTTP 403
8768,YbCdAg2,Semiconductor,https://materialsproject.org/materials/mp-865739,HTTP 403
8769,YbCdAu2,Semiconductor,https://materialsproject.org/materials/mp-865740,HTTP 403
8772,YbCdPd2,Semiconductor,https://materialsproject.org/materials/mp-865744,HTTP 403
8774,GaTc2W,Semiconductor,https://materialsproject.org/materials/mp-865746,HTTP 403
5996,Mg14TiCu,Computational Material,https://materialsproject.org/materials/mp-1027819,HTTP 403
5997,Mg14VCu,Computational Material,https://materialsproject.org/materials/mp-1027820,HTTP 403
5991,HfMg14Fe,Computational Material,https://materialsproject.org/materials/mp-1027813,HTTP 403
8775,Y2MgGe2,Semiconductor,https://materialsproject.org/materials/mp-865747,HTTP 403
5993,KMg14Co,Computational Material,https://materialsproject.org/materials/mp-1027815,HTTP 403
5747,Mg14CoNi,Computational Material,https://materialsproject.org/materials/mp-1026903,HTTP 403
8778,Li2TeO3,Computational Material,https://materialsproject.org/materials/mp-865750,HTTP 403
5994,Mg14CuSn,Computational Material,https://materialsproject.org/materials/mp-1027816,HTTP 403
8776,YbGaAu2,Semiconductor,https://materialsproject.org/materials/mp-865748,HTTP 403
5739,Mg14CuBi,Computational Material,https://materialsproject.org/materials/mp-1026895,HTTP 403
8779,YbDyRh2,Computational Material,https://materialsproject.org/materials/mp-865751,HTTP 403
5740,HfMg14Cu,Computational Material,https://materialsproject.org/materials/mp-1026896,HTTP 403
6008,Mg14ZrMo,Computational Material,https://materialsproject.org/materials/mp-1027837,HTTP 403
8780,YbGa2Ir,Semiconductor,https://materialsproject.org/materials/mp-865752,HTTP 403
6006,Mg14ZrW,Computational Material,https://materialsproject.org/materials/mp-1027835,HTTP 403
6004,Mg14ZrNb,Computational Material,https://materialsproject.org/materials/mp-1027833,HTTP 403
6010,NaMg14Zr,Computational Material,https://materialsproject.org/materials/mp-1027839,HTTP 403
6001,LaMg14Cu,Computational Material,https://materialsproject.org/materials/mp-1027830,HTTP 403
6015,Mg14ZrSi,Semiconductor,https://materialsproject.org/materials/mp-1027845,HTTP 403
6007,KMg14Cu,Computational Material,https://materialsproject.org/materials/mp-1027836,HTTP 403
6018,Mg14CoCu,Computational Material,https://materialsproject.org/materials/mp-1027849,HTTP 403
5929,Mo2SeS3,Metal,https://next-gen.materialsproject.org/materials/mp-1221485,HTTP 403
6005,Mg14ZrCr,Computational Material,https://materialsproject.org/materials/mp-1027834,HTTP 403
6016,Mg14GaFe,Semiconductor,https://materialsproject.org/materials/mp-1027847,HTTP 403
6017,SrMg14Zr,Computational Material,https://materialsproject.org/materials/mp-1027848,HTTP 403
6011,Mg14ZrCd,Semiconductor,https://materialsproject.org/materials/mp-1027840,HTTP 403
6024,BaMg14Zr,Computational Material,https://materialsproject.org/materials/mp-1027855,HTTP 403
6020,RbMg14Zr,Computational Material,https://materialsproject.org/materials/mp-1027851,HTTP 403
6023,Mg14ZrGa,Semiconductor,https://materialsproject.org/materials/mp-1027854,HTTP 403
6035,Mg14ZrB,Computational Material,https://materialsproject.org/materials/mp-1027866,HTTP 403
6047,Mg14TiFe,Computational Material,https://materialsproject.org/materials/mp-1027878,HTTP 403
6051,Mg14FeSi,Semiconductor,https://materialsproject.org/materials/mp-1027884,HTTP 403
6052,KMg14Fe,Computational Material,https://materialsproject.org/materials/mp-1027885,HTTP 403
6044,Mg14ZrC,Metal,https://materialsproject.org/materials/mp-1027875,HTTP 403
6030,CsMg14Zr,Computational Material,https://materialsproject.org/materials/mp-1027861,HTTP 403
6038,Mg14FeCu,Computational Material,https://materialsproject.org/materials/mp-1027869,HTTP 403
6039,Mg14ZrBi,Computational Material,https://materialsproject.org/materials/mp-1027870,HTTP 403
6029,CsMg14Fe,Computational Material,https://materialsproject.org/materials/mp-1027860,HTTP 403
6036,HfMg14Zr,Computational Material,https://materialsproject.org/materials/mp-1027867,HTTP 403
6028,BaMg14Fe,Computational Material,https://materialsproject.org/materials/mp-1027859,HTTP 403
6043,Mg14VFe,Computational Material,https://materialsproject.org/materials/mp-1027874,HTTP 403
6053,Mg14ZnB,Computational Material,https://materialsproject.org/materials/mp-1027886,HTTP 403
6196,Mg14MnCr,Computational Material,https://materialsproject.org/materials/mp-1028055,HTTP 403
6185,CsYMg14,Computational Material,https://materialsproject.org/materials/mp-1028044,HTTP 403
6060,Mg14ZnGa,Semiconductor,https://materialsproject.org/materials/mp-1027893,HTTP 403
6055,Mg14ZnCd,Semiconductor,https://materialsproject.org/materials/mp-1027888,HTTP 403
6200,Mg14MnMo,Computational Material,https://materialsproject.org/materials/mp-1028059,HTTP 403
6056,Mg14FeNi,Computational Material,https://materialsproject.org/materials/mp-1027889,HTTP 403
6062,LiMg14Fe,Computational Material,https://materialsproject.org/materials/mp-1027898,HTTP 403
6063,Mg14ZnSb,Semiconductor,https://materialsproject.org/materials/mp-1027899,HTTP 403
6186,LiYMg14,Computational Material,https://materialsproject.org/materials/mp-1028045,HTTP 403
1186,Na,Computational Material,https://next-gen.materialsproject.org/materials/mp-10172,HTTP 403
8028,Na3Np(HO3)2,Computational Material,https://next-gen.materialsproject.org/materials/mp-1180577,HTTP 403
8316,NaDyTl2,Computational Material,https://next-gen.materialsproject.org/materials/mp-865114,HTTP 403
6067,HfMg14Zn,Computational Material,https://materialsproject.org/materials/mp-1027904,HTTP 403
6074,Mg14ZrV,Computational Material,https://materialsproject.org/materials/mp-1027914,HTTP 403
6071,Mg14FeCo,Computational Material,https://materialsproject.org/materials/mp-1027908,HTTP 403
6068,Mg14ZnBi,Computational Material,https://materialsproject.org/materials/mp-1027905,HTTP 403
6066,Mg14ZnC,Metal,https://materialsproject.org/materials/mp-1027903,HTTP 403
6076,Mg14ZrCu,Computational Material,https://materialsproject.org/materials/mp-1027917,HTTP 403
6070,Mg14FeSn,Computational Material,https://materialsproject.org/materials/mp-1027907,HTTP 403
6077,Mg14ZrSn,Computational Material,https://materialsproject.org/materials/mp-1027918,HTTP 403
6218,HfMg14Mn,Computational Material,https://materialsproject.org/materials/mp-1028077,HTTP 403
6208,Mg14MnB,Computational Material,https://materialsproject.org/materials/mp-1028067,HTTP 403
8313,NaSmAu2,Computational Material,https://next-gen.materialsproject.org/materials/mp-865111,HTTP 403
6213,CeMg14Zn,Computational Material,https://materialsproject.org/materials/mp-1028072,HTTP 403
6211,Mg14MnW,Computational Material,https://materialsproject.org/materials/mp-1028070,HTTP 403
6210,Mg14MnSb,Semiconductor,https://materialsproject.org/materials/mp-1028069,HTTP 403
8331,NaSr2Tl,Computational Material,https://next-gen.materialsproject.org/materials/mp-865128,HTTP 403
6217,Mg14MnC,Metal,https://materialsproject.org/materials/mp-1028076,HTTP 403
6212,Mg14MnBi,Computational Material,https://materialsproject.org/materials/mp-1028071,HTTP 403
6221,Mg14MnCd,Semiconductor,https://materialsproject.org/materials/mp-1028080,HTTP 403
6241,YMg14Co,Computational Material,https://materialsproject.org/materials/mp-1028100,HTTP 403
6238,NaMg14Mn,Computational Material,https://materialsproject.org/materials/mp-1028097,HTTP 403
6247,CaMg14Nb,Computational Material,https://materialsproject.org/materials/mp-1028106,HTTP 403
6245,LaMg14Mn,Computational Material,https://materialsproject.org/materials/mp-1028104,HTTP 403
6249,BaCaMg14,Computational Material,https://materialsproject.org/materials/mp-1028108,HTTP 403
6242,KMg14Mn,Computational Material,https://materialsproject.org/materials/mp-1028101,HTTP 403
6239,YMg14Ni,Computational Material,https://materialsproject.org/materials/mp-1028098,HTTP 403
6244,CeYMg14,Computational Material,https://materialsproject.org/materials/mp-1028103,HTTP 403
6250,CaMg14Cr,Computational Material,https://materialsproject.org/materials/mp-1028109,HTTP 403
6255,CaMg14Mo,Computational Material,https://materialsproject.org/materials/mp-1028114,HTTP 403
6407,CeMg14Al,Computational Material,https://materialsproject.org/materials/mp-1028252,HTTP 403
6252,CaMg14W,Computational Material,https://materialsproject.org/materials/mp-1028111,HTTP 403
6258,RbMg14Mn,Computational Material,https://materialsproject.org/materials/mp-1028117,HTTP 403
6261,CaMg14C,Computational Material,https://materialsproject.org/materials/mp-1028120,HTTP 403
10597,EN 1.1192 (C45EC) Non-Alloy Steel,Metal,https://dl.asminternational.org/alloy-digest/article-pdf/71/2/CS-217/653647/ad_v71_02_cs-217.pdf,HTTP 403
8125,NbC2NCl8,Metal,https://next-gen.materialsproject.org/materials/mp-864879,HTTP 403
4856,Nb2VSe4,Metal,https://next-gen.materialsproject.org/materials/mp-1025195,HTTP 403
6843,NbZn2N3,Metal,https://next-gen.materialsproject.org/materials/mp-1029422,HTTP 403
6265,CaMg14Ga,Semiconductor,https://materialsproject.org/materials/mp-1028124,HTTP 403
6259,CaMg14B,Computational Material,https://materialsproject.org/materials/mp-1028118,HTTP 403
6266,CaHfMg14,Computational Material,https://materialsproject.org/materials/mp-1028125,HTTP 403
8111,NbZnRh2,Computational Material,https://next-gen.materialsproject.org/materials/mp-864831,HTTP 403
8042,Nd2In8Pd,Semiconductor,https://next-gen.materialsproject.org/materials/mp-864685,HTTP 403
8030,Nd3SiAgS7,Semiconductor,https://next-gen.materialsproject.org/materials/mp-864666,HTTP 403
8136,NdAgHg2,Computational Material,https://next-gen.materialsproject.org/materials/mp-864893,HTTP 403
8032,NdSnAu2,Computational Material,https://next-gen.materialsproject.org/materials/mp-864668,HTTP 403
6269,CaMg14Sb,Semiconductor,https://materialsproject.org/materials/mp-1028128,HTTP 403
6267,CaMg14Bi,Computational Material,https://materialsproject.org/materials/mp-1028126,HTTP 403
6270,YMg14Mn,Computational Material,https://materialsproject.org/materials/mp-1028129,HTTP 403
6282,Mg14MnCu,Computational Material,https://materialsproject.org/materials/mp-1028141,HTTP 403
6448,SrMg14V,Computational Material,https://materialsproject.org/materials/mp-1028294,HTTP 403
6278,Mg14ZrMn,Computational Material,https://materialsproject.org/materials/mp-1028137,HTTP 403
6272,CeMg14Mn,Computational Material,https://materialsproject.org/materials/mp-1028131,HTTP 403
6274,Mg14MnZn,Computational Material,https://materialsproject.org/materials/mp-1028133,HTTP 403
6452,BaMg14V,Computational Material,https://materialsproject.org/materials/mp-1028298,HTTP 403
6451,Mg14VCr,Computational Material,https://materialsproject.org/materials/mp-1028297,HTTP 403
6455,Mg14VMo,Computational Material,https://materialsproject.org/materials/mp-1028301,HTTP 403
6457,NaMg14V,Computational Material,https://materialsproject.org/materials/mp-1028303,HTTP 403
6456,Mg14VSi,Semiconductor,https://materialsproject.org/materials/mp-1028302,HTTP 403
6464,RbMg14V,Computational Material,https://materialsproject.org/materials/mp-1028310,HTTP 403
6460,LaMg14Sn,Computational Material,https://materialsproject.org/materials/mp-1028306,HTTP 403
6471,LaMg14V,Computational Material,https://materialsproject.org/materials/mp-1028318,HTTP 403
6466,CsMg14V,Computational Material,https://materialsproject.org/materials/mp-1028312,HTTP 403
6476,KMg14V,Computational Material,https://materialsproject.org/materials/mp-1028323,HTTP 403
6483,Mg14TiV,Computational Material,https://materialsproject.org/materials/mp-1028330,HTTP 403
6467,LiMg14V,Computational Material,https://materialsproject.org/materials/mp-1028313,HTTP 403
6474,Mg14VSn,Computational Material,https://materialsproject.org/materials/mp-1028321,HTTP 403
6788,Ca(ZnN)2,Metal,https://materialsproject.org/materials/mp-1029258,HTTP 403
6478,Mg14NiBi,Computational Material,https://materialsproject.org/materials/mp-1028325,HTTP 403
6484,Mg14CdNi,Semiconductor,https://materialsproject.org/materials/mp-1028331,HTTP 403
6490,HfMg14Ni,Computational Material,https://materialsproject.org/materials/mp-1028337,HTTP 403
6494,Mg14NiW,Computational Material,https://materialsproject.org/materials/mp-1028341,HTTP 403
6493,Mg14NiSb,Semiconductor,https://materialsproject.org/materials/mp-1028340,HTTP 403
6496,Mg14NiC,Metal,https://materialsproject.org/materials/mp-1028343,HTTP 403
6497,RbMg14Ni,Computational Material,https://materialsproject.org/materials/mp-1028344,HTTP 403
6498,Mg14CrNi,Computational Material,https://materialsproject.org/materials/mp-1028345,HTTP 403
6501,Mg14NiB,Computational Material,https://materialsproject.org/materials/mp-1028348,HTTP 403
6792,Mg2ZnN2,Metal,https://materialsproject.org/materials/mp-1029265,HTTP 403
8781,YbErPd2,Computational Material,https://materialsproject.org/materials/mp-865753,HTTP 403
8782,YbCeHg2,Computational Material,https://materialsproject.org/materials/mp-865755,HTTP 403
8783,YbGaPd2,Semiconductor,https://materialsproject.org/materials/mp-865756,HTTP 403
8785,YbGeO3,Semiconductor,https://materialsproject.org/materials/mp-865758,HTTP 403
8784,YbGaRh2,Semiconductor,https://materialsproject.org/materials/mp-865757,HTTP 403
8786,YbHfRh2,Computational Material,https://materialsproject.org/materials/mp-865759,HTTP 403
8787,ThZnRh2,Computational Material,https://materialsproject.org/materials/mp-865761,HTTP 403
8788,TlW2(Cl3O)2,Ceramic,https://materialsproject.org/materials/mp-865762,HTTP 403
6801,CsVN2,Metal,https://materialsproject.org/materials/mp-1029293,HTTP 403
8867,TmCdAg2,Semiconductor,https://materialsproject.org/materials/mp-865873,HTTP 403
8797,YbCeZn2,Computational Material,https://materialsproject.org/materials/mp-865781,HTTP 403
8796,TiMn2Ga,Semiconductor,https://materialsproject.org/materials/mp-865780,HTTP 403
8866,LiZr2Re,Computational Material,https://materialsproject.org/materials/mp-865872,HTTP 403
8798,Yb3SiO,Semiconductor,https://materialsproject.org/materials/mp-865782,HTTP 403
8799,YbHoRh2,Computational Material,https://materialsproject.org/materials/mp-865783,HTTP 403
8807,BeSiNi2,Semiconductor,https://materialsproject.org/materials/mp-865792,HTTP 403
6802,LiSn2N3,Computational Material,https://materialsproject.org/materials/mp-1029294,HTTP 403
8800,YbHfIr2,Computational Material,https://materialsproject.org/materials/mp-865785,HTTP 403
8808,LiSc2Rh,Computational Material,https://materialsproject.org/materials/mp-865793,HTTP 403
8801,CrPd3,Metal,https://materialsproject.org/materials/mp-865786,HTTP 403
8809,LaYbHg2,Computational Material,https://materialsproject.org/materials/mp-865794,HTTP 403
8812,LuCo2Sn,Computational Material,https://materialsproject.org/materials/mp-865797,HTTP 403
8810,LiSc2Ru,Computational Material,https://materialsproject.org/materials/mp-865795,HTTP 403
8813,GaCu3,Semiconductor,https://materialsproject.org/materials/mp-865798,HTTP 403
8811,LuCdRh2,Semiconductor,https://materialsproject.org/materials/mp-865796,HTTP 403
6824,CaHfN2,Metal,https://materialsproject.org/materials/mp-1029359,HTTP 403
8869,Li3Ag,Computational Material,https://materialsproject.org/materials/mp-865875,HTTP 403
8870,Ti2TcOs,Computational Material,https://materialsproject.org/materials/mp-865876,HTTP 403
6825,MnCoN2,Metal,https://materialsproject.org/materials/mp-1029367,HTTP 403
8871,Ti2RePt,Computational Material,https://materialsproject.org/materials/mp-865877,HTTP 403
4818,NpNi5,Computational Material,https://next-gen.materialsproject.org/materials/mp-1025137,HTTP 403
8048,PaCu2Sn,Computational Material,https://next-gen.materialsproject.org/materials/mp-864717,HTTP 403
6826,Mg2VN3,Metal,https://materialsproject.org/materials/mp-1029368,HTTP 403
8874,Yb(Mg4Al3)4,Computational Material,https://materialsproject.org/materials/mp-865880,HTTP 403
6827,BaTiN2,Metal,https://materialsproject.org/materials/mp-1029374,HTTP 403
10602,EN 1.1061 (C45RC) Non-Alloy Steel,Metal,https://dl.asminternational.org/alloy-digest/article-pdf/71/2/CS-217/653647/ad_v71_02_cs-217.pdf,HTTP 403
6829,Mg2SbN3,Semiconductor,https://materialsproject.org/materials/mp-1029378,HTTP 403
6828,BaCN2,Computational Material,https://materialsproject.org/materials/mp-1029375,HTTP 403
6832,Li2SnN2,Computational Material,https://materialsproject.org/materials/mp-1029385,HTTP 403
6837,KGe2N3,Semiconductor,https://materialsproject.org/materials/mp-1029404,HTTP 403
6836,RbGe2N3,Semiconductor,https://materialsproject.org/materials/mp-1029403,HTTP 403
9411,6061 T6 Aluminum,Metal,https://matweb.com/search/QuickText.aspx?SearchText=Aluminum%206061,HTTP 403
4624,Mg6AlCo,Computational Material,https://materialsproject.org/materials/mp-1023491,HTTP 403
6838,NaCrN2,Metal,https://materialsproject.org/materials/mp-1029407,HTTP 403
4625,Mg15W,Computational Material,https://materialsproject.org/materials/mp-1023492,HTTP 403
4623,Mg15Cr,Computational Material,https://materialsproject.org/materials/mp-1023490,HTTP 403
4626,LiMg15,Computational Material,https://materialsproject.org/materials/mp-1023493,HTTP 403
4627,Mg6AlFe,Computational Material,https://materialsproject.org/materials/mp-1023494,HTTP 403
4628,Mg15Bi,Computational Material,https://materialsproject.org/materials/mp-1023495,HTTP 403
9347,5042 H18 Aluminum,Metal,https://www.matweb.com/Search/MaterialGroupSearch.aspx?GroupID=205,HTTP 403
4914,Pr2AlNO3,Ceramic,https://next-gen.materialsproject.org/materials/mp-1025277,HTTP 403
6845,Mg2TaN3,Metal,https://materialsproject.org/materials/mp-1029442,HTTP 403
6847,CaGeN2,Semiconductor,https://materialsproject.org/materials/mp-1029446,HTTP 403
6846,KCoN,Metal,https://materialsproject.org/materials/mp-1029444,HTTP 403
6839,Mg2NbN3,Metal,https://materialsproject.org/materials/mp-1029408,HTTP 403
6848,Li5OsN4,Computational Material,https://materialsproject.org/materials/mp-1029448,HTTP 403
6849,Ba(CoN)2,Metal,https://materialsproject.org/materials/mp-1029457,HTTP 403
3947,KLaMg6,Computational Material,https://materialsproject.org/materials/mp-1021388,HTTP 403
6850,Zn2CrN3,Metal,https://materialsproject.org/materials/mp-1029458,HTTP 403
3952,KMg6Mo,Computational Material,https://materialsproject.org/materials/mp-1021393,HTTP 403
3949,Mg6SnMo,Computational Material,https://materialsproject.org/materials/mp-1021390,HTTP 403
6851,NaNiN,Metal,https://materialsproject.org/materials/mp-1029466,HTTP 403
3951,Mg6SnC,Computational Material,https://materialsproject.org/materials/mp-1021392,HTTP 403
6904,Ca4ZrN4,Metal,https://materialsproject.org/materials/mp-1029660,HTTP 403
6852,ZnSnN2,Metal,https://materialsproject.org/materials/mp-1029469,HTTP 403
4920,PrIn5Rh,Semiconductor,https://materialsproject.org/materials/mp-1025283,HTTP 403
4921,Ce2Re2Si2C,Semiconductor,https://materialsproject.org/materials/mp-1025285,HTTP 403
4917,Sr2Cu(OF)2,Ceramic,https://materialsproject.org/materials/mp-1025280,HTTP 403
4918,Ti2NiSe4,Metal,https://materialsproject.org/materials/mp-1025281,HTTP 403
4923,TbGa5Co,Semiconductor,https://materialsproject.org/materials/mp-1025288,HTTP 403
4924,La2Fe2Si2C,Semiconductor,https://materialsproject.org/materials/mp-1025290,HTTP 403
4922,Rb2ZnF4,Metal,https://materialsproject.org/materials/mp-1025286,HTTP 403
4919,Ti(VTe2)2,Metal,https://materialsproject.org/materials/mp-1025282,HTTP 403
4925,Ti(NbSe2)2,Metal,https://materialsproject.org/materials/mp-1025291,HTTP 403
4926,InAsPd5,Semiconductor,https://materialsproject.org/materials/mp-1025293,HTTP 403
4927,CdAsPd5,Semiconductor,https://materialsproject.org/materials/mp-1025294,HTTP 403
4928,SnPPd5,Metal,https://materialsproject.org/materials/mp-1025296,HTTP 403
4088,Mg6NiB,Computational Material,https://materialsproject.org/materials/mp-1021796,HTTP 403
4943,Nd2PdO4,Ceramic,https://next-gen.materialsproject.org/materials/mp-1025319,HTTP 403
4940,Mn(AlS2)2,Metal,https://materialsproject.org/materials/mp-1025314,HTTP 403
4089,KMg6V,Computational Material,https://materialsproject.org/materials/mp-1021848,HTTP 403
4941,Mn(AlTe2)2,Metal,https://materialsproject.org/materials/mp-1025315,HTTP 403
5263,HfMg14Ga,Semiconductor,https://materialsproject.org/materials/mp-1026405,HTTP 403
4930,Tl2CdTe4,Semiconductor,https://materialsproject.org/materials/mp-1025299,HTTP 403
4933,Zr(TiGa2)2,Semiconductor,https://materialsproject.org/materials/mp-1025304,HTTP 403
4931,GaPPd5,Semiconductor,https://materialsproject.org/materials/mp-1025301,HTTP 403
4935,AlAsPt5,Semiconductor,https://materialsproject.org/materials/mp-1025306,HTTP 403
4934,Nb2CuS4,Metal,https://materialsproject.org/materials/mp-1025305,HTTP 403
4932,HgPPd5,Metal,https://materialsproject.org/materials/mp-1025302,HTTP 403
4936,Pr(Re2Si)2,Semiconductor,https://materialsproject.org/materials/mp-1025309,HTTP 403
4937,CdAsPt5,Semiconductor,https://materialsproject.org/materials/mp-1025311,HTTP 403
4938,Mn(NbS2)2,Metal,https://materialsproject.org/materials/mp-1025312,HTTP 403
4942,Co(NiSe2)2,Metal,https://materialsproject.org/materials/mp-1025318,HTTP 403
1932,KBaSmMnO6,Ceramic,https://next-gen.materialsproject.org/materials/mp-1522193,HTTP 403
1831,KEuNbBiO6,Ceramic,https://next-gen.materialsproject.org/materials/mp-1521887,HTTP 403
7677,PmSbPd2,Semiconductor,https://materialsproject.org/materials/mp-862957,HTTP 403
7678,PmRh2Pb,Computational Material,https://materialsproject.org/materials/mp-862958,HTTP 403
7684,PmSmMg2,Computational Material,https://materialsproject.org/materials/mp-862964,HTTP 403
4944,Ho2Re2Si2C,Semiconductor,https://materialsproject.org/materials/mp-1025320,HTTP 403
7683,PmSnPd2,Computational Material,https://materialsproject.org/materials/mp-862963,HTTP 403
4945,Rb2Cr(BrCl)2,Metal,https://materialsproject.org/materials/mp-1025321,HTTP 403
4946,V(CoSe2)2,Metal,https://materialsproject.org/materials/mp-1025322,HTTP 403
1833,BaLaEuWO6,Ceramic,https://next-gen.materialsproject.org/materials/mp-1521896,HTTP 403
4947,Dy2Cr2C3,Metal,https://materialsproject.org/materials/mp-1025323,HTTP 403
2641,KNdSnWO6,Ceramic,https://next-gen.materialsproject.org/materials/mp-1522724,HTTP 403
7681,PmSnRh2,Computational Material,https://materialsproject.org/materials/mp-862961,HTTP 403
7676,PmSnAu2,Computational Material,https://materialsproject.org/materials/mp-862956,HTTP 403
7682,CaLaZn2,Computational Material,https://materialsproject.org/materials/mp-862962,HTTP 403
2639,BaSrPrCoO6,Ceramic,https://next-gen.materialsproject.org/materials/mp-1522515,HTTP 403
6908,BaGe7N10,Semiconductor,https://materialsproject.org/materials/mp-1029679,HTTP 403
2635,BaSrPrHfO6,Ceramic,https://next-gen.materialsproject.org/materials/mp-1522632,HTTP 403
6906,KCrN2,Metal,https://materialsproject.org/materials/mp-1029673,HTTP 403
6907,In2(CN2)3,Semiconductor,https://materialsproject.org/materials/mp-1029677,HTTP 403
1682,Sr3Ga2(GeO4)3,Semiconductor,https://materialsproject.org/materials/mp-aaaiejet,HTTP 403
6909,Sr3OsN3,Computational Material,https://materialsproject.org/materials/mp-1029686,HTTP 403
1926,NaLa(SeO3)4,Computational Material,https://materialsproject.org/materials/mp-1522181,HTTP 403
2634,BaCeEuNbO6,Ceramic,https://next-gen.materialsproject.org/materials/mp-1522522,HTTP 403
2750,BaCaEuWO6,Ceramic,https://next-gen.materialsproject.org/materials/mp-1520996,HTTP 403
1830,BaCe2EuO6,Computational Material,https://materialsproject.org/materials/mp-1521886,HTTP 403
2748,BaNaLaMnO6,Ceramic,https://next-gen.materialsproject.org/materials/mp-1522946,HTTP 403
7918,Pm2IrPt,Computational Material,https://next-gen.materialsproject.org/materials/mp-863721,HTTP 403
1678,Mg3Sc2(GeO4)3,Semiconductor,https://materialsproject.org/materials/mp-aaaiejdz,HTTP 403
7904,Pm2MgTl,Computational Material,https://next-gen.materialsproject.org/materials/mp-863704,HTTP 403
2630,BaNd(FeO3)4,Ceramic,https://materialsproject.org/materials/mp-1522481,HTTP 403
2637,BaEuYBiO6,Computational Material,https://materialsproject.org/materials/mp-1522506,HTTP 403
4948,SiSnPt5,Semiconductor,https://materialsproject.org/materials/mp-1025324,HTTP 403
4949,NpGa5Co,Semiconductor,https://materialsproject.org/materials/mp-1025325,HTTP 403
2628,Sr2YBiO6,Computational Material,https://materialsproject.org/materials/mp-1522479,HTTP 403
4955,Lu(TiGa2)2,Semiconductor,https://materialsproject.org/materials/mp-1025335,HTTP 403
4951,TlSiPt5,Semiconductor,https://materialsproject.org/materials/mp-1025329,HTTP 403
4950,Tb2Mo2C3,Metal,https://materialsproject.org/materials/mp-1025326,HTTP 403
4959,Cu2WSe4,Metal,https://materialsproject.org/materials/mp-1025340,HTTP 403
4957,Tl2CuF4,Metal,https://materialsproject.org/materials/mp-1025338,HTTP 403
4958,Y2Fe2Si2C,Semiconductor,https://materialsproject.org/materials/mp-1025339,HTTP 403
2645,BaCaBiSbO6,Semiconductor,https://materialsproject.org/materials/mp-1522525,HTTP 403
5064,LaZn2Co,Computational Material,https://materialsproject.org/materials/mp-1025485,HTTP 403
4961,Mn(NCl2)2,Metal,https://materialsproject.org/materials/mp-1025343,HTTP 403
4962,V(CrTe2)2,Metal,https://materialsproject.org/materials/mp-1025344,HTTP 403
2650,BaCaLaSbO6,Semiconductor,https://materialsproject.org/materials/mp-1522537,HTTP 403
5065,SmSi,Semiconductor,https://materialsproject.org/materials/mp-1025489,HTTP 403
4893,Sm2Re2Si2C,Semiconductor,https://materialsproject.org/materials/mp-1025249,HTTP 403
5118,W3(SeS2)2,Metal,https://materialsproject.org/materials/mp-1025577,HTTP 403
5119,Te2W3(SeS)2,Metal,https://materialsproject.org/materials/mp-1025578,HTTP 403
2898,BaCa(SnO3)4,Computational Material,https://materialsproject.org/materials/mp-1523289,HTTP 403
3007,NpCl4,Computational Material,https://materialsproject.org/materials/mp-1544973,HTTP 403
7912,Pm2NiRh,Computational Material,https://next-gen.materialsproject.org/materials/mp-863714,HTTP 403
3008,SbBr3,Semiconductor,https://materialsproject.org/materials/mp-1545003,HTTP 403
2910,Sr2GdSbO6,Semiconductor,https://materialsproject.org/materials/mp-1523327,HTTP 403
2941,O2,Computational Material,https://materialsproject.org/materials/mp-1524452,HTTP 403
3034,SrLa3Mn4O12,Ceramic,https://next-gen.materialsproject.org/materials/mp-1218257,HTTP 403
2929,F2,Computational Material,https://materialsproject.org/materials/mp-1523415,HTTP 403
2773,SrDy(FeO3)4,Ceramic,https://materialsproject.org/materials/mp-1522927,HTTP 403
2780,BaPrInWO6,Semiconductor,https://materialsproject.org/materials/mp-1522945,HTTP 403
5123,Te2W3S4,Metal,https://materialsproject.org/materials/mp-1025586,HTTP 403
2944,CeAu2,Computational Material,https://materialsproject.org/materials/mp-1524494,HTTP 403
5122,Te4Mo(WSe)2,Metal,https://materialsproject.org/materials/mp-1025585,HTTP 403
2935,KI,Computational Material,https://materialsproject.org/materials/mp-1524274,HTTP 403
5124,Te4W3S2,Metal,https://materialsproject.org/materials/mp-1025587,HTTP 403
5129,Te4Mo2WSe2,Metal,https://materialsproject.org/materials/mp-1025626,HTTP 403
5132,Te2Mo(WS2)2,Metal,https://materialsproject.org/materials/mp-1025648,HTTP 403
5134,Te2MoW2(SeS)2,Metal,https://materialsproject.org/materials/mp-1025652,HTTP 403
7930,Pm2RuAu,Computational Material,https://next-gen.materialsproject.org/materials/mp-863733,HTTP 403
3036,NaCaFe2(SiO3)4,Semiconductor,https://materialsproject.org/materials/mp-1565615,HTTP 403
3038,Ca2MnSbO6,Semiconductor,https://materialsproject.org/materials/mp-1566038,HTTP 403
5135,Te4Mo2WS2,Metal,https://materialsproject.org/materials/mp-1025654,HTTP 403
5140,Te2Mo2WSe4,Metal,https://materialsproject.org/materials/mp-1025668,HTTP 403
5147,Te4Mo(WS)2,Metal,https://materialsproject.org/materials/mp-1025691,HTTP 403
5144,Te4Mo3Se2,Metal,https://materialsproject.org/materials/mp-1025685,HTTP 403
5138,MoW2(SeS2)2,Metal,https://materialsproject.org/materials/mp-1025663,HTTP 403
5179,Mo3(Se2S)2,Metal,https://materialsproject.org/materials/mp-1025819,HTTP 403
5142,Te6MoW2,Metal,https://materialsproject.org/materials/mp-1025678,HTTP 403
5155,Te2Mo3Se4,Metal,https://materialsproject.org/materials/mp-1025728,HTTP 403
5145,Mo(WS3)2,Metal,https://materialsproject.org/materials/mp-1025689,HTTP 403
5190,MoS2,Metal,https://materialsproject.org/materials/mp-1025874,HTTP 403
5183,Te2Mo2WS4,Metal,https://materialsproject.org/materials/mp-1025838,HTTP 403
5186,Te2Mo3(SeS)2,Metal,https://materialsproject.org/materials/mp-1025853,HTTP 403
5203,Mo2WS6,Metal,https://materialsproject.org/materials/mp-1025911,HTTP 403
5210,Mo3(SeS2)2,Metal,https://materialsproject.org/materials/mp-1025925,HTTP 403
4905,Pu2W2C3,Metal,https://materialsproject.org/materials/mp-1025268,HTTP 403
5198,Mo2W(SeS2)2,Metal,https://materialsproject.org/materials/mp-1025896,HTTP 403
5174,MoSe2,Metal,https://materialsproject.org/materials/mp-1025799,HTTP 403
5167,Te4Mo3S2,Metal,https://materialsproject.org/materials/mp-1025769,HTTP 403
5177,Mo2WSe6,Metal,https://materialsproject.org/materials/mp-1025815,HTTP 403
8372,GdNiB4,Computational Material,https://materialsproject.org/materials/mp-865177,HTTP 403
5163,Mo2W(Se2S)2,Metal,https://materialsproject.org/materials/mp-1025748,HTTP 403
7613,PmCdAu2,Semiconductor,https://next-gen.materialsproject.org/materials/mp-862891,HTTP 403
5233,Te4W3Se2,Metal,https://materialsproject.org/materials/mp-1026350,HTTP 403
5238,KNaMg14,Computational Material,https://materialsproject.org/materials/mp-1026380,HTTP 403
5231,Te2W3Se4,Metal,https://materialsproject.org/materials/mp-1026348,HTTP 403
5240,KLaMg14,Computational Material,https://materialsproject.org/materials/mp-1026382,HTTP 403
11378,Inconel 601,Metal,https://www.matweb.com/search/datasheettext.aspx?matguid=f3fb3ae6ebe54d98ad8fa01c74b6a3e8,HTTP 403
5246,Mg14TiCd,Semiconductor,https://materialsproject.org/materials/mp-1026388,HTTP 403
5241,KMg14Si,Semiconductor,https://materialsproject.org/materials/mp-1026383,HTTP 403
5244,Mg14TiB,Computational Material,https://materialsproject.org/materials/mp-1026386,HTTP 403
5243,Mg14TiW,Computational Material,https://materialsproject.org/materials/mp-1026385,HTTP 403
5242,KRbMg14,Computational Material,https://materialsproject.org/materials/mp-1026384,HTTP 403
5245,Mg14TiGa,Semiconductor,https://materialsproject.org/materials/mp-1026387,HTTP 403
5247,Mg14TiMo,Computational Material,https://materialsproject.org/materials/mp-1026389,HTTP 403
5248,Mg14TiSb,Semiconductor,https://materialsproject.org/materials/mp-1026390,HTTP 403
5250,Mg14TiBi,Computational Material,https://materialsproject.org/materials/mp-1026392,HTTP 403
5252,HfMg14Ti,Computational Material,https://materialsproject.org/materials/mp-1026394,HTTP 403
5249,Mg14TiC,Metal,https://materialsproject.org/materials/mp-1026391,HTTP 403
4990,ReF6,Computational Material,https://materialsproject.org/materials/mp-1025374,HTTP 403
5312,Mg14SbW,Semiconductor,https://materialsproject.org/materials/mp-1026454,HTTP 403
5003,LuAl2Ni,Computational Material,https://materialsproject.org/materials/mp-1025389,HTTP 403
5344,LaMg14Ti,Computational Material,https://materialsproject.org/materials/mp-1026486,HTTP 403
5327,Mg14MoW,Computational Material,https://materialsproject.org/materials/mp-1026469,HTTP 403
8585,Lu2AlOs,Computational Material,https://materialsproject.org/materials/mp-865463,HTTP 403
8573,LiSc2Pt,Computational Material,https://materialsproject.org/materials/mp-865444,HTTP 403
5709,NaMg14Co,Computational Material,https://materialsproject.org/materials/mp-1026864,HTTP 403
5101,LuGa2Ni,Semiconductor,https://materialsproject.org/materials/mp-1025552,HTTP 403
2986,CsTlF4,Computational Material,https://materialsproject.org/materials/mp-1541564,HTTP 403
5497,RbSrMg14,Computational Material,https://materialsproject.org/materials/mp-1026640,HTTP 403
5092,LaAs2Au,Semiconductor,https://materialsproject.org/materials/mp-1025531,HTTP 403
2982,KTaF6,Metal,https://materialsproject.org/materials/mp-1540904,HTTP 403
8576,LuSbPd2,Semiconductor,https://materialsproject.org/materials/mp-865447,HTTP 403
2998,RbSbWO6,Semiconductor,https://materialsproject.org/materials/mp-1543124,HTTP 403
8664,ThScTc2,Computational Material,https://materialsproject.org/materials/mp-865568,HTTP 403
8569,U6Co12Ge4C,Semiconductor,https://materialsproject.org/materials/mp-865440,HTTP 403
5696,KMg14Nb,Computational Material,https://materialsproject.org/materials/mp-1026851,HTTP 403
3863,SrLiMg6,Computational Material,https://materialsproject.org/materials/mp-1021286,HTTP 403
5551,Mg14CrSi,Semiconductor,https://materialsproject.org/materials/mp-1026694,HTTP 403
5561,Mg14CdSi,Semiconductor,https://materialsproject.org/materials/mp-1026704,HTTP 403
5557,Mg14NbSi,Semiconductor,https://materialsproject.org/materials/mp-1026700,HTTP 403
5560,NaMg14Si,Semiconductor,https://materialsproject.org/materials/mp-1026703,HTTP 403
5556,CsMg14Si,Semiconductor,https://materialsproject.org/materials/mp-1026699,HTTP 403
5563,BaMg14Si,Semiconductor,https://materialsproject.org/materials/mp-1026706,HTTP 403
5565,RbMg14Si,Semiconductor,https://materialsproject.org/materials/mp-1026708,HTTP 403
5573,CeMg14Nb,Computational Material,https://materialsproject.org/materials/mp-1026718,HTTP 403
5577,LaMg14Sb,Semiconductor,https://materialsproject.org/materials/mp-1026722,HTTP 403
5576,CeMg14Mo,Computational Material,https://materialsproject.org/materials/mp-1026721,HTTP 403
5575,CeMg14Bi,Computational Material,https://materialsproject.org/materials/mp-1026720,HTTP 403
5578,CeMg14Cr,Computational Material,https://materialsproject.org/materials/mp-1026723,HTTP 403
5580,LaHfMg14,Computational Material,https://materialsproject.org/materials/mp-1026728,HTTP 403
5604,CeMg14Ti,Computational Material,https://materialsproject.org/materials/mp-1026754,HTTP 403
5605,LaMg14W,Computational Material,https://materialsproject.org/materials/mp-1026755,HTTP 403
5607,RbLaMg14,Computational Material,https://materialsproject.org/materials/mp-1026757,HTTP 403
5603,BaLaMg14,Computational Material,https://materialsproject.org/materials/mp-1026753,HTTP 403
3879,KSrMg6,Computational Material,https://materialsproject.org/materials/mp-1021302,HTTP 403
5588,SrCeMg14,Computational Material,https://materialsproject.org/materials/mp-1026736,HTTP 403
5584,CeMg14Sb,Semiconductor,https://materialsproject.org/materials/mp-1026732,HTTP 403
5592,LaMg14Cd,Semiconductor,https://materialsproject.org/materials/mp-1026740,HTTP 403
5590,CeMg14Cd,Semiconductor,https://materialsproject.org/materials/mp-1026738,HTTP 403
5598,LaMg14C,Computational Material,https://materialsproject.org/materials/mp-1026746,HTTP 403
5593,CeHfMg14,Computational Material,https://materialsproject.org/materials/mp-1026741,HTTP 403
5595,LaMg14B,Computational Material,https://materialsproject.org/materials/mp-1026743,HTTP 403
5599,CsCeMg14,Computational Material,https://materialsproject.org/materials/mp-1026747,HTTP 403
5600,LaMg14Nb,Computational Material,https://materialsproject.org/materials/mp-1026748,HTTP 403
4101,BaNb2(FeO3)4,Ceramic,https://materialsproject.org/materials/mp-1021950,HTTP 403
5601,LaMg14Cr,Computational Material,https://materialsproject.org/materials/mp-1026750,HTTP 403
4091,Mg6NbNi,Computational Material,https://materialsproject.org/materials/mp-1021876,HTTP 403
4090,Mg6CrNi,Computational Material,https://materialsproject.org/materials/mp-1021869,HTTP 403
4093,Mg6NiSn,Computational Material,https://materialsproject.org/materials/mp-1021896,HTTP 403
4068,Mg6VSn,Computational Material,https://materialsproject.org/materials/mp-1021709,HTTP 403
4103,Mg6VNi,Computational Material,https://materialsproject.org/materials/mp-1021965,HTTP 403
4102,KMg6Ni,Computational Material,https://materialsproject.org/materials/mp-1021959,HTTP 403
5608,NaCeMg14,Computational Material,https://materialsproject.org/materials/mp-1026758,HTTP 403
7916,PmNi3,Computational Material,https://next-gen.materialsproject.org/materials/mp-863718,HTTP 403
6335,1080 (Al99.8) Aluminum,Metal,https://matweb.com/search/QuickText.aspx?SearchText=AISI%201080,HTTP 403
5610,NaLaMg14,Computational Material,https://materialsproject.org/materials/mp-1026760,HTTP 403
6332,"1060 (Al99.6, A91060) Aluminum",Metal,https://matweb.com/search/QuickText.aspx?SearchText=AISI%201060,HTTP 403
6333,1070 (Al99.7) Aluminum,Metal,https://matweb.com/search/QuickText.aspx?SearchText=AISI%201070,HTTP 403
5612,SrLaMg14,Computational Material,https://materialsproject.org/materials/mp-1026763,HTTP 403
5611,LaMg14Ga,Semiconductor,https://materialsproject.org/materials/mp-1026762,HTTP 403
5616,CsLaMg14,Computational Material,https://materialsproject.org/materials/mp-1026767,HTTP 403
5617,LiMg14Bi,Computational Material,https://materialsproject.org/materials/mp-1026768,HTTP 403
5618,LiHfMg14,Computational Material,https://materialsproject.org/materials/mp-1026769,HTTP 403
5621,CeMg14Ga,Semiconductor,https://materialsproject.org/materials/mp-1026773,HTTP 403
5629,LiMg14C,Computational Material,https://materialsproject.org/materials/mp-1026782,HTTP 403
5630,LaMg14Si,Semiconductor,https://materialsproject.org/materials/mp-1026783,HTTP 403
5631,LiMg14Sb,Semiconductor,https://materialsproject.org/materials/mp-1026784,HTTP 403
5990,Mg14FeMo,Computational Material,https://materialsproject.org/materials/mp-1027810,HTTP 403
4130,NaMg6Co,Computational Material,https://materialsproject.org/materials/mp-1022053,HTTP 403
4133,Mg6CuBi,Computational Material,https://materialsproject.org/materials/mp-1022056,HTTP 403
4134,Mg6CoB,Computational Material,https://materialsproject.org/materials/mp-1022057,HTTP 403
4141,Mg6CrCu,Computational Material,https://materialsproject.org/materials/mp-1022064,HTTP 403
6911,Cs2CN2,Computational Material,https://materialsproject.org/materials/mp-1029699,HTTP 403
6912,MgTiN2,Metal,https://materialsproject.org/materials/mp-1029702,HTTP 403
6914,NaVN2,Metal,https://materialsproject.org/materials/mp-1029711,HTTP 403
6910,Ca2MoN3,Metal,https://materialsproject.org/materials/mp-1029689,HTTP 403
4140,Mg6CuSb,Semiconductor,https://materialsproject.org/materials/mp-1022063,HTTP 403
4246,BaMg6Fe,Computational Material,https://materialsproject.org/materials/mp-1022387,HTTP 403
6913,Na15Cr7N19,Metal,https://materialsproject.org/materials/mp-1029705,HTTP 403
4244,LiMg6Fe,Computational Material,https://materialsproject.org/materials/mp-1022353,HTTP 403
4243,CsMg6Fe,Computational Material,https://materialsproject.org/materials/mp-1022348,HTTP 403
6917,Li6IrN4,Computational Material,https://materialsproject.org/materials/mp-1029726,HTTP 403
6089,KMg14Zr,Computational Material,https://materialsproject.org/materials/mp-1027933,HTTP 403
6091,Mg14ZrCo,Computational Material,https://materialsproject.org/materials/mp-1027936,HTTP 403
6916,Ca3MoN3,Metal,https://materialsproject.org/materials/mp-1029719,HTTP 403
6092,YMg14B,Computational Material,https://materialsproject.org/materials/mp-1027937,HTTP 403
6918,Ca4HfN4,Metal,https://materialsproject.org/materials/mp-1029730,HTTP 403
6085,LiMg14Zr,Computational Material,https://materialsproject.org/materials/mp-1027929,HTTP 403
6082,Mg14ZrNi,Computational Material,https://materialsproject.org/materials/mp-1027925,HTTP 403
6090,LaMg14Zr,Computational Material,https://materialsproject.org/materials/mp-1027935,HTTP 403
6098,YMg14Sb,Semiconductor,https://materialsproject.org/materials/mp-1027946,HTTP 403
6101,YMg14Bi,Computational Material,https://materialsproject.org/materials/mp-1027949,HTTP 403
6104,YHfMg14,Computational Material,https://materialsproject.org/materials/mp-1027952,HTTP 403
6099,YMg14C,Computational Material,https://materialsproject.org/materials/mp-1027947,HTTP 403
6102,YMg14Ga,Semiconductor,https://materialsproject.org/materials/mp-1027950,HTTP 403
6103,Mg14TiZn,Computational Material,https://materialsproject.org/materials/mp-1027951,HTTP 403
6920,Ca4VN4,Metal,https://materialsproject.org/materials/mp-1029737,HTTP 403
6919,Sr3Al3N5,Metal,https://materialsproject.org/materials/mp-1029733,HTTP 403
4251,Mg6ZrSb,Semiconductor,https://materialsproject.org/materials/mp-1022455,HTTP 403
4247,Mg6FeCu,Computational Material,https://materialsproject.org/materials/mp-1022415,HTTP 403
4248,SrMg6Co,Computational Material,https://materialsproject.org/materials/mp-1022451,HTTP 403
4254,Mg6ZrCd,Semiconductor,https://materialsproject.org/materials/mp-1022458,HTTP 403
4257,NaMg6Zr,Computational Material,https://materialsproject.org/materials/mp-1022461,HTTP 403
4252,Mg6ZrSi,Semiconductor,https://materialsproject.org/materials/mp-1022456,HTTP 403
4256,Mg6ZrCr,Computational Material,https://materialsproject.org/materials/mp-1022460,HTTP 403
4259,Mg6ZrGa,Semiconductor,https://materialsproject.org/materials/mp-1022463,HTTP 403
4261,LaMg6Zr,Computational Material,https://materialsproject.org/materials/mp-1022465,HTTP 403
4264,Mg6ZrB,Computational Material,https://materialsproject.org/materials/mp-1022468,HTTP 403
4281,KMg6Fe,Computational Material,https://materialsproject.org/materials/mp-1022507,HTTP 403
4268,CsMg6Ni,Computational Material,https://materialsproject.org/materials/mp-1022474,HTTP 403
4262,Mg6ZrNb,Computational Material,https://materialsproject.org/materials/mp-1022466,HTTP 403
4265,Mg6ZrNi,Computational Material,https://materialsproject.org/materials/mp-1022471,HTTP 403
4267,Mg6ZrMo,Computational Material,https://materialsproject.org/materials/mp-1022473,HTTP 403
6921,Li6FeN4,Metal,https://materialsproject.org/materials/mp-1029739,HTTP 403
4491,Cu4O3,Ceramic,https://next-gen.materialsproject.org/materials/mp-1478,HTTP 403
4464,Mg6MnNb,Computational Material,https://materialsproject.org/materials/mp-1022983,HTTP 403
6922,Sr3IrN3,Computational Material,https://materialsproject.org/materials/mp-1029741,HTTP 403
6925,K3BN2,Computational Material,https://materialsproject.org/materials/mp-1029756,HTTP 403
6924,Sr3RuN3,Computational Material,https://materialsproject.org/materials/mp-1029750,HTTP 403
4463,BaMg6Mn,Computational Material,https://materialsproject.org/materials/mp-1022982,HTTP 403
6923,BaGeN2,Semiconductor,https://materialsproject.org/materials/mp-1029743,HTTP 403
6926,ZnSiN2,Semiconductor,https://materialsproject.org/materials/mp-1029763,HTTP 403
6935,MgSnN2,Computational Material,https://materialsproject.org/materials/mp-1029791,HTTP 403
4492,K2Cu(ClF)2,Metal,https://materialsproject.org/materials/mp-1023132,HTTP 403
6938,KMnN2,Metal,https://materialsproject.org/materials/mp-1029804,HTTP 403
4493,CsCaMg6,Computational Material,https://materialsproject.org/materials/mp-1023139,HTTP 403
6937,CsMn2N3,Metal,https://materialsproject.org/materials/mp-1029801,HTTP 403
6939,Y4Te3N2,Computational Material,https://materialsproject.org/materials/mp-1029811,HTTP 403
6936,Sr4TiN4,Metal,https://materialsproject.org/materials/mp-1029799,HTTP 403
6927,BaCrN2,Metal,https://materialsproject.org/materials/mp-1029770,HTTP 403
7185,SrMg6SiO8,Semiconductor,https://materialsproject.org/materials/mp-1030826,HTTP 403
4494,CeMg6Mn,Computational Material,https://materialsproject.org/materials/mp-1023140,HTTP 403
7184,Mg6CdSiO8,Semiconductor,https://materialsproject.org/materials/mp-1030825,HTTP 403
6943,Ca2NbN3,Metal,https://materialsproject.org/materials/mp-1029832,HTTP 403
7187,Mg6SiBO8,Semiconductor,https://materialsproject.org/materials/mp-1030828,HTTP 403
6950,Na2GeN2,Semiconductor,https://materialsproject.org/materials/mp-1029851,HTTP 403
6942,RbCrN2,Metal,https://materialsproject.org/materials/mp-1029828,HTTP 403
6952,Rb3W2N5,Metal,https://materialsproject.org/materials/mp-1029857,HTTP 403
6949,K15Cr7N19,Metal,https://materialsproject.org/materials/mp-1029850,HTTP 403
6951,RbMoN2,Metal,https://materialsproject.org/materials/mp-1029852,HTTP 403
6941,Li6OsN4,Computational Material,https://materialsproject.org/materials/mp-1029826,HTTP 403
7188,BaMg6SiO8,Semiconductor,https://materialsproject.org/materials/mp-1030830,HTTP 403
7731,RbF2,Computational Material,https://next-gen.materialsproject.org/materials/mp-863016,HTTP 403
9327,SAE AISI 1080 G10800 Carbon Steel,Metal,https://matweb.com/search/QuickText.aspx?SearchText=AISI%201080,HTTP 403
4635,Mg15Nb,Computational Material,https://materialsproject.org/materials/mp-1023502,HTTP 403
4636,Mg15Ga,Semiconductor,https://materialsproject.org/materials/mp-1023503,HTTP 403
10309,EN 1.8946 (S355J2WP) Weathering Steel,Metal,https://www.ridhisiddhi.net/s355j2wp-steel-plate/,HTTP 403
1132,Re,Computational Material,https://next-gen.materialsproject.org/materials/mp-1186901,HTTP 403
6147,Mg14ZnCr,Computational Material,https://materialsproject.org/materials/mp-1028001,HTTP 403
6148,CeMg14Fe,Computational Material,https://materialsproject.org/materials/mp-1028002,HTTP 403
4639,Mg15Al,Computational Material,https://materialsproject.org/materials/mp-1023506,HTTP 403
4640,Mg15Mn,Computational Material,https://materialsproject.org/materials/mp-1023507,HTTP 403
4630,Mg15C,Computational Material,https://materialsproject.org/materials/mp-1023497,HTTP 403
1117,Rh,Computational Material,https://next-gen.materialsproject.org/materials/mp-74,HTTP 403
4631,KMg15,Computational Material,https://materialsproject.org/materials/mp-1023498,HTTP 403
4633,YMg6Al,Computational Material,https://materialsproject.org/materials/mp-1023500,HTTP 403
4632,NaMg15,Computational Material,https://materialsproject.org/materials/mp-1023499,HTTP 403
6152,Mg14ZnW,Computational Material,https://materialsproject.org/materials/mp-1028009,HTTP 403
6156,YMg14Cr,Computational Material,https://materialsproject.org/materials/mp-1028015,HTTP 403
6154,YMg14Nb,Computational Material,https://materialsproject.org/materials/mp-1028012,HTTP 403
7454,Sc2AgAu,Computational Material,https://next-gen.materialsproject.org/materials/mp-862703,HTTP 403
1272,ScCu,Computational Material,https://next-gen.materialsproject.org/materials/mp-1169,HTTP 403
6168,YMg14Mo,Computational Material,https://materialsproject.org/materials/mp-1028027,HTTP 403
6164,YMg14W,Computational Material,https://materialsproject.org/materials/mp-1028023,HTTP 403
4853,ScGa5Ni,Semiconductor,https://next-gen.materialsproject.org/materials/mp-1025191,HTTP 403
6174,KYMg14,Computational Material,https://materialsproject.org/materials/mp-1028033,HTTP 403
6173,YMg14Ti,Computational Material,https://materialsproject.org/materials/mp-1028032,HTTP 403
6169,YMg14Sn,Computational Material,https://materialsproject.org/materials/mp-1028028,HTTP 403
7455,ScZn2Pt,Computational Material,https://next-gen.materialsproject.org/materials/mp-862704,HTTP 403
6078,Mg14ZrTi,Computational Material,https://materialsproject.org/materials/mp-1027919,HTTP 403
6946,SrCrN2,Metal,https://next-gen.materialsproject.org/materials/mp-1029838,HTTP 403
6190,SrYMg14,Computational Material,https://next-gen.materialsproject.org/materials/mp-1028049,HTTP 403
8009,Ta2NbOs,Computational Material,https://next-gen.materialsproject.org/materials/mp-864639,HTTP 403
8034,Ta2VOs,Computational Material,https://next-gen.materialsproject.org/materials/mp-864670,HTTP 403
1122,Tb,Computational Material,https://next-gen.materialsproject.org/materials/mp-18,HTTP 403
7943,TbBr3,Computational Material,https://next-gen.materialsproject.org/materials/mp-863746,HTTP 403
8122,TbInRh2,Semiconductor,https://next-gen.materialsproject.org/materials/mp-864876,HTTP 403
1131,Tc,Computational Material,https://next-gen.materialsproject.org/materials/mp-113,HTTP 403
5938,Te3Mo2S,Metal,https://next-gen.materialsproject.org/materials/mp-1030274,HTTP 403
5944,Te4Mo3WSe4,Metal,https://next-gen.materialsproject.org/materials/mp-1030449,HTTP 403
7194,Mg6SiCO8,Semiconductor,https://materialsproject.org/materials/mp-1030856,HTTP 403
4837,Ti3B4,Computational Material,https://next-gen.materialsproject.org/materials/mp-1025170,HTTP 403
8424,Tm2ZnIr,Computational Material,https://next-gen.materialsproject.org/materials/mp-865237,HTTP 403
4846,Tm2Cr2C3,Metal,https://next-gen.materialsproject.org/materials/mp-1025181,HTTP 403
8419,TlPd2Au,Computational Material,https://next-gen.materialsproject.org/materials/mp-865232,HTTP 403
8423,Tm2ZnOs,Computational Material,https://next-gen.materialsproject.org/materials/mp-865236,HTTP 403
8446,TmCuPbSe3,Metal,https://next-gen.materialsproject.org/materials/mp-640324,HTTP 403
11146,EN 1.4615 (X3CrMnNiCu15-8-5-3) Stainless Steel,Metal,https://bssa.org.uk/bssa_articles/chemical-composition-of-stainless-steel-long-products-for-general-purposes-to-bs-en-10088-3/,HTTP 403
7779,LiV3OF11,Ceramic,https://next-gen.materialsproject.org/materials/mp-777269,HTTP 403
4815,TmSnGe,Semiconductor,https://next-gen.materialsproject.org/materials/mp-1025129,HTTP 403
4840,U2Mo2C3,Metal,https://next-gen.materialsproject.org/materials/mp-1025174,HTTP 403
4825,UTl2O4,Computational Material,https://next-gen.materialsproject.org/materials/mp-1025154,HTTP 403
6354,YMg14Al,Computational Material,https://next-gen.materialsproject.org/materials/mp-1028213,HTTP 403
6165,YMg14Cd,Semiconductor,https://next-gen.materialsproject.org/materials/mp-1028030,HTTP 403
8055,Yb2TlCd,Semiconductor,https://next-gen.materialsproject.org/materials/mp-864743,HTTP 403
6177,YMg14V,Computational Material,https://materialsproject.org/materials/mp-1028036,HTTP 403
6175,YMg14Si,Semiconductor,https://materialsproject.org/materials/mp-1028034,HTTP 403
6176,LaYMg14,Computational Material,https://materialsproject.org/materials/mp-1028035,HTTP 403
7756,GdGaRh2,Semiconductor,https://materialsproject.org/materials/mp-863249,HTTP 403
7757,TaMn2Ge,Semiconductor,https://materialsproject.org/materials/mp-863250,HTTP 403
7758,Sr2SbAu,Semiconductor,https://materialsproject.org/materials/mp-863251,HTTP 403
7759,LiGa3,Semiconductor,https://materialsproject.org/materials/mp-863257,HTTP 403
7780,CoSn(PO4)2,Ceramic,https://materialsproject.org/materials/mp-863354,HTTP 403
6505,NaMg14Ni,Computational Material,https://materialsproject.org/materials/mp-1028352,HTTP 403
6506,CsMg14Ni,Computational Material,https://materialsproject.org/materials/mp-1028353,HTTP 403
6508,SrMg14Ni,Computational Material,https://materialsproject.org/materials/mp-1028355,HTTP 403
6509,Mg14SiNi,Semiconductor,https://materialsproject.org/materials/mp-1028356,HTTP 403
6511,Mg14NiMo,Computational Material,https://materialsproject.org/materials/mp-1028358,HTTP 403
6514,Mg14VNi,Computational Material,https://materialsproject.org/materials/mp-1028361,HTTP 403
6516,CeMg14Sn,Computational Material,https://materialsproject.org/materials/mp-1028363,HTTP 403
6513,LiMg14Ni,Computational Material,https://materialsproject.org/materials/mp-1028360,HTTP 403
6515,Mg14NiSn,Computational Material,https://materialsproject.org/materials/mp-1028362,HTTP 403
6512,LaMg14Ni,Computational Material,https://materialsproject.org/materials/mp-1028359,HTTP 403
6517,Mg14TiNi,Computational Material,https://materialsproject.org/materials/mp-1028365,HTTP 403
6518,KMg14Ni,Computational Material,https://materialsproject.org/materials/mp-1028366,HTTP 403
6522,BaMg14Ni,Computational Material,https://materialsproject.org/materials/mp-1028370,HTTP 403
6523,Mg14CoC,Metal,https://materialsproject.org/materials/mp-1028371,HTTP 403
6524,Mg14CoSb,Semiconductor,https://materialsproject.org/materials/mp-1028372,HTTP 403
7880,Pm2CuRh,Computational Material,https://materialsproject.org/materials/mp-863670,HTTP 403
7877,Er2TlAg,Computational Material,https://materialsproject.org/materials/mp-863667,HTTP 403
7878,Pm2CuOs,Computational Material,https://materialsproject.org/materials/mp-863668,HTTP 403
7879,Pm2CuPt,Computational Material,https://materialsproject.org/materials/mp-863669,HTTP 403
7881,Pm2CuRu,Computational Material,https://materialsproject.org/materials/mp-863671,HTTP 403
7882,ErMgCd2,Semiconductor,https://materialsproject.org/materials/mp-863672,HTTP 403
7883,LiPm2Rh,Computational Material,https://materialsproject.org/materials/mp-863673,HTTP 403
7885,LiPm2Ru,Computational Material,https://materialsproject.org/materials/mp-863675,HTTP 403
6537,HfMg14Co,Computational Material,https://materialsproject.org/materials/mp-1028386,HTTP 403
6540,Mg14CoMo,Computational Material,https://materialsproject.org/materials/mp-1028389,HTTP 403
6543,Mg14CdCo,Semiconductor,https://materialsproject.org/materials/mp-1028393,HTTP 403
7884,ErMgHg2,Computational Material,https://materialsproject.org/materials/mp-863674,HTTP 403
6538,Mg14FeC,Metal,https://materialsproject.org/materials/mp-1028387,HTTP 403
6542,Mg14CoB,Computational Material,https://materialsproject.org/materials/mp-1028392,HTTP 403
6545,Mg14CoW,Computational Material,https://materialsproject.org/materials/mp-1028395,HTTP 403
6551,CeMg14V,Computational Material,https://materialsproject.org/materials/mp-1028401,HTTP 403
7888,KZn4(SbO4)3,Semiconductor,https://materialsproject.org/materials/mp-863678,HTTP 403
7887,PmCu3,Computational Material,https://materialsproject.org/materials/mp-863677,HTTP 403
7890,ErThTc2,Computational Material,https://materialsproject.org/materials/mp-863681,HTTP 403
7889,ErTaRu2,Computational Material,https://materialsproject.org/materials/mp-863679,HTTP 403
7894,Pm2HgGe,Semiconductor,https://materialsproject.org/materials/mp-863686,HTTP 403
7895,Ti2MnCo,Metal,https://materialsproject.org/materials/mp-863690,HTTP 403
7886,Pm2CuSn,Computational Material,https://materialsproject.org/materials/mp-863676,HTTP 403
7893,Pm2GePd,Semiconductor,https://materialsproject.org/materials/mp-863685,HTTP 403
7892,Pm2GeAu,Semiconductor,https://materialsproject.org/materials/mp-863684,HTTP 403
7898,Pm2MgSi,Semiconductor,https://materialsproject.org/materials/mp-863696,HTTP 403
7891,PmGa3,Semiconductor,https://materialsproject.org/materials/mp-863682,HTTP 403
7899,LiPm2Si,Semiconductor,https://materialsproject.org/materials/mp-863697,HTTP 403
7896,CsMn(CN)3,Metal,https://materialsproject.org/materials/mp-863692,HTTP 403
7897,PmI3,Computational Material,https://materialsproject.org/materials/mp-863695,HTTP 403
7900,Pm2MgAl,Computational Material,https://materialsproject.org/materials/mp-863698,HTTP 403
6932,ZnGeN2,Semiconductor,https://next-gen.materialsproject.org/materials/mp-2979,HTTP 403
4833,Zr(VGa2)2,Semiconductor,https://next-gen.materialsproject.org/materials/mp-1025165,HTTP 403
7983,NpAu3,Computational Material,https://materialsproject.org/materials/mp-864613,HTTP 403
7981,Nd2IrRh,Computational Material,https://materialsproject.org/materials/mp-864611,HTTP 403
7987,NdI3,Computational Material,https://materialsproject.org/materials/mp-864617,HTTP 403
7986,ICl2,Computational Material,https://materialsproject.org/materials/mp-864616,HTTP 403
8004,EuCd3,Semiconductor,https://materialsproject.org/materials/mp-864634,HTTP 403
7982,Nd2MgIn,Semiconductor,https://materialsproject.org/materials/mp-864612,HTTP 403
7984,LiMg2Pt,Computational Material,https://materialsproject.org/materials/mp-864614,HTTP 403
7985,TbCdRh2,Semiconductor,https://materialsproject.org/materials/mp-864615,HTTP 403
7200,Mg6CrSiO8,Semiconductor,https://materialsproject.org/materials/mp-1030883,HTTP 403
8005,Ag2Cl3,Metal,https://materialsproject.org/materials/mp-864635,HTTP 403
7995,Ho2IrRh,Computational Material,https://materialsproject.org/materials/mp-864625,HTTP 403
8139,Zr2CoTc,Computational Material,https://next-gen.materialsproject.org/materials/mp-864896,HTTP 403
7997,Nd2Ga12Ni,Semiconductor,https://materialsproject.org/materials/mp-864627,HTTP 403
7996,HoThTc2,Computational Material,https://materialsproject.org/materials/mp-864626,HTTP 403
7998,Pm2SnPd,Computational Material,https://materialsproject.org/materials/mp-864628,HTTP 403
8000,LiMg2Hg,Computational Material,https://materialsproject.org/materials/mp-864630,HTTP 403
8001,LiNbRh2,Computational Material,https://materialsproject.org/materials/mp-864631,HTTP 403
7999,Pm2TlCd,Semiconductor,https://materialsproject.org/materials/mp-864629,HTTP 403
11864,4032 Aluminum (AlSi12.5MgCuNi),Metals,https://dl.asminternational.org/handbooks/edited-volume/91/chapter/2085916/4032Wear-and-Abrasion-Resistant-Alloy,HTTP 403
8002,Yb4Ni13C4,Metal,https://materialsproject.org/materials/mp-864632,HTTP 403
7201,Mg6SiBiO8,Semiconductor,https://materialsproject.org/materials/mp-1030892,HTTP 403
7203,LiLaMg6O8,Computational Material,https://materialsproject.org/materials/mp-1030894,HTTP 403
8124,ZrAlAu2,Metal,https://next-gen.materialsproject.org/materials/mp-864878,HTTP 403
7204,LiMg6SiO8,Semiconductor,https://materialsproject.org/materials/mp-1030903,HTTP 403
11192,UNS S82031 Stainless Steel,Metal,https://onepetro.org/amppcorr/proceedings/AMPP24/AMPP24/AMPP-2024-21017/556942,HTTP 403
7449,Ac2SiAu,Semiconductor,https://next-gen.materialsproject.org/materials/mp-862698,HTTP 403
8153,AcMnO3,Ceramic,https://next-gen.materialsproject.org/materials/mp-864911,HTTP 403
7612,AcAg2Sn,Computational Material,https://next-gen.materialsproject.org/materials/mp-862890,HTTP 403
7442,Al2FeCo,Metal,https://next-gen.materialsproject.org/materials/mp-862691,HTTP 403
6947,Ba2CrN3,Metal,https://next-gen.materialsproject.org/materials/mp-1029843,HTTP 403
1963,BaCaLaBiO6,Computational Material,https://next-gen.materialsproject.org/materials/mp-1519241,HTTP 403
6853,Ca7SiN6,Semiconductor,https://next-gen.materialsproject.org/materials/mp-1029474,HTTP 403
1936,BaSrEuBiO6,Computational Material,https://next-gen.materialsproject.org/materials/mp-1522436,HTTP 403
1982,BaSrTbNbO6,Ceramic,https://next-gen.materialsproject.org/materials/mp-1522360,HTTP 403
6929,Ca2TaN3,Metal,https://next-gen.materialsproject.org/materials/mp-1029773,HTTP 403
7610,CaPmZn2,Computational Material,https://next-gen.materialsproject.org/materials/mp-862888,HTTP 403
7608,CaPmPt2,Computational Material,https://next-gen.materialsproject.org/materials/mp-862886,HTTP 403
6325,CaMg14Ni,Computational Material,https://next-gen.materialsproject.org/materials/mp-1028203,HTTP 403
6321,CaLaMg14,Computational Material,https://next-gen.materialsproject.org/materials/mp-1028180,HTTP 403
6313,CaMg14Sn,Computational Material,https://next-gen.materialsproject.org/materials/mp-1028176,HTTP 403
1582,CaSiO3,Semiconductor,https://next-gen.materialsproject.org/materials/mp-4429,HTTP 403
6297,CaYMg14,Computational Material,https://next-gen.materialsproject.org/materials/mp-1028156,HTTP 403
7440,Cs3Rb,Computational Material,https://next-gen.materialsproject.org/materials/mp-862689,HTTP 403
7447,CeGa3,Semiconductor,https://next-gen.materialsproject.org/materials/mp-862696,HTTP 403
4824,Cr2NiSe4,Metal,https://next-gen.materialsproject.org/materials/mp-1025151,HTTP 403
4852,Co2NiSe4,Metal,https://next-gen.materialsproject.org/materials/mp-1025190,HTTP 403
7205,LiCeMg6O8,Computational Material,https://materialsproject.org/materials/mp-1030908,HTTP 403
1592,Lu2MgTiO6,Ceramic,https://next-gen.materialsproject.org/materials/mp-aaaieiph,HTTP 403
1601,CaZrO3,Ceramic,https://next-gen.materialsproject.org/materials/mp-4571,HTTP 403
1608,Lu2ZrZnO6,Ceramic,https://next-gen.materialsproject.org/materials/mp-aaaieirr,HTTP 403
1604,TiPbO3,Ceramic,https://next-gen.materialsproject.org/materials/mp-20459,HTTP 403
1603,Ca3WO6,Ceramic,https://next-gen.materialsproject.org/materials/mp-781505,HTTP 403
8131,Dy2Mg,Computational Material,https://next-gen.materialsproject.org/materials/mp-864888,HTTP 403
1628,Ca2YNbO6,Ceramic,https://next-gen.materialsproject.org/materials/mp-1214116,HTTP 403
1632,Ca2ZnMoO6,Ceramic,https://next-gen.materialsproject.org/materials/mp-aaaieius,HTTP 403
1593,Lu2ZnGeO6,Semiconductor,https://materialsproject.org/materials/mp-aaaieipk,HTTP 403
1504,Ca2Mg(CO3)3,Computational Material,https://materialsproject.org/materials/mp-3346394,HTTP 403
1596,ZrZn(BiO3)2,Ceramic,https://materialsproject.org/materials/mp-aaaieipr,HTTP 403
1602,CaY2GeO6,Semiconductor,https://materialsproject.org/materials/mp-aaaieiqp,HTTP 403
8129,Dy2NiIr,Computational Material,https://next-gen.materialsproject.org/materials/mp-864886,HTTP 403
1635,Lu3Sc2Al3O12,Ceramic,https://next-gen.materialsproject.org/materials/mp-aaaieivk,HTTP 403
1610,Lu2MgSnO6,Computational Material,https://materialsproject.org/materials/mp-aaaieirv,HTTP 403
1696,KZrMnBiO6,Ceramic,https://next-gen.materialsproject.org/materials/mp-1521496,HTTP 403
1609,SnPbO3,Computational Material,https://materialsproject.org/materials/mp-aaaieiru,HTTP 403
1622,GePbO3,Semiconductor,https://materialsproject.org/materials/mp-aaaieitc,HTTP 403
1642,CaY2ZrO6,Ceramic,https://next-gen.materialsproject.org/materials/mp-aaaieiwk,HTTP 403
1617,Sr2VGaO6,Semiconductor,https://materialsproject.org/materials/mp-aaaieism,HTTP 403
1616,CaZr(BiO3)2,Ceramic,https://materialsproject.org/materials/mp-aaaieish,HTTP 403
1639,Ca2ScNbO6,Ceramic,https://next-gen.materialsproject.org/materials/mp-1214125,HTTP 403
1643,Sr2Nb2O7,Ceramic,https://next-gen.materialsproject.org/materials/mp-3870,HTTP 403
1638,Ca2ScVO6,Ceramic,https://next-gen.materialsproject.org/materials/mp-aaaieivr,HTTP 403
1695,EuV4SnO12,Ceramic,https://next-gen.materialsproject.org/materials/mp-1521493,HTTP 403
1697,CaTbEuVO6,Ceramic,https://next-gen.materialsproject.org/materials/mp-1521501,HTTP 403
1599,Y2MgGeO6,Semiconductor,https://materialsproject.org/materials/mp-aaaieipx,HTTP 403
1701,Sr2CeFeO6,Ceramic,https://next-gen.materialsproject.org/materials/mp-1521510,HTTP 403
1706,KSmTiSnO6,Ceramic,https://next-gen.materialsproject.org/materials/mp-1521521,HTTP 403
1702,Sr2NdMnO6,Ceramic,https://next-gen.materialsproject.org/materials/mp-1521512,HTTP 403
1598,ZnSn(BiO3)2,Ceramic,https://materialsproject.org/materials/mp-aaaieipw,HTTP 403
1607,ZnMo(PbO3)2,Ceramic,https://materialsproject.org/materials/mp-aaaieirp,HTTP 403
1605,Y2ZnGeO6,Semiconductor,https://materialsproject.org/materials/mp-aaaieiqy,HTTP 403
1606,Mg3Ga2(SiO4)3,Semiconductor,https://materialsproject.org/materials/mp-aaaieiqz,HTTP 403
1707,SrSmCr4O12,Ceramic,https://next-gen.materialsproject.org/materials/mp-1521525,HTTP 403
8232,DyAl3,Computational Material,https://next-gen.materialsproject.org/materials/mp-864995,HTTP 403
1700,KEuHfFeO6,Ceramic,https://next-gen.materialsproject.org/materials/mp-1521506,HTTP 403
7212,KMg6BiO8,Computational Material,https://materialsproject.org/materials/mp-1030929,HTTP 403
1704,CaZrTiSnO6,Ceramic,https://next-gen.materialsproject.org/materials/mp-1521514,HTTP 403
1712,CaNdHfTiO6,Ceramic,https://next-gen.materialsproject.org/materials/mp-1521542,HTTP 403
1713,BaCaCeHfO6,Ceramic,https://next-gen.materialsproject.org/materials/mp-1521543,HTTP 403
1621,Lu2MgGeO6,Semiconductor,https://materialsproject.org/materials/mp-aaaieita,HTTP 403
1623,Ge2Bi2O7,Semiconductor,https://materialsproject.org/materials/mp-aaaieitf,HTTP 403
1626,Mg3Ga2(GeO4)3,Semiconductor,https://materialsproject.org/materials/mp-aaaieiuc,HTTP 403
1633,YNb(PbO3)2,Ceramic,https://materialsproject.org/materials/mp-aaaieiuv,HTTP 403
1631,VIn(PbO3)2,Semiconductor,https://materialsproject.org/materials/mp-aaaieiuq,HTTP 403
1627,Ca2VInO6,Semiconductor,https://materialsproject.org/materials/mp-aaaieiud,HTTP 403
1727,SrCaVWO6,Ceramic,https://next-gen.materialsproject.org/materials/mp-1521594,HTTP 403
1728,CaNdMn4O12,Ceramic,https://next-gen.materialsproject.org/materials/mp-1521595,HTTP 403
1634,MgGe(BiO3)2,Semiconductor,https://materialsproject.org/materials/mp-aaaieivd,HTTP 403
1726,BaCaNb4O12,Ceramic,https://next-gen.materialsproject.org/materials/mp-1521580,HTTP 403
1705,BaSrEuSeO6,Computational Material,https://materialsproject.org/materials/mp-1521516,HTTP 403
1709,SrEu(GeO3)4,Semiconductor,https://materialsproject.org/materials/mp-1521537,HTTP 403
1739,BaGdNbSnO6,Ceramic,https://next-gen.materialsproject.org/materials/mp-1521621,HTTP 403
1743,Ca2ZrFeO6,Ceramic,https://next-gen.materialsproject.org/materials/mp-1521637,HTTP 403
1738,CaEuNbFeO6,Ceramic,https://next-gen.materialsproject.org/materials/mp-1521619,HTTP 403
1737,CaEuZrMnO6,Ceramic,https://next-gen.materialsproject.org/materials/mp-1521618,HTTP 403
1724,KCaTiBiO6,Ceramic,https://next-gen.materialsproject.org/materials/mp-1521577,HTTP 403
1641,SrGeO3,Semiconductor,https://materialsproject.org/materials/mp-aaaieiwj,HTTP 403
1720,NaLaHfSnO6,Ceramic,https://next-gen.materialsproject.org/materials/mp-1521559,HTTP 403
1748,KCaGdFeO6,Ceramic,https://next-gen.materialsproject.org/materials/mp-1521656,HTTP 403
1730,BaCo(SeO3)4,Ceramic,https://materialsproject.org/materials/mp-1521599,HTTP 403
1735,KCaLaFeO6,Ceramic,https://next-gen.materialsproject.org/materials/mp-1521616,HTTP 403
8219,DyBr3,Computational Material,https://next-gen.materialsproject.org/materials/mp-864982,HTTP 403
1716,Sr2CeSiO6,Semiconductor,https://materialsproject.org/materials/mp-1521551,HTTP 403
1715,SmEu(NiO3)4,Ceramic,https://materialsproject.org/materials/mp-1521550,HTTP 403
1834,BaCaCeTiO6,Ceramic,https://next-gen.materialsproject.org/materials/mp-1521898,HTTP 403
1718,BaLaMnInO6,Semiconductor,https://materialsproject.org/materials/mp-1521556,HTTP 403
1817,NaDySnWO6,Ceramic,https://next-gen.materialsproject.org/materials/mp-1521862,HTTP 403
1816,NaSrTbNbO6,Ceramic,https://next-gen.materialsproject.org/materials/mp-1521856,HTTP 403
1839,Sr2ZrNbO6,Ceramic,https://next-gen.materialsproject.org/materials/mp-1521908,HTTP 403
1841,SrEuNbVO6,Ceramic,https://next-gen.materialsproject.org/materials/mp-1521910,HTTP 403
1742,KSrTbBiO6,Computational Material,https://materialsproject.org/materials/mp-1521635,HTTP 403
7216,KMg6SbO8,Semiconductor,https://materialsproject.org/materials/mp-1030951,HTTP 403
1837,KLaVWO6,Ceramic,https://next-gen.materialsproject.org/materials/mp-1521904,HTTP 403
1745,Ba2BiSbO6,Semiconductor,https://materialsproject.org/materials/mp-1521651,HTTP 403
1832,KLaZr2O6,Ceramic,https://next-gen.materialsproject.org/materials/mp-1521888,HTTP 403
1731,SrPrEuSbO6,Semiconductor,https://materialsproject.org/materials/mp-1521602,HTTP 403
8339,DyMgZn2,Computational Material,https://next-gen.materialsproject.org/materials/mp-865142,HTTP 403
1717,KEuZrGeO6,Semiconductor,https://materialsproject.org/materials/mp-1521555,HTTP 403
1847,BaNaCeNbO6,Ceramic,https://next-gen.materialsproject.org/materials/mp-1522146,HTTP 403
1741,Ca2BiSbO6,Semiconductor,https://materialsproject.org/materials/mp-1521626,HTTP 403
1733,BaSrYSbO6,Semiconductor,https://materialsproject.org/materials/mp-1521613,HTTP 403
1850,Sr2SmMnO6,Ceramic,https://next-gen.materialsproject.org/materials/mp-1521945,HTTP 403
1846,KSmSnWO6,Ceramic,https://next-gen.materialsproject.org/materials/mp-1521946,HTTP 403
1857,NaPrZrTiO6,Ceramic,https://next-gen.materialsproject.org/materials/mp-1521981,HTTP 403
1853,NaCaGdWO6,Ceramic,https://next-gen.materialsproject.org/materials/mp-1521963,HTTP 403
1746,BaNaPrSbO6,Semiconductor,https://materialsproject.org/materials/mp-1521652,HTTP 403
1845,NaLaZrTiO6,Ceramic,https://next-gen.materialsproject.org/materials/mp-1521929,HTTP 403
1870,KPrAlBiO6,Ceramic,https://next-gen.materialsproject.org/materials/mp-1522018,HTTP 403
1862,BaCaSmMnO6,Ceramic,https://next-gen.materialsproject.org/materials/mp-1522001,HTTP 403
1828,CaAl4SiO12,Semiconductor,https://materialsproject.org/materials/mp-1521882,HTTP 403
1875,BaPrDyTiO6,Ceramic,https://next-gen.materialsproject.org/materials/mp-1522037,HTTP 403
7448,Er2MgGe2,Semiconductor,https://next-gen.materialsproject.org/materials/mp-862697,HTTP 403
1860,KSmHfZrO6,Ceramic,https://next-gen.materialsproject.org/materials/mp-1521990,HTTP 403
1838,TiNb(SnO3)2,Ceramic,https://materialsproject.org/materials/mp-1521905,HTTP 403
1835,NdEuNiSbO6,Semiconductor,https://materialsproject.org/materials/mp-1521899,HTTP 403
1826,KLi(WO3)4,Ceramic,https://materialsproject.org/materials/mp-1521873,HTTP 403
1868,NaSrLaWO6,Ceramic,https://next-gen.materialsproject.org/materials/mp-1516595,HTTP 403
1871,SrEuHfVO6,Ceramic,https://next-gen.materialsproject.org/materials/mp-1522021,HTTP 403
1854,NaLa(SeO3)2,Computational Material,https://materialsproject.org/materials/mp-1521966,HTTP 403
1859,BaCe4EuO12,Computational Material,https://materialsproject.org/materials/mp-1521988,HTTP 403
7261,CeHfMg6O8,Ceramic,https://next-gen.materialsproject.org/materials/mp-1031136,HTTP 403
1858,NdSm(NiO3)4,Ceramic,https://materialsproject.org/materials/mp-1521987,HTTP 403
1864,NaNd(NiO3)4,Ceramic,https://materialsproject.org/materials/mp-1522005,HTTP 403
1855,SrCaEuBiO6,Computational Material,https://materialsproject.org/materials/mp-1521970,HTTP 403
7228,NaCeMg6O8,Computational Material,https://materialsproject.org/materials/mp-1030999,HTTP 403
1856,NaEuDySeO6,Computational Material,https://materialsproject.org/materials/mp-1521979,HTTP 403
7271,NaMg6TiO8,Ceramic,https://next-gen.materialsproject.org/materials/mp-1031198,HTTP 403
8015,ErAgHg2,Computational Material,https://next-gen.materialsproject.org/materials/mp-864646,HTTP 403
7277,RbMg6TiO8,Ceramic,https://next-gen.materialsproject.org/materials/mp-1031226,HTTP 403
7902,Er2MgIn,Semiconductor,https://next-gen.materialsproject.org/materials/mp-863702,HTTP 403
7229,RbLaMg6O8,Computational Material,https://materialsproject.org/materials/mp-1031004,HTTP 403
1866,KLa(NiO3)4,Ceramic,https://materialsproject.org/materials/mp-1522011,HTTP 403
7256,LiMg6GaO8,Semiconductor,https://materialsproject.org/materials/mp-1031114,HTTP 403
7255,NaLaMg6O8,Computational Material,https://materialsproject.org/materials/mp-1031108,HTTP 403
1869,Sr2DyBiO6,Computational Material,https://materialsproject.org/materials/mp-1522016,HTTP 403
7248,CeMg6BO8,Computational Material,https://materialsproject.org/materials/mp-1031096,HTTP 403
1867,CaSm(CoO3)4,Ceramic,https://materialsproject.org/materials/mp-1522014,HTTP 403
7234,RbLiMg6O7,Computational Material,https://materialsproject.org/materials/mp-1031026,HTTP 403
7257,LiMg6BO7,Computational Material,https://materialsproject.org/materials/mp-1031116,HTTP 403
7265,Mg6TiSiO8,Semiconductor,https://materialsproject.org/materials/mp-1031147,HTTP 403
7259,LiMg6CO8,Computational Material,https://materialsproject.org/materials/mp-1031129,HTTP 403
7932,ErRh2Pb,Computational Material,https://next-gen.materialsproject.org/materials/mp-863735,HTTP 403
7266,LiMg6BO8,Computational Material,https://materialsproject.org/materials/mp-1031148,HTTP 403
7385,Be2PtRh,Computational Material,https://materialsproject.org/materials/mp-862600,HTTP 403
7275,CsCeMg6O8,Computational Material,https://materialsproject.org/materials/mp-1031196,HTTP 403
7384,LiErAu2,Computational Material,https://materialsproject.org/materials/mp-862599,HTTP 403
7387,ScAlCo2,Computational Material,https://materialsproject.org/materials/mp-862602,HTTP 403
7386,RhI2,Computational Material,https://materialsproject.org/materials/mp-862601,HTTP 403
7388,Re3Ni,Computational Material,https://materialsproject.org/materials/mp-862604,HTTP 403
7390,EuSnO3,Computational Material,https://materialsproject.org/materials/mp-862606,HTTP 403
7392,LiHfIr2,Computational Material,https://materialsproject.org/materials/mp-862610,HTTP 403
7389,Rb4Zr6CCl18,Metal,https://materialsproject.org/materials/mp-862605,HTTP 403
7395,LiTm2Ru,Computational Material,https://materialsproject.org/materials/mp-862614,HTTP 403
7393,ScPaTc2,Computational Material,https://materialsproject.org/materials/mp-862612,HTTP 403
7391,ScReTc2,Computational Material,https://materialsproject.org/materials/mp-862609,HTTP 403
7394,LiAc2Ga,Semiconductor,https://materialsproject.org/materials/mp-862613,HTTP 403
7398,LiErHg2,Computational Material,https://materialsproject.org/materials/mp-862618,HTTP 403
7396,Er2NiRu,Computational Material,https://materialsproject.org/materials/mp-862615,HTTP 403
7399,LiErIn2,Semiconductor,https://materialsproject.org/materials/mp-862619,HTTP 403
7283,KMg6SiO8,Semiconductor,https://materialsproject.org/materials/mp-1031242,HTTP 403
7418,Rb2Zr2O5,Ceramic,https://next-gen.materialsproject.org/materials/mp-862664,HTTP 403
7400,IrRu3,Computational Material,https://materialsproject.org/materials/mp-862620,HTTP 403
7403,ScSnRh2,Computational Material,https://materialsproject.org/materials/mp-862623,HTTP 403
7401,GaPt3,Semiconductor,https://materialsproject.org/materials/mp-862621,HTTP 403
7402,BeRu2W,Computational Material,https://materialsproject.org/materials/mp-862622,HTTP 403
7405,ReRu3,Computational Material,https://materialsproject.org/materials/mp-862630,HTTP 403
7408,ScSbRh2,Semiconductor,https://materialsproject.org/materials/mp-862635,HTTP 403
7404,ScRh2Pb,Computational Material,https://materialsproject.org/materials/mp-862629,HTTP 403
7409,LaGaAu2,Semiconductor,https://materialsproject.org/materials/mp-862654,HTTP 403
7407,LiCa2Al,Computational Material,https://materialsproject.org/materials/mp-862632,HTTP 403
7412,LiCuPd2,Computational Material,https://materialsproject.org/materials/mp-862657,HTTP 403
7411,ErAl3,Computational Material,https://materialsproject.org/materials/mp-862656,HTTP 403
7413,LiCu3,Computational Material,https://materialsproject.org/materials/mp-862658,HTTP 403
7410,Ru3W,Computational Material,https://materialsproject.org/materials/mp-862655,HTTP 403
7483,SmAg2Sn,Computational Material,https://materialsproject.org/materials/mp-862735,HTTP 403
7482,Pm2ZnSn,Computational Material,https://materialsproject.org/materials/mp-862734,HTTP 403
7417,LaPbAu2,Computational Material,https://materialsproject.org/materials/mp-862663,HTTP 403
7419,AcGe3,Semiconductor,https://materialsproject.org/materials/mp-862665,HTTP 403
7484,SmAg3,Computational Material,https://materialsproject.org/materials/mp-862736,HTTP 403
7420,DyGaRh2,Semiconductor,https://materialsproject.org/materials/mp-862666,HTTP 403
7415,LiEr2Ru,Computational Material,https://materialsproject.org/materials/mp-862661,HTTP 403
7416,LaMgZn2,Computational Material,https://materialsproject.org/materials/mp-862662,HTTP 403
7422,CeHg3,Computational Material,https://materialsproject.org/materials/mp-862668,HTTP 403
7421,LiAc2Ge,Semiconductor,https://materialsproject.org/materials/mp-862667,HTTP 403
7423,BeFe2Si,Semiconductor,https://materialsproject.org/materials/mp-862669,HTTP 403
7428,LiHoIn2,Semiconductor,https://materialsproject.org/materials/mp-862676,HTTP 403
7429,LiHoTl2,Computational Material,https://materialsproject.org/materials/mp-862677,HTTP 403
7430,Sb2H8Pt(OF3)4,Semiconductor,https://materialsproject.org/materials/mp-862678,HTTP 403
8248,EuAgAu2,Computational Material,https://next-gen.materialsproject.org/materials/mp-865013,HTTP 403
7487,PuHgAu2,Computational Material,https://materialsproject.org/materials/mp-862739,HTTP 403
1128,Fe,Computational Material,https://next-gen.materialsproject.org/materials/mp-13,HTTP 403
7485,LiHgPd2,Computational Material,https://materialsproject.org/materials/mp-862737,HTTP 403
7486,PuCdRh2,Semiconductor,https://materialsproject.org/materials/mp-862738,HTTP 403
7489,Pm2ZnGe,Semiconductor,https://materialsproject.org/materials/mp-862742,HTTP 403
7488,Sr2TlCd,Semiconductor,https://materialsproject.org/materials/mp-862740,HTTP 403
7492,Sr2LiPt,Computational Material,https://materialsproject.org/materials/mp-862745,HTTP 403
7493,Sr2LiTl,Computational Material,https://materialsproject.org/materials/mp-862746,HTTP 403
7494,Sr2PtAu,Computational Material,https://materialsproject.org/materials/mp-862747,HTTP 403
7495,Sr2MnZn2(AsO)2,Semiconductor,https://materialsproject.org/materials/mp-862748,HTTP 403
7497,SrNiSn2,Computational Material,https://materialsproject.org/materials/mp-862750,HTTP 403
7496,SmAlAg2,Computational Material,https://materialsproject.org/materials/mp-862749,HTTP 403
7498,SmBiPd2,Computational Material,https://materialsproject.org/materials/mp-862752,HTTP 403
7501,PrGa3,Semiconductor,https://materialsproject.org/materials/mp-862756,HTTP 403
4832,Gd2C(NO)2,Computational Material,https://next-gen.materialsproject.org/materials/mp-1025163,HTTP 403
7504,PrMgZn2,Computational Material,https://materialsproject.org/materials/mp-862759,HTTP 403
7505,PrCdAg2,Semiconductor,https://materialsproject.org/materials/mp-862760,HTTP 403
7503,PrMgHg2,Computational Material,https://materialsproject.org/materials/mp-862758,HTTP 403
7515,TeI2,Computational Material,https://materialsproject.org/materials/mp-862773,HTTP 403
7511,TbMgCd2,Semiconductor,https://materialsproject.org/materials/mp-862767,HTTP 403
7512,RbGe3,Semiconductor,https://materialsproject.org/materials/mp-862769,HTTP 403
7510,LiGd2Ir,Computational Material,https://materialsproject.org/materials/mp-862765,HTTP 403
7513,Tc3Ir,Computational Material,https://materialsproject.org/materials/mp-862770,HTTP 403
7514,CsNd2CuSe4,Metal,https://materialsproject.org/materials/mp-862772,HTTP 403
7516,LiInPt2,Semiconductor,https://materialsproject.org/materials/mp-862774,HTTP 403
7518,TmPaOs2,Computational Material,https://materialsproject.org/materials/mp-862776,HTTP 403
7517,LiInRh2,Semiconductor,https://materialsproject.org/materials/mp-862775,HTTP 403
7522,K2InP2S7,Semiconductor,https://materialsproject.org/materials/mp-862780,HTTP 403
7519,TmPaRu2,Computational Material,https://materialsproject.org/materials/mp-862777,HTTP 403
7585,Pa3Te,Computational Material,https://materialsproject.org/materials/mp-862863,HTTP 403
7523,AlCrRu2,Computational Material,https://materialsproject.org/materials/mp-862781,HTTP 403
7586,Pa3Ge,Semiconductor,https://materialsproject.org/materials/mp-862864,HTTP 403
7588,PaTe3,Computational Material,https://materialsproject.org/materials/mp-862866,HTTP 403
7587,PaZn3,Computational Material,https://materialsproject.org/materials/mp-862865,HTTP 403
7590,PbBr2,Computational Material,https://materialsproject.org/materials/mp-862868,HTTP 403
7591,Pa2S3,Computational Material,https://materialsproject.org/materials/mp-862869,HTTP 403
7593,PbCl2,Computational Material,https://materialsproject.org/materials/mp-862871,HTTP 403
8123,Hf2CoRe,Computational Material,https://next-gen.materialsproject.org/materials/mp-864877,HTTP 403
7589,PaSe3,Computational Material,https://materialsproject.org/materials/mp-862867,HTTP 403
722,Titanium Grade 2 (CP) (Annealed),Metal,https://www.timet.com/wp-content/uploads/2021/04/TIMET-CP-Titanium-Grade-2.pdf,HTTP 403
7525,Ac2CuGe,Semiconductor,https://materialsproject.org/materials/mp-862786,HTTP 403
7592,LiTcO3,Computational Material,https://materialsproject.org/materials/mp-862870,HTTP 403
7526,AlInSe3,Semiconductor,https://materialsproject.org/materials/mp-862787,HTTP 403
7527,Er2ZnIn,Semiconductor,https://materialsproject.org/materials/mp-862788,HTTP 403
8051,HfInPd2,Semiconductor,https://next-gen.materialsproject.org/materials/mp-864734,HTTP 403
7529,FeSiTc2,Semiconductor,https://materialsproject.org/materials/mp-862790,HTTP 403
7530,GaCuPt2,Semiconductor,https://materialsproject.org/materials/mp-862791,HTTP 403
7528,Er2ZnIr,Computational Material,https://materialsproject.org/materials/mp-862789,HTTP 403
8766,Li2InSn,Semiconductor,https://materialsproject.org/materials/mp-865737,HTTP 403
7596,PmAgHg2,Computational Material,https://materialsproject.org/materials/mp-862874,HTTP 403
8259,HfTaRe2,Computational Material,https://next-gen.materialsproject.org/materials/mp-865025,HTTP 403
7597,ThGaAu2,Semiconductor,https://materialsproject.org/materials/mp-862875,HTTP 403
7600,PmAg3,Computational Material,https://materialsproject.org/materials/mp-862878,HTTP 403
7615,ThNb4O12,Ceramic,https://next-gen.materialsproject.org/materials/mp-862893,HTTP 403
7601,PmBiAu2,Computational Material,https://materialsproject.org/materials/mp-862879,HTTP 403
7599,PmAg2Sn,Computational Material,https://materialsproject.org/materials/mp-862877,HTTP 403
7598,PmAg2Pb,Computational Material,https://materialsproject.org/materials/mp-862876,HTTP 403
7604,CaPmAu2,Computational Material,https://materialsproject.org/materials/mp-862882,HTTP 403
7602,PmBiPd2,Computational Material,https://materialsproject.org/materials/mp-862880,HTTP 403
7603,CaPmCd2,Semiconductor,https://materialsproject.org/materials/mp-862881,HTTP 403
730,Titanium Ti-6Al-4V (Grade 5) (Quenched & Tempered),Metal,https://www.timet.com/wp-content/uploads/2021/04/TIMETAL-6-4.pdf,HTTP 403
7933,Ho2OsAu,Computational Material,https://next-gen.materialsproject.org/materials/mp-863736,HTTP 403
7616,AcSbAu2,Semiconductor,https://materialsproject.org/materials/mp-862894,HTTP 403
7618,PmCdRh2,Semiconductor,https://materialsproject.org/materials/mp-862896,HTTP 403
7617,Er2ZnRu,Computational Material,https://materialsproject.org/materials/mp-862895,HTTP 403
7926,Ho2OsPd,Computational Material,https://next-gen.materialsproject.org/materials/mp-863729,HTTP 403
10216,EN 1.6308 (18MnMoNi5-5) Nickel-Molybdenum Steel,Metal,https://www.academia.edu/7472040/ESDJ,HTTP 403
7619,PmCdPt2,Semiconductor,https://materialsproject.org/materials/mp-862897,HTTP 403
7622,PmCu2Sn,Computational Material,https://materialsproject.org/materials/mp-862900,HTTP 403
7623,PmF3,Computational Material,https://materialsproject.org/materials/mp-862901,HTTP 403
7620,PmCdPd2,Semiconductor,https://materialsproject.org/materials/mp-862898,HTTP 403
7685,PmTlAu2,Computational Material,https://materialsproject.org/materials/mp-862965,HTTP 403
7626,PmGaAu2,Semiconductor,https://materialsproject.org/materials/mp-862905,HTTP 403
7625,PmGaAg2,Semiconductor,https://materialsproject.org/materials/mp-862903,HTTP 403
7624,PmDyMg2,Computational Material,https://materialsproject.org/materials/mp-862902,HTTP 403
7628,CaCeMg2,Computational Material,https://materialsproject.org/materials/mp-862907,HTTP 403
7627,PmGaCu2,Semiconductor,https://materialsproject.org/materials/mp-862906,HTTP 403
7630,PmH3,Computational Material,https://materialsproject.org/materials/mp-862910,HTTP 403
7925,Ho4Ni13C4,Metal,https://next-gen.materialsproject.org/materials/mp-863728,HTTP 403
7629,PmGeAu2,Semiconductor,https://materialsproject.org/materials/mp-862909,HTTP 403
7688,PmTlTe2,Computational Material,https://materialsproject.org/materials/mp-862968,HTTP 403
7687,PmTlRh2,Computational Material,https://materialsproject.org/materials/mp-862967,HTTP 403
4816,HoCu4Pd,Computational Material,https://next-gen.materialsproject.org/materials/mp-1025134,HTTP 403
7691,AcAgAu2,Computational Material,https://materialsproject.org/materials/mp-862972,HTTP 403
7692,PmZn2Ag,Computational Material,https://materialsproject.org/materials/mp-862973,HTTP 403
7690,PmTl3,Computational Material,https://materialsproject.org/materials/mp-862970,HTTP 403
7694,PmZn2Cd,Semiconductor,https://materialsproject.org/materials/mp-862975,HTTP 403
7689,PmYMg2,Computational Material,https://materialsproject.org/materials/mp-862969,HTTP 403
7693,PmZnAu2,Computational Material,https://materialsproject.org/materials/mp-862974,HTTP 403
7697,Er2AgRu,Computational Material,https://materialsproject.org/materials/mp-862978,HTTP 403
7695,PmZn2Au,Computational Material,https://materialsproject.org/materials/mp-862976,HTTP 403
7698,Pm2AgGe,Semiconductor,https://materialsproject.org/materials/mp-862979,HTTP 403
7696,Pm2AgIr,Computational Material,https://materialsproject.org/materials/mp-862977,HTTP 403
7717,Ba2VP2O11,Ceramic,https://next-gen.materialsproject.org/materials/mp-863001,HTTP 403
8020,HoMgAu2,Computational Material,https://next-gen.materialsproject.org/materials/mp-864653,HTTP 403
7718,CoP3NO9,Ceramic,https://next-gen.materialsproject.org/materials/mp-863002,HTTP 403
7700,Er2CdIn,Semiconductor,https://materialsproject.org/materials/mp-862981,HTTP 403
7532,K2Pu2O5,Computational Material,https://next-gen.materialsproject.org/materials/mp-862794,HTTP 403
7699,PmAl3,Computational Material,https://materialsproject.org/materials/mp-862980,HTTP 403
7701,Ag2Br3,Metal,https://materialsproject.org/materials/mp-862982,HTTP 403
7702,InCl3,Semiconductor,https://materialsproject.org/materials/mp-862983,HTTP 403
7705,PmBr3,Computational Material,https://materialsproject.org/materials/mp-862986,HTTP 403
7703,PmB3,Computational Material,https://materialsproject.org/materials/mp-862984,HTTP 403
7704,PmAu3,Computational Material,https://materialsproject.org/materials/mp-862985,HTTP 403
7708,Pm2AgRu,Computational Material,https://materialsproject.org/materials/mp-862991,HTTP 403
7706,Pm2AgPt,Computational Material,https://materialsproject.org/materials/mp-862989,HTTP 403
7713,Pm2CdIn,Semiconductor,https://materialsproject.org/materials/mp-862996,HTTP 403
7714,Si2O5,Semiconductor,https://materialsproject.org/materials/mp-862998,HTTP 403
7712,Er8Ga3Co,Semiconductor,https://materialsproject.org/materials/mp-862995,HTTP 403
7707,Pm2AgSn,Computational Material,https://materialsproject.org/materials/mp-862990,HTTP 403
7710,ErMgSn,Computational Material,https://materialsproject.org/materials/mp-862993,HTTP 403
7711,Pm2CdGe,Semiconductor,https://materialsproject.org/materials/mp-862994,HTTP 403
7716,SnH6(NF2)2,Computational Material,https://materialsproject.org/materials/mp-863000,HTTP 403
7715,NaSi2BH2O7,Semiconductor,https://materialsproject.org/materials/mp-862999,HTTP 403
7719,NaAl6Fe3Si6B3H3O30F,Semiconductor,https://materialsproject.org/materials/mp-863003,HTTP 403
7724,Fe2B3H7(CO)6,Ceramic,https://materialsproject.org/materials/mp-863008,HTTP 403
7722,CsB2H5O6,Computational Material,https://materialsproject.org/materials/mp-863006,HTTP 403
7721,Ca2Al2Si6SnO22,Semiconductor,https://materialsproject.org/materials/mp-863005,HTTP 403
7723,KB6(HO)6,Computational Material,https://materialsproject.org/materials/mp-863007,HTTP 403
7726,Na3H7Os,Computational Material,https://materialsproject.org/materials/mp-863011,HTTP 403
7728,U3(PO9)2,Computational Material,https://materialsproject.org/materials/mp-863013,HTTP 403
7727,CdH10C3NCl3,Semiconductor,https://materialsproject.org/materials/mp-863012,HTTP 403
7725,K2TeH6SeO10,Computational Material,https://materialsproject.org/materials/mp-863010,HTTP 403
7729,SmH32C8N4Cl7,Computational Material,https://materialsproject.org/materials/mp-863014,HTTP 403
7730,EuH32C8N4Cl7,Computational Material,https://materialsproject.org/materials/mp-863015,HTTP 403
4553,Mg6AlC,Metal,https://materialsproject.org/materials/mp-1023276,HTTP 403
7909,KAcTe2,Computational Material,https://next-gen.materialsproject.org/materials/mp-863710,HTTP 403
4565,SrMg6Al,Computational Material,https://materialsproject.org/materials/mp-1023290,HTTP 403
5723,Mg14CuW,Computational Material,https://materialsproject.org/materials/mp-1026878,HTTP 403
7785,LiTa3O8,Ceramic,https://next-gen.materialsproject.org/materials/mp-7638,HTTP 403
7783,Li3V3P8O29,Ceramic,https://next-gen.materialsproject.org/materials/mp-1177582,HTTP 403
6552,Mg14NbCo,Computational Material,https://materialsproject.org/materials/mp-1028402,HTTP 403
7782,KAl11O17,Ceramic,https://next-gen.materialsproject.org/materials/mp-1252068,HTTP 403
4573,LaMg6Al,Computational Material,https://materialsproject.org/materials/mp-1023299,HTTP 403
8767,LiPrHg2,Computational Material,https://materialsproject.org/materials/mp-865738,HTTP 403
7810,K6Al32O51,Ceramic,https://next-gen.materialsproject.org/materials/mp-863387,HTTP 403
7803,Li4V3P8O29,Ceramic,https://next-gen.materialsproject.org/materials/mp-1177550,HTTP 403
7793,K6Nb11O30,Ceramic,https://next-gen.materialsproject.org/materials/mp-863370,HTTP 403
7806,LiNi2OF3,Ceramic,https://next-gen.materialsproject.org/materials/mp-765582,HTTP 403
6553,CeMg14Ni,Computational Material,https://materialsproject.org/materials/mp-1028403,HTTP 403
7822,V18Cu20O57,Ceramic,https://next-gen.materialsproject.org/materials/mp-863399,HTTP 403
7826,LiNbP2O7,Ceramic,https://next-gen.materialsproject.org/materials/mp-863403,HTTP 403
6556,BaMg14Co,Computational Material,https://materialsproject.org/materials/mp-1028406,HTTP 403
7790,KBiO3,Computational Material,https://materialsproject.org/materials/mp-863367,HTTP 403
7786,Mn3Co3(SbO8)2,Semiconductor,https://materialsproject.org/materials/mp-863363,HTTP 403
7781,Li5Fe5Si7O24,Semiconductor,https://materialsproject.org/materials/mp-863356,HTTP 403
7837,Li2MnP3O10,Ceramic,https://next-gen.materialsproject.org/materials/mp-782647,HTTP 403
7792,Li4V2F9,Metal,https://materialsproject.org/materials/mp-863369,HTTP 403
7836,Sc7V9O24,Ceramic,https://next-gen.materialsproject.org/materials/mp-863413,HTTP 403
7828,Mn8PbO16,Ceramic,https://next-gen.materialsproject.org/materials/mp-863405,HTTP 403
7799,Na9Cr2(H9O7)3,Ceramic,https://materialsproject.org/materials/mp-863376,HTTP 403
7788,Li2Sn(PO3)4,Computational Material,https://materialsproject.org/materials/mp-863365,HTTP 403
7787,Li14Sn9(P2O7)8,Computational Material,https://materialsproject.org/materials/mp-863364,HTTP 403
7805,Li4Nb(P2O7)2,Ceramic,https://materialsproject.org/materials/mp-863382,HTTP 403
7807,Li2VF5,Metal,https://materialsproject.org/materials/mp-863384,HTTP 403
7791,LiFeSiO4,Semiconductor,https://materialsproject.org/materials/mp-863368,HTTP 403
7795,LiCu2F6,Metal,https://materialsproject.org/materials/mp-863372,HTTP 403
7835,Ta8Cr3O24,Ceramic,https://next-gen.materialsproject.org/materials/mp-1173149,HTTP 403
7797,BiTeO4,Computational Material,https://materialsproject.org/materials/mp-863374,HTTP 403
7825,TiCo3(PO4)4,Ceramic,https://materialsproject.org/materials/mp-863402,HTTP 403
7815,LiFe(Si3O7)2,Semiconductor,https://materialsproject.org/materials/mp-863392,HTTP 403
7814,LiCo2(PO4)3,Ceramic,https://materialsproject.org/materials/mp-863391,HTTP 403
7827,Li2Cu2F7,Metal,https://materialsproject.org/materials/mp-863404,HTTP 403
7906,KNa2Bi,Computational Material,https://next-gen.materialsproject.org/materials/mp-863707,HTTP 403
7833,Li2Nb(PO3)5,Ceramic,https://materialsproject.org/materials/mp-863410,HTTP 403
7832,Li4FeCo3(PO4)4,Ceramic,https://materialsproject.org/materials/mp-863409,HTTP 403
7839,LiFe(SiO3)2,Semiconductor,https://materialsproject.org/materials/mp-863416,HTTP 403
7840,Co(NiO2)2,Ceramic,https://materialsproject.org/materials/mp-863417,HTTP 403
7845,Li4Ni(PO3)6,Ceramic,https://materialsproject.org/materials/mp-863422,HTTP 403
7844,Li2V(SiO3)2,Semiconductor,https://materialsproject.org/materials/mp-863421,HTTP 403
7846,SrGa12O19,Semiconductor,https://materialsproject.org/materials/mp-863423,HTTP 403
7847,Li2Ni(PO3)4,Ceramic,https://materialsproject.org/materials/mp-863424,HTTP 403
7849,Li3Mn(PO4)2,Ceramic,https://materialsproject.org/materials/mp-863426,HTTP 403
6559,Mo3WSe8,Metal,https://materialsproject.org/materials/mp-1028409,HTTP 403
6558,Mg14GaCo,Semiconductor,https://materialsproject.org/materials/mp-1028408,HTTP 403
6571,Te6MoW3Se2,Metal,https://materialsproject.org/materials/mp-1028433,HTTP 403
1944,KSrTbSbO6,Semiconductor,https://next-gen.materialsproject.org/materials/mp-1522221,HTTP 403
6577,Te3W2Se,Metal,https://materialsproject.org/materials/mp-1028452,HTTP 403
6572,TeMoWSe3,Metal,https://materialsproject.org/materials/mp-1028434,HTTP 403
6576,Te2W2SeS,Metal,https://materialsproject.org/materials/mp-1028445,HTTP 403
6586,W2SeS3,Metal,https://materialsproject.org/materials/mp-1028487,HTTP 403
6589,TeW2S3,Metal,https://materialsproject.org/materials/mp-1028492,HTTP 403
6582,TeW2SeS2,Metal,https://materialsproject.org/materials/mp-1028468,HTTP 403
6613,Te3MoWSe,Metal,https://materialsproject.org/materials/mp-1028592,HTTP 403
6608,Te8MoW3,Metal,https://materialsproject.org/materials/mp-1028576,HTTP 403
6619,Te4MoW3Se4,Metal,https://materialsproject.org/materials/mp-1028607,HTTP 403
6635,TeW2Se2S,Metal,https://materialsproject.org/materials/mp-1028683,HTTP 403
7927,KTl,Computational Material,https://next-gen.materialsproject.org/materials/mp-863730,HTTP 403
1108,Kr,Computational Material,https://next-gen.materialsproject.org/materials/mp-975590,HTTP 403
6623,Te2Mo(WSe2)3,Metal,https://materialsproject.org/materials/mp-1028635,HTTP 403
6636,W2Se3S,Metal,https://materialsproject.org/materials/mp-1028686,HTTP 403
6648,TeW2Se3,Metal,https://materialsproject.org/materials/mp-1028731,HTTP 403
6753,Te6Mo3WSe2,Metal,https://materialsproject.org/materials/mp-1029143,HTTP 403
4814,LaCuPb,Computational Material,https://next-gen.materialsproject.org/materials/mp-1025128,HTTP 403
7136,Mg3TiO4,Ceramic,https://next-gen.materialsproject.org/materials/mp-1030636,HTTP 403
7156,NaMg6WO8,Ceramic,https://next-gen.materialsproject.org/materials/mp-1030726,HTTP 403
7755,Li4Ti3Fe3(SbO8)2,Semiconductor,https://next-gen.materialsproject.org/materials/mp-865132,HTTP 403
6956,Sr5(SiN3)2,Semiconductor,https://materialsproject.org/materials/mp-1029868,HTTP 403
6954,Na15Mo7N19,Metal,https://materialsproject.org/materials/mp-1029862,HTTP 403
6955,K15Re7N19,Computational Material,https://materialsproject.org/materials/mp-1029863,HTTP 403
6957,K15Mo7N19,Metal,https://materialsproject.org/materials/mp-1029869,HTTP 403
6959,SrMnN2,Metal,https://materialsproject.org/materials/mp-1029878,HTTP 403
6958,Sr2ReN3,Computational Material,https://materialsproject.org/materials/mp-1029872,HTTP 403
6960,Ca5(OsN3)2,Computational Material,https://materialsproject.org/materials/mp-1029899,HTTP 403
6964,Y2(CN2)3,Computational Material,https://materialsproject.org/materials/mp-1029920,HTTP 403
6961,LiNbN2,Metal,https://materialsproject.org/materials/mp-1029903,HTTP 403
7135,LaMg3O4,Computational Material,https://materialsproject.org/materials/mp-1030635,HTTP 403
6962,Ca2SnN2,Computational Material,https://materialsproject.org/materials/mp-1029915,HTTP 403
6963,Ba(VN2)2,Metal,https://materialsproject.org/materials/mp-1029918,HTTP 403
7025,Ca3ReN4,Computational Material,https://materialsproject.org/materials/mp-1030245,HTTP 403
7072,Te3Mo2Se,Metal,https://materialsproject.org/materials/mp-1030447,HTTP 403
6966,RbRuN2,Computational Material,https://materialsproject.org/materials/mp-1029922,HTTP 403
6968,LiVN2,Metal,https://materialsproject.org/materials/mp-1029932,HTTP 403
6967,Sr2CrN3,Metal,https://materialsproject.org/materials/mp-1029923,HTTP 403
6970,K3W2N5,Metal,https://materialsproject.org/materials/mp-1029938,HTTP 403
6972,Ca3GaN3,Semiconductor,https://materialsproject.org/materials/mp-1029943,HTTP 403
6982,K15Os7N19,Computational Material,https://materialsproject.org/materials/mp-1029965,HTTP 403
6983,Rb15W7N19,Metal,https://materialsproject.org/materials/mp-1029967,HTTP 403
6980,Ca2MnN3,Metal,https://materialsproject.org/materials/mp-1029959,HTTP 403
6981,CsRuN2,Computational Material,https://materialsproject.org/materials/mp-1029960,HTTP 403
6984,Al2(CN2)3,Metal,https://materialsproject.org/materials/mp-1029975,HTTP 403
6985,KRuN2,Computational Material,https://materialsproject.org/materials/mp-1029978,HTTP 403
6986,Mg3WN4,Metal,https://materialsproject.org/materials/mp-1030015,HTTP 403
1656,CaLu2ZrO6,Ceramic,https://next-gen.materialsproject.org/materials/mp-aaaieizi,HTTP 403
1654,Ca3MoO6,Ceramic,https://next-gen.materialsproject.org/materials/mp-aaaieiyq,HTTP 403
1647,Sr2ScNbO6,Ceramic,https://next-gen.materialsproject.org/materials/mp-1208760,HTTP 403
1653,MgZrO3,Ceramic,https://next-gen.materialsproject.org/materials/mp-aaaieiym,HTTP 403
1645,ZnPb2WO6,Ceramic,https://next-gen.materialsproject.org/materials/mp-aaaieixf,HTTP 403
1668,CaPb2WO6,Ceramic,https://next-gen.materialsproject.org/materials/mp-aaaiejbd,HTTP 403
7749,LiSiBiO4,Semiconductor,https://next-gen.materialsproject.org/materials/mp-753327,HTTP 403
6318,LiCaMg14,Computational Material,https://next-gen.materialsproject.org/materials/mp-1028177,HTTP 403
4841,Lu2Cr2C3,Metal,https://next-gen.materialsproject.org/materials/mp-1025175,HTTP 403
7137,Li6RuN4,Computational Material,https://materialsproject.org/materials/mp-1030649,HTTP 403
7138,NaMg6GaO8,Semiconductor,https://materialsproject.org/materials/mp-1030655,HTTP 403
7144,NaMg6CO8,Computational Material,https://materialsproject.org/materials/mp-1030667,HTTP 403
10494,SAE-AISI 5155 (G51550) Chromium Steel,Metal,https://dl.asminternational.org/alloy-digest/article/28/11/SA-365/4405/AISI-5155Low-Chromium-Alloy-Steel,HTTP 403
7143,NaMg6BiO8,Computational Material,https://materialsproject.org/materials/mp-1030664,HTTP 403
7150,NaMg6BO7,Computational Material,https://materialsproject.org/materials/mp-1030690,HTTP 403
7161,NaMg6BO8,Computational Material,https://materialsproject.org/materials/mp-1030730,HTTP 403
7154,Na15W7N19,Metal,https://materialsproject.org/materials/mp-1030704,HTTP 403
7169,RbNaMg6O7,Computational Material,https://materialsproject.org/materials/mp-1030747,HTTP 403
1652,Sr3Sc2(SiO4)3,Semiconductor,https://materialsproject.org/materials/mp-aaaieiyh,HTTP 403
7171,Sr8Co3N8,Metal,https://materialsproject.org/materials/mp-1030752,HTTP 403
1658,CaGeO3,Semiconductor,https://materialsproject.org/materials/mp-aaaieizk,HTTP 403
1657,TiZn(BiO3)2,Ceramic,https://materialsproject.org/materials/mp-aaaieizj,HTTP 403
10464,SAE-AISI 8660 (G86600) Ni-Cr-Mo Steel,Metal,https://dl.asminternational.org/technical-books/monograph/141/chapter/2418802/Classification-of-Carbon-and-Low-Alloy-Steels,HTTP 403
10470,SAE-AISI 8115 (G81150) Ni-Cr-Mo Steel,Metal,https://dl.asminternational.org/technical-books/monograph/141/chapter/2418802/Classification-of-Carbon-and-Low-Alloy-Steels,HTTP 403
1662,Y3Al3(GaO6)2,Semiconductor,https://materialsproject.org/materials/mp-aaaieizx,HTTP 403
1660,YV(PbO3)2,Ceramic,https://materialsproject.org/materials/mp-aaaieizt,HTTP 403
1661,MgSn(BiO3)2,Computational Material,https://materialsproject.org/materials/mp-aaaieizu,HTTP 403
1667,AlV(PbO3)2,Ceramic,https://materialsproject.org/materials/mp-aaaiejay,HTTP 403
1665,CaMo(PbO3)2,Ceramic,https://materialsproject.org/materials/mp-aaaiejar,HTTP 403
11755,Polyacetal,Polymer,https://www.curbellplastics.com/materials/plastics/acetal/?srsltid=AU7gw4U0Wzz_gSGNnNrj0QL_tUyC9f8uFore1Bi_LORSZ51HbsRE22Nz,HTTP 403
6034,SrMg14Fe,Computational Material,https://materialsproject.org/materials/mp-1027865,HTTP 403
6237,Mg14MnSi,Semiconductor,https://materialsproject.org/materials/mp-1028096,HTTP 403
8865,Li2ZnAu,Computational Material,https://materialsproject.org/materials/mp-865871,HTTP 403
8777,YbErRh2,Computational Material,https://materialsproject.org/materials/mp-865749,HTTP 403
4916,Ti(CrSe2)2,Metal,https://materialsproject.org/materials/mp-1025279,HTTP 403
5157,Te2Mo2W(SeS)2,Metal,https://materialsproject.org/materials/mp-1025731,HTTP 403
6059,Mg14CoSn,Computational Material,https://materialsproject.org/materials/mp-1027892,HTTP 403
6263,CaMg14Cd,Semiconductor,https://materialsproject.org/materials/mp-1028122,HTTP 403
6450,Mg14VGa,Semiconductor,https://materialsproject.org/materials/mp-1028296,HTTP 403
6491,Mg14GaNi,Semiconductor,https://materialsproject.org/materials/mp-1028338,HTTP 403
8868,Li2AgHg,Computational Material,https://materialsproject.org/materials/mp-865874,HTTP 403
4929,SmC6,Computational Material,https://materialsproject.org/materials/mp-1025297,HTTP 403
5130,Te6Mo2W,Metal,https://materialsproject.org/materials/mp-1025629,HTTP 403
5117,Te2Mo,Metal,https://materialsproject.org/materials/mp-1025576,HTTP 403
5581,LaMg14Bi,Computational Material,https://materialsproject.org/materials/mp-1026729,HTTP 403
5550,SrMg14Si,Semiconductor,https://materialsproject.org/materials/mp-1026693,HTTP 403
2714,KSrEuSeO6,Computational Material,https://materialsproject.org/materials/mp-1522736,HTTP 403
69,ABS (Acrylonitrile Butadiene Styrene),Polymer,https://www.matweb.com/search/DataSheet.aspx?MatGUID=eb7a78f5948d481c9493a67f0d089646,HTTP 403
8656,Mn2VGe,Semiconductor,https://materialsproject.org/materials/mp-865554,HTTP 403
2695,KLaDyBiO6,Computational Material,https://materialsproject.org/materials/mp-1522669,HTTP 403
8675,VGeRu2,Semiconductor,https://materialsproject.org/materials/mp-865585,HTTP 403
8742,Eu3P,Computational Material,https://materialsproject.org/materials/mp-865685,HTTP 403
2611,Ba2NdSbO6,Semiconductor,https://materialsproject.org/materials/mp-1522439,HTTP 403
8745,TiSnRh2,Computational Material,https://materialsproject.org/materials/mp-865707,HTTP 403
8842,YbNdZn2,Computational Material,https://materialsproject.org/materials/mp-865843,HTTP 403
8872,Ti2TcNi,Computational Material,https://materialsproject.org/materials/mp-865878,HTTP 403
8843,Yb2CuIr,Computational Material,https://materialsproject.org/materials/mp-865845,HTTP 403
5348,Mg14TiSi,Semiconductor,https://materialsproject.org/materials/mp-1026490,HTTP 403
2858,NaLa(FeO3)4,Ceramic,https://materialsproject.org/materials/mp-1523161,HTTP 403
4729,TmInCu4,Semiconductor,https://materialsproject.org/materials/mp-1024957,HTTP 403
8789,YbGdRh2,Computational Material,https://materialsproject.org/materials/mp-865764,HTTP 403
8854,Li2TmIn,Semiconductor,https://materialsproject.org/materials/mp-865860,HTTP 403
6859,SrGeN2,Semiconductor,https://materialsproject.org/materials/mp-1029497,HTTP 403
6858,RbNbN2,Metal,https://materialsproject.org/materials/mp-1029493,HTTP 403
10504,SAE-AISI 5147 (G51470) Chromium Steel,Metal,https://dl.asminternational.org/technical-books/monograph/141/chapter/2418802/Classification-of-Carbon-and-Low-Alloy-Steels,HTTP 403
4805,DyInPt4,Semiconductor,https://materialsproject.org/materials/mp-1025113,HTTP 403
4889,ScGa5Co,Semiconductor,https://materialsproject.org/materials/mp-1025242,HTTP 403
7633,PmHgRh2,Computational Material,https://materialsproject.org/materials/mp-862913,HTTP 403
4509,Mg6ZrMn,Computational Material,https://materialsproject.org/materials/mp-1023155,HTTP 403
10699,UNS S35140 Stainless Steel,Metal,https://dl.asminternational.org/alloy-digest/article/70/2/SS-1331/15547/ATI-20-25-Nb26Ni-21Cr-2Mn-1-5Mo-0-5Nb-0-14N,HTTP 403
4899,MgPPd5,Metal,https://materialsproject.org/materials/mp-1025261,HTTP 403
6873,Ba3RuN3,Computational Material,https://materialsproject.org/materials/mp-1029537,HTTP 403
4380,YMg6C,Computational Material,https://materialsproject.org/materials/mp-1022684,HTTP 403
7642,PmInNi2,Semiconductor,https://materialsproject.org/materials/mp-862922,HTTP 403
4703,YMg3O4,Computational Material,https://materialsproject.org/materials/mp-1024046,HTTP 403
4542,Mg6AlBi,Computational Material,https://materialsproject.org/materials/mp-1023262,HTTP 403
4670,MoW(SeS)2,Metal,https://materialsproject.org/materials/mp-1023930,HTTP 403
4689,TeMoS,Metal,https://materialsproject.org/materials/mp-1023959,HTTP 403
4710,Fe2SiS4,Semiconductor,https://materialsproject.org/materials/mp-1024054,HTTP 403
4787,NdB2Ir3,Computational Material,https://materialsproject.org/materials/mp-1025068,HTTP 403
9971,ASTM Grade 325 Grey Cast Iron,Metal,https://dl.asminternational.org/handbooks/edited-volume/52/chapter/642028/Mechanical-Properties-of-Gray-Irons,HTTP 403
11016,EN 1.4378 (X6CrMnNiN18-13-3) Stainless Steel,Metal,https://bssa.org.uk/bssa_articles/chemical-composition-of-stainless-steel-long-products-for-general-purposes-to-bs-en-10088-3/,HTTP 403
11552,Experimental Steel Grade 163,Metal,https://www.kaggle.com/datasets/ritwikbasu/steel-properties-and-composition,HTTP 404
11390,Experimental Steel Grade 1,Metal,https://www.kaggle.com/datasets/ritwikbasu/steel-properties-and-composition,HTTP 404
11566,Experimental Steel Grade 177,Metal,https://www.kaggle.com/datasets/ritwikbasu/steel-properties-and-composition,HTTP 404
11530,Experimental Steel Grade 141,Metal,https://www.kaggle.com/datasets/ritwikbasu/steel-properties-and-composition,HTTP 404
11612,Experimental Steel Grade 223,Metal,https://www.kaggle.com/datasets/ritwikbasu/steel-properties-and-composition,HTTP 404
11629,Experimental Steel Grade 240,Metal,https://www.kaggle.com/datasets/ritwikbasu/steel-properties-and-composition,HTTP 404
11690,Experimental Steel Grade 301,Metal,https://www.kaggle.com/datasets/ritwikbasu/steel-properties-and-composition,HTTP 404
11581,Experimental Steel Grade 192,Metal,https://www.kaggle.com/datasets/ritwikbasu/steel-properties-and-composition,HTTP 404
11584,Experimental Steel Grade 195,Metal,https://www.kaggle.com/datasets/ritwikbasu/steel-properties-and-composition,HTTP 404
11665,Experimental Steel Grade 276,Metal,https://www.kaggle.com/datasets/ritwikbasu/steel-properties-and-composition,HTTP 404
11668,Experimental Steel Grade 279,Metal,https://www.kaggle.com/datasets/ritwikbasu/steel-properties-and-composition,HTTP 404
11686,Experimental Steel Grade 297,Metal,https://www.kaggle.com/datasets/ritwikbasu/steel-properties-and-composition,HTTP 404
11290,Aluminium Alloy 5251 H26 Sheet_152,Metal,https://www.aalco.co.uk/datasheets/Aluminium-Alloy-5251-H26-Sheet_152.ashx,HTTP 404
11292,Aluminium Alloy 5454 O and H111 Sheet_238,Metal,https://www.aalco.co.uk/datasheets/Aluminium-Alloy-5454-O-and-H111-Sheet_238.ashx,HTTP 404
11301,Aluminium Alloy 6061 T6 Extrusions_145,Metal,https://www.aalco.co.uk/datasheets/Aalco-Metals-Ltd_Aluminium-Alloy-6061-T6-Extrusions_145.pdf.ashx,HTTP 404
11305,Aluminium Alloy 6063A T6 Extrusions_339,Metal,https://www.aalco.co.uk/datasheets/Aluminium-Alloy-6063A-T6-Extrusions_339.ashx,HTTP 404
11303,Aluminium Alloy 6063 T4 Extruded Rod and Bar_159,Metal,https://www.aalco.co.uk/datasheets/Aluminium-Alloy-6063-T4-Extruded-Rod-and-Bar_159.ashx,HTTP 404
11306,Aluminium Alloy 6082 0 Sheet_146,Metal,https://www.aalco.co.uk/datasheets/Aluminium-Alloy-6082-0-Sheet_146.ashx,HTTP 404
11309,Aluminium Alloy 6082 T6T651 Plate_148,Metal,https://www.aalco.co.uk/datasheets/Aluminium-Alloy-6082-T6T651-Plate_148.ashx,HTTP 404
11310,Aluminium Alloy 6082 T6T651 Sheet_335,Metal,https://www.aalco.co.uk/datasheets/Aluminium-Alloy-6082-T6T651-Sheet_335.ashx,HTTP 404
11304,Aluminium Alloy 6063A T4 Extrusions_161,Metal,https://www.aalco.co.uk/datasheets/Aluminium-Alloy-6063A-T4-Extrusions_161.ashx,HTTP 404
11312,Aluminium Alloy 6101A T6 Extrusions Bar_357,Metal,https://www.aalco.co.uk/datasheets/Aluminium-Alloy-6101A-T6-Extrusions-Bar_357.ashx,HTTP 404
11317,Aluminium Alloy GAL C250 Precision Milled Plate_457,Metal,https://www.aalco.co.uk/datasheets/Aalco-Metals-Ltd_Aluminium-Alloy-GAL-C250-Precision-Milled-Plate_457.pdf.ashx,HTTP 404
11320,Aluminium Alloy Transition Joint_55,Metal,https://www.aalco.co.uk/datasheets/Aluminium-Alloy-Transition-Joint_55.ashx,HTTP 404
9445,Aluminium Alloy 2011 T3 Rod and Bar_3,Metal,https://www.aalco.co.uk/datasheets/Aluminium-Alloy-2011-T3-Rod-and-Bar_3.ashx,HTTP 404
11443,Experimental Steel Grade 54,Metal,https://www.kaggle.com/datasets/ritwikbasu/steel-properties-and-composition,HTTP 404
11444,Experimental Steel Grade 55,Metal,https://www.kaggle.com/datasets/ritwikbasu/steel-properties-and-composition,HTTP 404
11445,Experimental Steel Grade 56,Metal,https://www.kaggle.com/datasets/ritwikbasu/steel-properties-and-composition,HTTP 404
11446,Experimental Steel Grade 57,Metal,https://www.kaggle.com/datasets/ritwikbasu/steel-properties-and-composition,HTTP 404
11447,Experimental Steel Grade 58,Metal,https://www.kaggle.com/datasets/ritwikbasu/steel-properties-and-composition,HTTP 404
11448,Experimental Steel Grade 59,Metal,https://www.kaggle.com/datasets/ritwikbasu/steel-properties-and-composition,HTTP 404
11449,Experimental Steel Grade 60,Metal,https://www.kaggle.com/datasets/ritwikbasu/steel-properties-and-composition,HTTP 404
11442,Experimental Steel Grade 53,Metal,https://www.kaggle.com/datasets/ritwikbasu/steel-properties-and-composition,HTTP 404
11453,Experimental Steel Grade 64,Metal,https://www.kaggle.com/datasets/ritwikbasu/steel-properties-and-composition,HTTP 404
11452,Experimental Steel Grade 63,Metal,https://www.kaggle.com/datasets/ritwikbasu/steel-properties-and-composition,HTTP 404
11451,Experimental Steel Grade 62,Metal,https://www.kaggle.com/datasets/ritwikbasu/steel-properties-and-composition,HTTP 404
11460,Experimental Steel Grade 71,Metal,https://www.kaggle.com/datasets/ritwikbasu/steel-properties-and-composition,HTTP 404
11461,Experimental Steel Grade 72,Metal,https://www.kaggle.com/datasets/ritwikbasu/steel-properties-and-composition,HTTP 404
11454,Experimental Steel Grade 65,Metal,https://www.kaggle.com/datasets/ritwikbasu/steel-properties-and-composition,HTTP 404
11462,Experimental Steel Grade 73,Metal,https://www.kaggle.com/datasets/ritwikbasu/steel-properties-and-composition,HTTP 404
11450,Experimental Steel Grade 61,Metal,https://www.kaggle.com/datasets/ritwikbasu/steel-properties-and-composition,HTTP 404
11463,Experimental Steel Grade 74,Metal,https://www.kaggle.com/datasets/ritwikbasu/steel-properties-and-composition,HTTP 404
11464,Experimental Steel Grade 75,Metal,https://www.kaggle.com/datasets/ritwikbasu/steel-properties-and-composition,HTTP 404
11467,Experimental Steel Grade 78,Metal,https://www.kaggle.com/datasets/ritwikbasu/steel-properties-and-composition,HTTP 404
11465,Experimental Steel Grade 76,Metal,https://www.kaggle.com/datasets/ritwikbasu/steel-properties-and-composition,HTTP 404
11466,Experimental Steel Grade 77,Metal,https://www.kaggle.com/datasets/ritwikbasu/steel-properties-and-composition,HTTP 404
11468,Experimental Steel Grade 79,Metal,https://www.kaggle.com/datasets/ritwikbasu/steel-properties-and-composition,HTTP 404
11470,Experimental Steel Grade 81,Metal,https://www.kaggle.com/datasets/ritwikbasu/steel-properties-and-composition,HTTP 404
11471,Experimental Steel Grade 82,Metal,https://www.kaggle.com/datasets/ritwikbasu/steel-properties-and-composition,HTTP 404
11473,Experimental Steel Grade 84,Metal,https://www.kaggle.com/datasets/ritwikbasu/steel-properties-and-composition,HTTP 404
11472,Experimental Steel Grade 83,Metal,https://www.kaggle.com/datasets/ritwikbasu/steel-properties-and-composition,HTTP 404
11477,Experimental Steel Grade 88,Metal,https://www.kaggle.com/datasets/ritwikbasu/steel-properties-and-composition,HTTP 404
11474,Experimental Steel Grade 85,Metal,https://www.kaggle.com/datasets/ritwikbasu/steel-properties-and-composition,HTTP 404
11475,Experimental Steel Grade 86,Metal,https://www.kaggle.com/datasets/ritwikbasu/steel-properties-and-composition,HTTP 404
11476,Experimental Steel Grade 87,Metal,https://www.kaggle.com/datasets/ritwikbasu/steel-properties-and-composition,HTTP 404
11484,Experimental Steel Grade 95,Metal,https://www.kaggle.com/datasets/ritwikbasu/steel-properties-and-composition,HTTP 404
11480,Experimental Steel Grade 91,Metal,https://www.kaggle.com/datasets/ritwikbasu/steel-properties-and-composition,HTTP 404
11483,Experimental Steel Grade 94,Metal,https://www.kaggle.com/datasets/ritwikbasu/steel-properties-and-composition,HTTP 404
11481,Experimental Steel Grade 92,Metal,https://www.kaggle.com/datasets/ritwikbasu/steel-properties-and-composition,HTTP 404
11482,Experimental Steel Grade 93,Metal,https://www.kaggle.com/datasets/ritwikbasu/steel-properties-and-composition,HTTP 404
11479,Experimental Steel Grade 90,Metal,https://www.kaggle.com/datasets/ritwikbasu/steel-properties-and-composition,HTTP 404
11486,Experimental Steel Grade 97,Metal,https://www.kaggle.com/datasets/ritwikbasu/steel-properties-and-composition,HTTP 404
11487,Experimental Steel Grade 98,Metal,https://www.kaggle.com/datasets/ritwikbasu/steel-properties-and-composition,HTTP 404
11489,Experimental Steel Grade 100,Metal,https://www.kaggle.com/datasets/ritwikbasu/steel-properties-and-composition,HTTP 404
11491,Experimental Steel Grade 102,Metal,https://www.kaggle.com/datasets/ritwikbasu/steel-properties-and-composition,HTTP 404
11490,Experimental Steel Grade 101,Metal,https://www.kaggle.com/datasets/ritwikbasu/steel-properties-and-composition,HTTP 404
11543,Experimental Steel Grade 154,Metal,https://www.kaggle.com/datasets/ritwikbasu/steel-properties-and-composition,HTTP 404
11544,Experimental Steel Grade 155,Metal,https://www.kaggle.com/datasets/ritwikbasu/steel-properties-and-composition,HTTP 404
11548,Experimental Steel Grade 159,Metal,https://www.kaggle.com/datasets/ritwikbasu/steel-properties-and-composition,HTTP 404
11545,Experimental Steel Grade 156,Metal,https://www.kaggle.com/datasets/ritwikbasu/steel-properties-and-composition,HTTP 404
11549,Experimental Steel Grade 160,Metal,https://www.kaggle.com/datasets/ritwikbasu/steel-properties-and-composition,HTTP 404
11550,Experimental Steel Grade 161,Metal,https://www.kaggle.com/datasets/ritwikbasu/steel-properties-and-composition,HTTP 404
11555,Experimental Steel Grade 166,Metal,https://www.kaggle.com/datasets/ritwikbasu/steel-properties-and-composition,HTTP 404
11551,Experimental Steel Grade 162,Metal,https://www.kaggle.com/datasets/ritwikbasu/steel-properties-and-composition,HTTP 404
11558,Experimental Steel Grade 169,Metal,https://www.kaggle.com/datasets/ritwikbasu/steel-properties-and-composition,HTTP 404
11559,Experimental Steel Grade 170,Metal,https://www.kaggle.com/datasets/ritwikbasu/steel-properties-and-composition,HTTP 404
11557,Experimental Steel Grade 168,Metal,https://www.kaggle.com/datasets/ritwikbasu/steel-properties-and-composition,HTTP 404
11572,Experimental Steel Grade 183,Metal,https://www.kaggle.com/datasets/ritwikbasu/steel-properties-and-composition,HTTP 404
11569,Experimental Steel Grade 180,Metal,https://www.kaggle.com/datasets/ritwikbasu/steel-properties-and-composition,HTTP 404
11573,Experimental Steel Grade 184,Metal,https://www.kaggle.com/datasets/ritwikbasu/steel-properties-and-composition,HTTP 404
11574,Experimental Steel Grade 185,Metal,https://www.kaggle.com/datasets/ritwikbasu/steel-properties-and-composition,HTTP 404
11575,Experimental Steel Grade 186,Metal,https://www.kaggle.com/datasets/ritwikbasu/steel-properties-and-composition,HTTP 404
11565,Experimental Steel Grade 176,Metal,https://www.kaggle.com/datasets/ritwikbasu/steel-properties-and-composition,HTTP 404
11576,Experimental Steel Grade 187,Metal,https://www.kaggle.com/datasets/ritwikbasu/steel-properties-and-composition,HTTP 404
11577,Experimental Steel Grade 188,Metal,https://www.kaggle.com/datasets/ritwikbasu/steel-properties-and-composition,HTTP 404
11587,Experimental Steel Grade 198,Metal,https://www.kaggle.com/datasets/ritwikbasu/steel-properties-and-composition,HTTP 404
11580,Experimental Steel Grade 191,Metal,https://www.kaggle.com/datasets/ritwikbasu/steel-properties-and-composition,HTTP 404
11588,Experimental Steel Grade 199,Metal,https://www.kaggle.com/datasets/ritwikbasu/steel-properties-and-composition,HTTP 404
11589,Experimental Steel Grade 200,Metal,https://www.kaggle.com/datasets/ritwikbasu/steel-properties-and-composition,HTTP 404
11579,Experimental Steel Grade 190,Metal,https://www.kaggle.com/datasets/ritwikbasu/steel-properties-and-composition,HTTP 404
11642,Experimental Steel Grade 253,Metal,https://www.kaggle.com/datasets/ritwikbasu/steel-properties-and-composition,HTTP 404
11591,Experimental Steel Grade 202,Metal,https://www.kaggle.com/datasets/ritwikbasu/steel-properties-and-composition,HTTP 404
11590,Experimental Steel Grade 201,Metal,https://www.kaggle.com/datasets/ritwikbasu/steel-properties-and-composition,HTTP 404
11302,Aluminium Alloy 6063 0 Extrusions_160,Metal,https://www.aalco.co.uk/datasheets/Aalco-Metals-Ltd_Aluminium-Alloy-6063-0-Extrusions_160.pdf.ashx,HTTP 404
11644,Experimental Steel Grade 255,Metal,https://www.kaggle.com/datasets/ritwikbasu/steel-properties-and-composition,HTTP 404
11645,Experimental Steel Grade 256,Metal,https://www.kaggle.com/datasets/ritwikbasu/steel-properties-and-composition,HTTP 404
11643,Experimental Steel Grade 254,Metal,https://www.kaggle.com/datasets/ritwikbasu/steel-properties-and-composition,HTTP 404
11647,Experimental Steel Grade 258,Metal,https://www.kaggle.com/datasets/ritwikbasu/steel-properties-and-composition,HTTP 404
11650,Experimental Steel Grade 261,Metal,https://www.kaggle.com/datasets/ritwikbasu/steel-properties-and-composition,HTTP 404
11651,Experimental Steel Grade 262,Metal,https://www.kaggle.com/datasets/ritwikbasu/steel-properties-and-composition,HTTP 404
11652,Experimental Steel Grade 263,Metal,https://www.kaggle.com/datasets/ritwikbasu/steel-properties-and-composition,HTTP 404
11649,Experimental Steel Grade 260,Metal,https://www.kaggle.com/datasets/ritwikbasu/steel-properties-and-composition,HTTP 404
11654,Experimental Steel Grade 265,Metal,https://www.kaggle.com/datasets/ritwikbasu/steel-properties-and-composition,HTTP 404
11655,Experimental Steel Grade 266,Metal,https://www.kaggle.com/datasets/ritwikbasu/steel-properties-and-composition,HTTP 404
11659,Experimental Steel Grade 270,Metal,https://www.kaggle.com/datasets/ritwikbasu/steel-properties-and-composition,HTTP 404
11660,Experimental Steel Grade 271,Metal,https://www.kaggle.com/datasets/ritwikbasu/steel-properties-and-composition,HTTP 404
11661,Experimental Steel Grade 272,Metal,https://www.kaggle.com/datasets/ritwikbasu/steel-properties-and-composition,HTTP 404
11662,Experimental Steel Grade 273,Metal,https://www.kaggle.com/datasets/ritwikbasu/steel-properties-and-composition,HTTP 404
11663,Experimental Steel Grade 274,Metal,https://www.kaggle.com/datasets/ritwikbasu/steel-properties-and-composition,HTTP 404
11664,Experimental Steel Grade 275,Metal,https://www.kaggle.com/datasets/ritwikbasu/steel-properties-and-composition,HTTP 404
11672,Experimental Steel Grade 283,Metal,https://www.kaggle.com/datasets/ritwikbasu/steel-properties-and-composition,HTTP 404
11674,Experimental Steel Grade 285,Metal,https://www.kaggle.com/datasets/ritwikbasu/steel-properties-and-composition,HTTP 404
11673,Experimental Steel Grade 284,Metal,https://www.kaggle.com/datasets/ritwikbasu/steel-properties-and-composition,HTTP 404
11676,Experimental Steel Grade 287,Metal,https://www.kaggle.com/datasets/ritwikbasu/steel-properties-and-composition,HTTP 404
11677,Experimental Steel Grade 288,Metal,https://www.kaggle.com/datasets/ritwikbasu/steel-properties-and-composition,HTTP 404
11657,Experimental Steel Grade 268,Metal,https://www.kaggle.com/datasets/ritwikbasu/steel-properties-and-composition,HTTP 404
11678,Experimental Steel Grade 289,Metal,https://www.kaggle.com/datasets/ritwikbasu/steel-properties-and-composition,HTTP 404
11679,Experimental Steel Grade 290,Metal,https://www.kaggle.com/datasets/ritwikbasu/steel-properties-and-composition,HTTP 404
11680,Experimental Steel Grade 291,Metal,https://www.kaggle.com/datasets/ritwikbasu/steel-properties-and-composition,HTTP 404
11681,Experimental Steel Grade 292,Metal,https://www.kaggle.com/datasets/ritwikbasu/steel-properties-and-composition,HTTP 404
11314,Aluminium Alloy 6106 T6 Extrusions_154,Metal,https://www.aalco.co.uk/datasheets/Aalco-Metals-Ltd_Aluminium-Alloy-6106-T6-Extrusions_154.pdf.ashx,HTTP 404
11307,Aluminium Alloy 6082 T4 Extrusions_147,Metal,https://www.aalco.co.uk/datasheets/Aluminium-Alloy-6082-T4-Extrusions_147.ashx,HTTP 404
9435,1.4542 (17/4 & 630) Bar,Other,https://www.aalco.co.uk/datasheets/Stainless-Steel-14542-Bar_100.ashx,HTTP 404
11392,Experimental Steel Grade 3,Metal,https://www.kaggle.com/datasets/ritwikbasu/steel-properties-and-composition,HTTP 404
11391,Experimental Steel Grade 2,Metal,https://www.kaggle.com/datasets/ritwikbasu/steel-properties-and-composition,HTTP 404
11393,Experimental Steel Grade 4,Metal,https://www.kaggle.com/datasets/ritwikbasu/steel-properties-and-composition,HTTP 404
11394,Experimental Steel Grade 5,Metal,https://www.kaggle.com/datasets/ritwikbasu/steel-properties-and-composition,HTTP 404
11397,Experimental Steel Grade 8,Metal,https://www.kaggle.com/datasets/ritwikbasu/steel-properties-and-composition,HTTP 404
11396,Experimental Steel Grade 7,Metal,https://www.kaggle.com/datasets/ritwikbasu/steel-properties-and-composition,HTTP 404
11399,Experimental Steel Grade 10,Metal,https://www.kaggle.com/datasets/ritwikbasu/steel-properties-and-composition,HTTP 404
11398,Experimental Steel Grade 9,Metal,https://www.kaggle.com/datasets/ritwikbasu/steel-properties-and-composition,HTTP 404
11400,Experimental Steel Grade 11,Metal,https://www.kaggle.com/datasets/ritwikbasu/steel-properties-and-composition,HTTP 404
11401,Experimental Steel Grade 12,Metal,https://www.kaggle.com/datasets/ritwikbasu/steel-properties-and-composition,HTTP 404
11403,Experimental Steel Grade 14,Metal,https://www.kaggle.com/datasets/ritwikbasu/steel-properties-and-composition,HTTP 404
11402,Experimental Steel Grade 13,Metal,https://www.kaggle.com/datasets/ritwikbasu/steel-properties-and-composition,HTTP 404
11404,Experimental Steel Grade 15,Metal,https://www.kaggle.com/datasets/ritwikbasu/steel-properties-and-composition,HTTP 404
11406,Experimental Steel Grade 17,Metal,https://www.kaggle.com/datasets/ritwikbasu/steel-properties-and-composition,HTTP 404
11407,Experimental Steel Grade 18,Metal,https://www.kaggle.com/datasets/ritwikbasu/steel-properties-and-composition,HTTP 404
11405,Experimental Steel Grade 16,Metal,https://www.kaggle.com/datasets/ritwikbasu/steel-properties-and-composition,HTTP 404
11409,Experimental Steel Grade 20,Metal,https://www.kaggle.com/datasets/ritwikbasu/steel-properties-and-composition,HTTP 404
11411,Experimental Steel Grade 22,Metal,https://www.kaggle.com/datasets/ritwikbasu/steel-properties-and-composition,HTTP 404
11410,Experimental Steel Grade 21,Metal,https://www.kaggle.com/datasets/ritwikbasu/steel-properties-and-composition,HTTP 404
11412,Experimental Steel Grade 23,Metal,https://www.kaggle.com/datasets/ritwikbasu/steel-properties-and-composition,HTTP 404
11414,Experimental Steel Grade 25,Metal,https://www.kaggle.com/datasets/ritwikbasu/steel-properties-and-composition,HTTP 404
11413,Experimental Steel Grade 24,Metal,https://www.kaggle.com/datasets/ritwikbasu/steel-properties-and-composition,HTTP 404
11415,Experimental Steel Grade 26,Metal,https://www.kaggle.com/datasets/ritwikbasu/steel-properties-and-composition,HTTP 404
11417,Experimental Steel Grade 28,Metal,https://www.kaggle.com/datasets/ritwikbasu/steel-properties-and-composition,HTTP 404
11416,Experimental Steel Grade 27,Metal,https://www.kaggle.com/datasets/ritwikbasu/steel-properties-and-composition,HTTP 404
11418,Experimental Steel Grade 29,Metal,https://www.kaggle.com/datasets/ritwikbasu/steel-properties-and-composition,HTTP 404
11420,Experimental Steel Grade 31,Metal,https://www.kaggle.com/datasets/ritwikbasu/steel-properties-and-composition,HTTP 404
11419,Experimental Steel Grade 30,Metal,https://www.kaggle.com/datasets/ritwikbasu/steel-properties-and-composition,HTTP 404
11423,Experimental Steel Grade 34,Metal,https://www.kaggle.com/datasets/ritwikbasu/steel-properties-and-composition,HTTP 404
11421,Experimental Steel Grade 32,Metal,https://www.kaggle.com/datasets/ritwikbasu/steel-properties-and-composition,HTTP 404
11422,Experimental Steel Grade 33,Metal,https://www.kaggle.com/datasets/ritwikbasu/steel-properties-and-composition,HTTP 404
11424,Experimental Steel Grade 35,Metal,https://www.kaggle.com/datasets/ritwikbasu/steel-properties-and-composition,HTTP 404
11426,Experimental Steel Grade 37,Metal,https://www.kaggle.com/datasets/ritwikbasu/steel-properties-and-composition,HTTP 404
11427,Experimental Steel Grade 38,Metal,https://www.kaggle.com/datasets/ritwikbasu/steel-properties-and-composition,HTTP 404
11425,Experimental Steel Grade 36,Metal,https://www.kaggle.com/datasets/ritwikbasu/steel-properties-and-composition,HTTP 404
11429,Experimental Steel Grade 40,Metal,https://www.kaggle.com/datasets/ritwikbasu/steel-properties-and-composition,HTTP 404
11430,Experimental Steel Grade 41,Metal,https://www.kaggle.com/datasets/ritwikbasu/steel-properties-and-composition,HTTP 404
11431,Experimental Steel Grade 42,Metal,https://www.kaggle.com/datasets/ritwikbasu/steel-properties-and-composition,HTTP 404
11432,Experimental Steel Grade 43,Metal,https://www.kaggle.com/datasets/ritwikbasu/steel-properties-and-composition,HTTP 404
11434,Experimental Steel Grade 45,Metal,https://www.kaggle.com/datasets/ritwikbasu/steel-properties-and-composition,HTTP 404
11436,Experimental Steel Grade 47,Metal,https://www.kaggle.com/datasets/ritwikbasu/steel-properties-and-composition,HTTP 404
11435,Experimental Steel Grade 46,Metal,https://www.kaggle.com/datasets/ritwikbasu/steel-properties-and-composition,HTTP 404
11438,Experimental Steel Grade 49,Metal,https://www.kaggle.com/datasets/ritwikbasu/steel-properties-and-composition,HTTP 404
11440,Experimental Steel Grade 51,Metal,https://www.kaggle.com/datasets/ritwikbasu/steel-properties-and-composition,HTTP 404
11441,Experimental Steel Grade 52,Metal,https://www.kaggle.com/datasets/ritwikbasu/steel-properties-and-composition,HTTP 404
11458,Experimental Steel Grade 69,Metal,https://www.kaggle.com/datasets/ritwikbasu/steel-properties-and-composition,HTTP 404
11457,Experimental Steel Grade 68,Metal,https://www.kaggle.com/datasets/ritwikbasu/steel-properties-and-composition,HTTP 404
11459,Experimental Steel Grade 70,Metal,https://www.kaggle.com/datasets/ritwikbasu/steel-properties-and-composition,HTTP 404
11478,Experimental Steel Grade 89,Metal,https://www.kaggle.com/datasets/ritwikbasu/steel-properties-and-composition,HTTP 404
11493,Experimental Steel Grade 104,Metal,https://www.kaggle.com/datasets/ritwikbasu/steel-properties-and-composition,HTTP 404
11492,Experimental Steel Grade 103,Metal,https://www.kaggle.com/datasets/ritwikbasu/steel-properties-and-composition,HTTP 404
11495,Experimental Steel Grade 106,Metal,https://www.kaggle.com/datasets/ritwikbasu/steel-properties-and-composition,HTTP 404
11494,Experimental Steel Grade 105,Metal,https://www.kaggle.com/datasets/ritwikbasu/steel-properties-and-composition,HTTP 404
11498,Experimental Steel Grade 109,Metal,https://www.kaggle.com/datasets/ritwikbasu/steel-properties-and-composition,HTTP 404
11497,Experimental Steel Grade 108,Metal,https://www.kaggle.com/datasets/ritwikbasu/steel-properties-and-composition,HTTP 404
11496,Experimental Steel Grade 107,Metal,https://www.kaggle.com/datasets/ritwikbasu/steel-properties-and-composition,HTTP 404
11500,Experimental Steel Grade 111,Metal,https://www.kaggle.com/datasets/ritwikbasu/steel-properties-and-composition,HTTP 404
11501,Experimental Steel Grade 112,Metal,https://www.kaggle.com/datasets/ritwikbasu/steel-properties-and-composition,HTTP 404
11502,Experimental Steel Grade 113,Metal,https://www.kaggle.com/datasets/ritwikbasu/steel-properties-and-composition,HTTP 404
11503,Experimental Steel Grade 114,Metal,https://www.kaggle.com/datasets/ritwikbasu/steel-properties-and-composition,HTTP 404
11504,Experimental Steel Grade 115,Metal,https://www.kaggle.com/datasets/ritwikbasu/steel-properties-and-composition,HTTP 404
11505,Experimental Steel Grade 116,Metal,https://www.kaggle.com/datasets/ritwikbasu/steel-properties-and-composition,HTTP 404
11506,Experimental Steel Grade 117,Metal,https://www.kaggle.com/datasets/ritwikbasu/steel-properties-and-composition,HTTP 404
11507,Experimental Steel Grade 118,Metal,https://www.kaggle.com/datasets/ritwikbasu/steel-properties-and-composition,HTTP 404
11508,Experimental Steel Grade 119,Metal,https://www.kaggle.com/datasets/ritwikbasu/steel-properties-and-composition,HTTP 404
11509,Experimental Steel Grade 120,Metal,https://www.kaggle.com/datasets/ritwikbasu/steel-properties-and-composition,HTTP 404
11510,Experimental Steel Grade 121,Metal,https://www.kaggle.com/datasets/ritwikbasu/steel-properties-and-composition,HTTP 404
11511,Experimental Steel Grade 122,Metal,https://www.kaggle.com/datasets/ritwikbasu/steel-properties-and-composition,HTTP 404
11513,Experimental Steel Grade 124,Metal,https://www.kaggle.com/datasets/ritwikbasu/steel-properties-and-composition,HTTP 404
11512,Experimental Steel Grade 123,Metal,https://www.kaggle.com/datasets/ritwikbasu/steel-properties-and-composition,HTTP 404
11515,Experimental Steel Grade 126,Metal,https://www.kaggle.com/datasets/ritwikbasu/steel-properties-and-composition,HTTP 404
11514,Experimental Steel Grade 125,Metal,https://www.kaggle.com/datasets/ritwikbasu/steel-properties-and-composition,HTTP 404
11516,Experimental Steel Grade 127,Metal,https://www.kaggle.com/datasets/ritwikbasu/steel-properties-and-composition,HTTP 404
11517,Experimental Steel Grade 128,Metal,https://www.kaggle.com/datasets/ritwikbasu/steel-properties-and-composition,HTTP 404
11519,Experimental Steel Grade 130,Metal,https://www.kaggle.com/datasets/ritwikbasu/steel-properties-and-composition,HTTP 404
11522,Experimental Steel Grade 133,Metal,https://www.kaggle.com/datasets/ritwikbasu/steel-properties-and-composition,HTTP 404
11521,Experimental Steel Grade 132,Metal,https://www.kaggle.com/datasets/ritwikbasu/steel-properties-and-composition,HTTP 404
11524,Experimental Steel Grade 135,Metal,https://www.kaggle.com/datasets/ritwikbasu/steel-properties-and-composition,HTTP 404
11525,Experimental Steel Grade 136,Metal,https://www.kaggle.com/datasets/ritwikbasu/steel-properties-and-composition,HTTP 404
11526,Experimental Steel Grade 137,Metal,https://www.kaggle.com/datasets/ritwikbasu/steel-properties-and-composition,HTTP 404
11527,Experimental Steel Grade 138,Metal,https://www.kaggle.com/datasets/ritwikbasu/steel-properties-and-composition,HTTP 404
11529,Experimental Steel Grade 140,Metal,https://www.kaggle.com/datasets/ritwikbasu/steel-properties-and-composition,HTTP 404
11532,Experimental Steel Grade 143,Metal,https://www.kaggle.com/datasets/ritwikbasu/steel-properties-and-composition,HTTP 404
11531,Experimental Steel Grade 142,Metal,https://www.kaggle.com/datasets/ritwikbasu/steel-properties-and-composition,HTTP 404
11533,Experimental Steel Grade 144,Metal,https://www.kaggle.com/datasets/ritwikbasu/steel-properties-and-composition,HTTP 404
11534,Experimental Steel Grade 145,Metal,https://www.kaggle.com/datasets/ritwikbasu/steel-properties-and-composition,HTTP 404
11535,Experimental Steel Grade 146,Metal,https://www.kaggle.com/datasets/ritwikbasu/steel-properties-and-composition,HTTP 404
11537,Experimental Steel Grade 148,Metal,https://www.kaggle.com/datasets/ritwikbasu/steel-properties-and-composition,HTTP 404
11538,Experimental Steel Grade 149,Metal,https://www.kaggle.com/datasets/ritwikbasu/steel-properties-and-composition,HTTP 404
11536,Experimental Steel Grade 147,Metal,https://www.kaggle.com/datasets/ritwikbasu/steel-properties-and-composition,HTTP 404
11540,Experimental Steel Grade 151,Metal,https://www.kaggle.com/datasets/ritwikbasu/steel-properties-and-composition,HTTP 404
11541,Experimental Steel Grade 152,Metal,https://www.kaggle.com/datasets/ritwikbasu/steel-properties-and-composition,HTTP 404
11539,Experimental Steel Grade 150,Metal,https://www.kaggle.com/datasets/ritwikbasu/steel-properties-and-composition,HTTP 404
11547,Experimental Steel Grade 158,Metal,https://www.kaggle.com/datasets/ritwikbasu/steel-properties-and-composition,HTTP 404
11553,Experimental Steel Grade 164,Metal,https://www.kaggle.com/datasets/ritwikbasu/steel-properties-and-composition,HTTP 404
11554,Experimental Steel Grade 165,Metal,https://www.kaggle.com/datasets/ritwikbasu/steel-properties-and-composition,HTTP 404
11562,Experimental Steel Grade 173,Metal,https://www.kaggle.com/datasets/ritwikbasu/steel-properties-and-composition,HTTP 404
11568,Experimental Steel Grade 179,Metal,https://www.kaggle.com/datasets/ritwikbasu/steel-properties-and-composition,HTTP 404
11563,Experimental Steel Grade 174,Metal,https://www.kaggle.com/datasets/ritwikbasu/steel-properties-and-composition,HTTP 404
11556,Experimental Steel Grade 167,Metal,https://www.kaggle.com/datasets/ritwikbasu/steel-properties-and-composition,HTTP 404
11567,Experimental Steel Grade 178,Metal,https://www.kaggle.com/datasets/ritwikbasu/steel-properties-and-composition,HTTP 404
11570,Experimental Steel Grade 181,Metal,https://www.kaggle.com/datasets/ritwikbasu/steel-properties-and-composition,HTTP 404
11571,Experimental Steel Grade 182,Metal,https://www.kaggle.com/datasets/ritwikbasu/steel-properties-and-composition,HTTP 404
11582,Experimental Steel Grade 193,Metal,https://www.kaggle.com/datasets/ritwikbasu/steel-properties-and-composition,HTTP 404
11583,Experimental Steel Grade 194,Metal,https://www.kaggle.com/datasets/ritwikbasu/steel-properties-and-composition,HTTP 404
9429,Stainless Steel - Austenitic - 201~201L~202~204,Stainless Steel,https://www.aalco.co.uk/datasheets/Stainless-Steel-201201L202204_97.ashx,HTTP 404
9440,Aluminium Alloy 5005 H34 Sheet_137,Metal,https://www.aalco.co.uk/datasheets/Aluminium-Alloy-5005-H34-Sheet_137.ashx,HTTP 404
11585,Experimental Steel Grade 196,Metal,https://www.kaggle.com/datasets/ritwikbasu/steel-properties-and-composition,HTTP 404
11586,Experimental Steel Grade 197,Metal,https://www.kaggle.com/datasets/ritwikbasu/steel-properties-and-composition,HTTP 404
11594,Experimental Steel Grade 205,Metal,https://www.kaggle.com/datasets/ritwikbasu/steel-properties-and-composition,HTTP 404
11593,Experimental Steel Grade 204,Metal,https://www.kaggle.com/datasets/ritwikbasu/steel-properties-and-composition,HTTP 404
11595,Experimental Steel Grade 206,Metal,https://www.kaggle.com/datasets/ritwikbasu/steel-properties-and-composition,HTTP 404
11592,Experimental Steel Grade 203,Metal,https://www.kaggle.com/datasets/ritwikbasu/steel-properties-and-composition,HTTP 404
11597,Experimental Steel Grade 208,Metal,https://www.kaggle.com/datasets/ritwikbasu/steel-properties-and-composition,HTTP 404
11598,Experimental Steel Grade 209,Metal,https://www.kaggle.com/datasets/ritwikbasu/steel-properties-and-composition,HTTP 404
11596,Experimental Steel Grade 207,Metal,https://www.kaggle.com/datasets/ritwikbasu/steel-properties-and-composition,HTTP 404
11600,Experimental Steel Grade 211,Metal,https://www.kaggle.com/datasets/ritwikbasu/steel-properties-and-composition,HTTP 404
11601,Experimental Steel Grade 212,Metal,https://www.kaggle.com/datasets/ritwikbasu/steel-properties-and-composition,HTTP 404
11599,Experimental Steel Grade 210,Metal,https://www.kaggle.com/datasets/ritwikbasu/steel-properties-and-composition,HTTP 404
11602,Experimental Steel Grade 213,Metal,https://www.kaggle.com/datasets/ritwikbasu/steel-properties-and-composition,HTTP 404
11604,Experimental Steel Grade 215,Metal,https://www.kaggle.com/datasets/ritwikbasu/steel-properties-and-composition,HTTP 404
11603,Experimental Steel Grade 214,Metal,https://www.kaggle.com/datasets/ritwikbasu/steel-properties-and-composition,HTTP 404
11606,Experimental Steel Grade 217,Metal,https://www.kaggle.com/datasets/ritwikbasu/steel-properties-and-composition,HTTP 404
11605,Experimental Steel Grade 216,Metal,https://www.kaggle.com/datasets/ritwikbasu/steel-properties-and-composition,HTTP 404
11608,Experimental Steel Grade 219,Metal,https://www.kaggle.com/datasets/ritwikbasu/steel-properties-and-composition,HTTP 404
11607,Experimental Steel Grade 218,Metal,https://www.kaggle.com/datasets/ritwikbasu/steel-properties-and-composition,HTTP 404
11609,Experimental Steel Grade 220,Metal,https://www.kaggle.com/datasets/ritwikbasu/steel-properties-and-composition,HTTP 404
11610,Experimental Steel Grade 221,Metal,https://www.kaggle.com/datasets/ritwikbasu/steel-properties-and-composition,HTTP 404
11611,Experimental Steel Grade 222,Metal,https://www.kaggle.com/datasets/ritwikbasu/steel-properties-and-composition,HTTP 404
11613,Experimental Steel Grade 224,Metal,https://www.kaggle.com/datasets/ritwikbasu/steel-properties-and-composition,HTTP 404
11614,Experimental Steel Grade 225,Metal,https://www.kaggle.com/datasets/ritwikbasu/steel-properties-and-composition,HTTP 404
11615,Experimental Steel Grade 226,Metal,https://www.kaggle.com/datasets/ritwikbasu/steel-properties-and-composition,HTTP 404
11616,Experimental Steel Grade 227,Metal,https://www.kaggle.com/datasets/ritwikbasu/steel-properties-and-composition,HTTP 404
11617,Experimental Steel Grade 228,Metal,https://www.kaggle.com/datasets/ritwikbasu/steel-properties-and-composition,HTTP 404
11618,Experimental Steel Grade 229,Metal,https://www.kaggle.com/datasets/ritwikbasu/steel-properties-and-composition,HTTP 404
11619,Experimental Steel Grade 230,Metal,https://www.kaggle.com/datasets/ritwikbasu/steel-properties-and-composition,HTTP 404
11285,Aluminium Alloy 5052 H32 Triple Grip Treadplate_47,Metal,https://www.aalco.co.uk/datasheets/Aluminium-Alloy-5052-H32-Triple-Grip-Treadplate_47.ashx,HTTP 404
11286,Aluminium Alloy 5083 H32 Sheet_140,Metal,https://www.aalco.co.uk/datasheets/Aluminium-Alloy-5083-H32-Sheet_140.ashx,HTTP 404
11620,Experimental Steel Grade 231,Metal,https://www.kaggle.com/datasets/ritwikbasu/steel-properties-and-composition,HTTP 404
11300,Aluminium Alloy 6060 T5  Extrusions_144,Metal,https://www.aalco.co.uk/datasheets/Aalco-Metals-Ltd_Aluminium-Alloy-6060-T5--Extrusions_144.pdf.ashx,HTTP 404
11297,Aluminium Alloy 5754 H26 Sheet_341,Metal,https://www.aalco.co.uk/datasheets/Aluminium-Alloy-5754-H26-Sheet_341.ashx,HTTP 404
11299,Aluminium Alloy 6026 T9 Rod and Bar_143,Metal,https://aalco.co.uk/datasheets/Aluminium-Alloy-6026-T9-Rod-and-Bar_143.ashx,HTTP 404
11623,Experimental Steel Grade 234,Metal,https://www.kaggle.com/datasets/ritwikbasu/steel-properties-and-composition,HTTP 404
11628,Experimental Steel Grade 239,Metal,https://www.kaggle.com/datasets/ritwikbasu/steel-properties-and-composition,HTTP 404
11622,Experimental Steel Grade 233,Metal,https://www.kaggle.com/datasets/ritwikbasu/steel-properties-and-composition,HTTP 404
11625,Experimental Steel Grade 236,Metal,https://www.kaggle.com/datasets/ritwikbasu/steel-properties-and-composition,HTTP 404
11621,Experimental Steel Grade 232,Metal,https://www.kaggle.com/datasets/ritwikbasu/steel-properties-and-composition,HTTP 404
11624,Experimental Steel Grade 235,Metal,https://www.kaggle.com/datasets/ritwikbasu/steel-properties-and-composition,HTTP 404
11627,Experimental Steel Grade 238,Metal,https://www.kaggle.com/datasets/ritwikbasu/steel-properties-and-composition,HTTP 404
11626,Experimental Steel Grade 237,Metal,https://www.kaggle.com/datasets/ritwikbasu/steel-properties-and-composition,HTTP 404
9442,Aluminium Alloy - Aalcopanel Composite Panels,Aluminium,https://www.aalco.co.uk/datasheets/Aluminium-Alloy-Aalcopanel-Composite-Panels_258.ashx,HTTP 404
9438,Aluminium Alloy 3103 H14 Sheet_298,Metal,https://www.aalco.co.uk/datasheets/Aalco-Metals-Ltd_Aluminium-Alloy-3103-H14-Sheet_298.pdf.ashx,HTTP 404
11632,Experimental Steel Grade 243,Metal,https://www.kaggle.com/datasets/ritwikbasu/steel-properties-and-composition,HTTP 404
11633,Experimental Steel Grade 244,Metal,https://www.kaggle.com/datasets/ritwikbasu/steel-properties-and-composition,HTTP 404
11630,Experimental Steel Grade 241,Metal,https://www.kaggle.com/datasets/ritwikbasu/steel-properties-and-composition,HTTP 404
11634,Experimental Steel Grade 245,Metal,https://www.kaggle.com/datasets/ritwikbasu/steel-properties-and-composition,HTTP 404
11631,Experimental Steel Grade 242,Metal,https://www.kaggle.com/datasets/ritwikbasu/steel-properties-and-composition,HTTP 404
11637,Experimental Steel Grade 248,Metal,https://www.kaggle.com/datasets/ritwikbasu/steel-properties-and-composition,HTTP 404
11636,Experimental Steel Grade 247,Metal,https://www.kaggle.com/datasets/ritwikbasu/steel-properties-and-composition,HTTP 404
11635,Experimental Steel Grade 246,Metal,https://www.kaggle.com/datasets/ritwikbasu/steel-properties-and-composition,HTTP 404
9444,Aluminium Alloy 1050A H14 Sheet_57,Metal,https://www.aalco.co.uk/datasheets/Aalco-Metals-Ltd_Aluminium-Alloy-1050A-H14-Sheet_57.pdf.ashx,HTTP 404
9450,Aluminium Alloy 4015 H14 Sheet_60,Metal,https://www.aalco.co.uk/datasheets/Aluminium-Alloy-4015-H14-Sheet_60.ashx,HTTP 404
11638,Experimental Steel Grade 249,Metal,https://www.kaggle.com/datasets/ritwikbasu/steel-properties-and-composition,HTTP 404
11639,Experimental Steel Grade 250,Metal,https://www.kaggle.com/datasets/ritwikbasu/steel-properties-and-composition,HTTP 404
11641,Experimental Steel Grade 252,Metal,https://www.kaggle.com/datasets/ritwikbasu/steel-properties-and-composition,HTTP 404
11640,Experimental Steel Grade 251,Metal,https://www.kaggle.com/datasets/ritwikbasu/steel-properties-and-composition,HTTP 404
11658,Experimental Steel Grade 269,Metal,https://www.kaggle.com/datasets/ritwikbasu/steel-properties-and-composition,HTTP 404
11564,Experimental Steel Grade 175,Metal,https://www.kaggle.com/datasets/ritwikbasu/steel-properties-and-composition,HTTP 404
11666,Experimental Steel Grade 277,Metal,https://www.kaggle.com/datasets/ritwikbasu/steel-properties-and-composition,HTTP 404
11646,Experimental Steel Grade 257,Metal,https://www.kaggle.com/datasets/ritwikbasu/steel-properties-and-composition,HTTP 404
11578,Experimental Steel Grade 189,Metal,https://www.kaggle.com/datasets/ritwikbasu/steel-properties-and-composition,HTTP 404
11656,Experimental Steel Grade 267,Metal,https://www.kaggle.com/datasets/ritwikbasu/steel-properties-and-composition,HTTP 404
11653,Experimental Steel Grade 264,Metal,https://www.kaggle.com/datasets/ritwikbasu/steel-properties-and-composition,HTTP 404
11648,Experimental Steel Grade 259,Metal,https://www.kaggle.com/datasets/ritwikbasu/steel-properties-and-composition,HTTP 404
11667,Experimental Steel Grade 278,Metal,https://www.kaggle.com/datasets/ritwikbasu/steel-properties-and-composition,HTTP 404
11669,Experimental Steel Grade 280,Metal,https://www.kaggle.com/datasets/ritwikbasu/steel-properties-and-composition,HTTP 404
11670,Experimental Steel Grade 281,Metal,https://www.kaggle.com/datasets/ritwikbasu/steel-properties-and-composition,HTTP 404
11671,Experimental Steel Grade 282,Metal,https://www.kaggle.com/datasets/ritwikbasu/steel-properties-and-composition,HTTP 404
11675,Experimental Steel Grade 286,Metal,https://www.kaggle.com/datasets/ritwikbasu/steel-properties-and-composition,HTTP 404
11683,Experimental Steel Grade 294,Metal,https://www.kaggle.com/datasets/ritwikbasu/steel-properties-and-composition,HTTP 404
11682,Experimental Steel Grade 293,Metal,https://www.kaggle.com/datasets/ritwikbasu/steel-properties-and-composition,HTTP 404
11684,Experimental Steel Grade 295,Metal,https://www.kaggle.com/datasets/ritwikbasu/steel-properties-and-composition,HTTP 404
11685,Experimental Steel Grade 296,Metal,https://www.kaggle.com/datasets/ritwikbasu/steel-properties-and-composition,HTTP 404
11688,Experimental Steel Grade 299,Metal,https://www.kaggle.com/datasets/ritwikbasu/steel-properties-and-composition,HTTP 404
11689,Experimental Steel Grade 300,Metal,https://www.kaggle.com/datasets/ritwikbasu/steel-properties-and-composition,HTTP 404
11687,Experimental Steel Grade 298,Metal,https://www.kaggle.com/datasets/ritwikbasu/steel-properties-and-composition,HTTP 404
11691,Experimental Steel Grade 302,Metal,https://www.kaggle.com/datasets/ritwikbasu/steel-properties-and-composition,HTTP 404
11692,Experimental Steel Grade 303,Metal,https://www.kaggle.com/datasets/ritwikbasu/steel-properties-and-composition,HTTP 404
11694,Experimental Steel Grade 305,Metal,https://www.kaggle.com/datasets/ritwikbasu/steel-properties-and-composition,HTTP 404
11693,Experimental Steel Grade 304,Metal,https://www.kaggle.com/datasets/ritwikbasu/steel-properties-and-composition,HTTP 404
11695,Experimental Steel Grade 306,Metal,https://www.kaggle.com/datasets/ritwikbasu/steel-properties-and-composition,HTTP 404
11696,Experimental Steel Grade 307,Metal,https://www.kaggle.com/datasets/ritwikbasu/steel-properties-and-composition,HTTP 404
11697,Experimental Steel Grade 308,Metal,https://www.kaggle.com/datasets/ritwikbasu/steel-properties-and-composition,HTTP 404
11698,Experimental Steel Grade 309,Metal,https://www.kaggle.com/datasets/ritwikbasu/steel-properties-and-composition,HTTP 404
11699,Experimental Steel Grade 310,Metal,https://www.kaggle.com/datasets/ritwikbasu/steel-properties-and-composition,HTTP 404
11700,Experimental Steel Grade 311,Metal,https://www.kaggle.com/datasets/ritwikbasu/steel-properties-and-composition,HTTP 404
11701,Experimental Steel Grade 312,Metal,https://www.kaggle.com/datasets/ritwikbasu/steel-properties-and-composition,HTTP 404
11091,EN 1.4439 (X2CrNiMoN17-13-5) Stainless Steel,Metal,https://www.rostfrei-stahl.com/en/info-centre/material-data-sheet/14439/,HTTP 404
9443,Aluminium Alloy 1050 0 Sheet_58,Metal,https://www.aalco.co.uk/datasheets/Aluminium-Alloy-1050-0-Sheet_58.ashx,HTTP 404
9432,201~201L~202~204,Other,https://www.aalco.co.uk/datasheets/Stainless-Steel-201201L202204_97.ashx,HTTP 404
11455,Experimental Steel Grade 66,Metal,https://www.kaggle.com/datasets/ritwikbasu/steel-properties-and-composition,HTTP 404
11456,Experimental Steel Grade 67,Metal,https://www.kaggle.com/datasets/ritwikbasu/steel-properties-and-composition,HTTP 404
11546,Experimental Steel Grade 157,Metal,https://www.kaggle.com/datasets/ritwikbasu/steel-properties-and-composition,HTTP 404
11542,Experimental Steel Grade 153,Metal,https://www.kaggle.com/datasets/ritwikbasu/steel-properties-and-composition,HTTP 404
11940,AISI 409 Stainless Steel,Stainless Steel,https://www.azom.com/article.aspx?ArticleID=968,HTTP 404
11955,Compacted Graphite Iron (CGI),Cast Iron,https://www.sintercast.com/media/1239/compacted-graphite-iron-material-data-sheet.pdf,HTTP 404
9425,Aluminium Alloy 6063 T6 Extrusions_158,Metal,https://www.aalco.co.uk/datasheets/Aalco-Metals-Ltd_Aluminium-Alloy-6063-T6-Extrusions_158.pdf.ashx,HTTP 404
11315,Aluminium Alloy 6262 T6 Extrusions_156,Metal,https://www.aalco.co.uk/datasheets/Aluminium-Alloy-6262-T6-Extrusions_156.ashx,HTTP 404
9434,Stainless Steel - Martensitic - 1.4006 Bar,Stainless Steel,https://www.aalco.co.uk/datasheets/Stainless-Steel-14006-Bar_315.ashx,HTTP 404
9448,Aluminium Alloy 2014A T6511 Extrusion_342,Metal,https://www.aalco.co.uk/datasheets/Aluminium-Alloy-2014A-T6511-Extrusion_342.ashx,HTTP 404
9449,Aluminium Alloy 3003 0 Sheet_59,Metal,https://www.aalco.co.uk/datasheets/Aluminium-Alloy-3003-0-Sheet_59.ashx,HTTP 404
9451,Aluminium Alloy 4925 H12 Sheet_136,Metal,https://www.aalco.co.uk/datasheets/Aluminium-Alloy-4925-H12-Sheet_136.ashx,HTTP 404
11316,Aluminium Alloy DNV Certified Marine Extrusions Extrusions_419,Metal,https://www.aalco.co.uk/datasheets/Aalco-Metals-Ltd_Aluminium-Alloy-DNV-Certified-Marine-Extrusions-Extrusions_419.pdf.ashx,HTTP 404
11560,Experimental Steel Grade 171,Metal,https://www.kaggle.com/datasets/ritwikbasu/steel-properties-and-composition,HTTP 404
11308,Aluminium Alloy 6082 T6 Extrusions_338,Metal,https://www.aalco.co.uk/datasheets/Aluminium-Alloy-6082-T6-Extrusions_338.ashx,HTTP 404
11488,Experimental Steel Grade 99,Metal,https://www.kaggle.com/datasets/ritwikbasu/steel-properties-and-composition,HTTP 404
11485,Experimental Steel Grade 96,Metal,https://www.kaggle.com/datasets/ritwikbasu/steel-properties-and-composition,HTTP 404
9427,Lariver GRP,GRP,https://www.aalco.co.uk/datasheets/GRP-Lariver-GRP_46.ashx,HTTP 404
11561,Experimental Steel Grade 172,Metal,https://www.kaggle.com/datasets/ritwikbasu/steel-properties-and-composition,HTTP 404
11469,Experimental Steel Grade 80,Metal,https://www.kaggle.com/datasets/ritwikbasu/steel-properties-and-composition,HTTP 404
11395,Experimental Steel Grade 6,Metal,https://www.kaggle.com/datasets/ritwikbasu/steel-properties-and-composition,HTTP 404
11408,Experimental Steel Grade 19,Metal,https://www.kaggle.com/datasets/ritwikbasu/steel-properties-and-composition,HTTP 404
11428,Experimental Steel Grade 39,Metal,https://www.kaggle.com/datasets/ritwikbasu/steel-properties-and-composition,HTTP 404
11433,Experimental Steel Grade 44,Metal,https://www.kaggle.com/datasets/ritwikbasu/steel-properties-and-composition,HTTP 404
11437,Experimental Steel Grade 48,Metal,https://www.kaggle.com/datasets/ritwikbasu/steel-properties-and-composition,HTTP 404
11518,Experimental Steel Grade 129,Metal,https://www.kaggle.com/datasets/ritwikbasu/steel-properties-and-composition,HTTP 404
11520,Experimental Steel Grade 131,Metal,https://www.kaggle.com/datasets/ritwikbasu/steel-properties-and-composition,HTTP 404
11439,Experimental Steel Grade 50,Metal,https://www.kaggle.com/datasets/ritwikbasu/steel-properties-and-composition,HTTP 404
11523,Experimental Steel Grade 134,Metal,https://www.kaggle.com/datasets/ritwikbasu/steel-properties-and-composition,HTTP 404
11499,Experimental Steel Grade 110,Metal,https://www.kaggle.com/datasets/ritwikbasu/steel-properties-and-composition,HTTP 404
11528,Experimental Steel Grade 139,Metal,https://www.kaggle.com/datasets/ritwikbasu/steel-properties-and-composition,HTTP 404
10082,EN 1.4508 (GX2CrNiMoN19-11-3) Cast Stainless Steel,Metal,https://www.fabdigit.com/materials/stainless-steel-1-4508/,HTTP 429
10991,EN 1.4020 (X13CrMnNiN18-13-2) Stainless Steel,Metal,https://www.fabdigit.com/materials/stainless-steel-1-4020/,HTTP 429
10000,AWS ER80S-Ni3 or ER55S-Ni3 (K31240) Weld Metal,Metal,https://www.fabdigit.com/materials/steel-er80s-ni3/,HTTP 429
10689,UNS S17600 (Alloy 635) Stainless Steel,Metal,https://www.fabdigit.com/materials/stainless-steel-17-6ph/,HTTP 429
10336,EN 1.5508 (23B2) Boron Steel,Steel,https://www.fabdigit.com/materials/steel-23b2/,HTTP 429
10332,EN 1.5535 (23MnB4) Boron Steel,Alloy special steel,https://www.fabdigit.com/materials/steel-23mnb4/,HTTP 429
10347,EN 1.7241 60CrMo3 3 Chromium Molybdenum Steel,Steel,https://www.fabdigit.com/materials/steel-60crmo3-3/,HTTP 429
10363,EN 1.7240 (60CrMo3-2) Chromium-Molybdenum Steel,Steel,https://www.fabdigit.com/materials/steel-60crmo3-2/,HTTP 429
10356,EN 1.5113 (8MnSi7) Silicon Steel,Steel,https://www.fabdigit.com/materials/steel-8mnsi7/,HTTP 429
10777,EN 1.6554 (G25NiCrMo6) Cast Steel,Metal,https://www.fabdigit.com/materials/steel-g25nicrmo6/,HTTP 429
10794,EN 1.0454 (GE270) Cast Non-Alloy Steel,Metal,https://www.fabdigit.com/materials/steel-ge270/,HTTP 429
10806,EN 1.4710 (GX30CrSi7) Cast Stainless Steel,Metal,https://www.fabdigit.com/materials/stainless-steel-1-4710/,HTTP 429
10854,SAE-AISI A8 (T30108) Air-Hardening Steel,Metal,https://www.fabdigit.com/materials/steel-a8/,HTTP 429
10986,ASTM A369 Grade FP21 Cr-Mo Steel,Metal,https://www.fabdigit.com/materials/steel-a369-fp21/,HTTP 429
10262,EN 1.7014 (17CrS3) Chromium Steel,Metal,https://www.fabdigit.com/materials/steel-17crs3/,HTTP 429
10093,EN 1.4515 (GX3CrNiMoCuN26-6-3) Cast Stainless Steel,Metal,https://www.fabdigit.com/materials/stainless-steel-1-4515/,HTTP 429
10469,SAE-AISI 4621 (G46210) Nickel Steel,Metal,https://www.fabdigit.com/materials/steel-4621/,HTTP 429
11725,6463 T6 Aluminum,,https://www.fabdigit.com/materials/compare/aluminum-6463-t4-vs-aluminum-6463-t6/,HTTP 429
10414,EN 1.7160 (16MnCrB5) Chromium Steel,Metal,https://www.fabdigit.com/materials/steel-16mncrb5/,HTTP 429
10593,SAE-AISI 1037 (G10370) Carbon Steel,Metal,https://www.fabdigit.com/materials/steel-1037/,HTTP 429
10741,EN 1.7376 (GX15CrMo9-1) Cast Steel,Metal,https://www.fabdigit.com/materials/steel-gx15crmo9-1/,HTTP 429
10759,EN 1.7367 (GX10CrMoV9-1) Cast Steel,Metal,https://www.fabdigit.com/materials/steel-gx10crmov9-1/,HTTP 429
10768,EN 1.6553 (G25NiCrMo3) Cast Steel,Metal,https://www.fabdigit.com/materials/steel-g25nicrmo3/,HTTP 429
11065,UNS S30435 Stainless Steel,Metal,https://www.fabdigit.com/materials/stainless-steel-s30435/,HTTP 429
11195,UNS S81921 Stainless Steel,Metal,https://www.fabdigit.com/materials/stainless-steel-s81921/,HTTP 429
10313,EN 1.7177 (60Cr3) Chromium Steel,Metal,https://www.fabdigit.com/materials/steel-60cr3/,HTTP 429
6346,1435 (A91435) Aluminum,Metal,https://www.fabdigit.com/materials/aluminum-1435/,HTTP 429
10322,EN 1.7239 (60CrMo3-1) Chromium-Molybdenum Steel,Metal,https://www.fabdigit.com/materials/steel-60crmo3-1/,HTTP 429
10408,Grade VDC Spring Steel,Metal,https://www.fabdigit.com/materials/steel-61sicrv6/,HTTP 429
10439,"SAE-AISI 9310 (1.6657,G93106) Ni-Cr-Mo Steel",Metal,https://www.fabdigit.com/materials/steel-9310/,HTTP 429
10572,"SAE-AISI 1086 (1.1269,G10860) Carbon Steel",Metal,https://www.fabdigit.com/materials/steel-1086/,HTTP 429
10034,EN 1.4557 (GX2CrNiMoCuN20-18-6) Cast Stainless Steel,Metal,https://www.fabdigit.com/materials/stainless-steel-1-4557/,HTTP 429
11220,UNS S42010 Stainless Steel,Metal,https://www.fabdigit.com/materials/stainless-steel-s42010/,HTTP 429
11228,UNS S64512 (XM-32) Stainless Steel,Metal,https://www.fabdigit.com/materials/stainless-steel-xm-32/,HTTP 429
10828,EN 1.3961 (GX3Ni36) Casting Alloy,Metal,https://www.fabdigit.com/materials/steel-gx3ni36/,HTTP 429
10297,EN 1.5502 (17B2) Boron Steel,Metal,https://www.fabdigit.com/materials/steel-17b2/,HTTP 429
10305,EN 1.5501 (15B2) Boron Steel,Metal,https://www.fabdigit.com/materials/steel-15b2/,HTTP 429
10392,EN 1.5522 (22MnB4) Boron Steel,Metal,https://www.fabdigit.com/materials/steel-22mnb4/,HTTP 429
10121,H1100 Hardened CB7Cu-2 Cast Stainless Steel,Metal,https://www.fabdigit.com/materials/stainless-steel-cb7cu-2/a/,HTTP 429
11151,UNS S82012 Stainless Steel,Stainless Steel,https://www.fabdigit.com/materials/stainless-steel-s32001/,HTTP 429
10379,EN 1.3519 (100CrMnSi6-6) Through-Hardening Bearing Steel,Metal,https://www.fabdigit.com/materials/steel-100crmnsi6-6/,HTTP 429
10104,EN 1.4518 (GX2CrNiMo19-11-3) Cast Stainless Steel,Metal,https://www.fabdigit.com/materials/stainless-steel-1-4518/,HTTP 429
10489,SAE-AISI 4626 (G46260) Nickel Steel,Metal,https://www.fabdigit.com/materials/steel-4626/,HTTP 429
10706,UNS N08320 Stainless Steel,Metal,https://www.fabdigit.com/materials/stainless-steel-n08320/,HTTP 429
11122,UNS S30441 Stainless Steel,Metal,https://www.fabdigit.com/materials/stainless-steel-s30441/,HTTP 429
10345,EN 1.7335 (13CrMo4-5) Chromium-Molybdenum  Steel,Metal,https://phi-motion.com/13CrMo4-5-13CrMo4-4-1-7335--F11-35-56,HTTP 500
11004,EN 1.4982 (X10CrNiMoMnNbVB15-10-1) Stainless Steel,Metal,https://www.tool-die-steels.com/grades/stainless-steels/31/6193/1-4982-steel.html,HTTP 500
11089,AISI 302B (S30215) Stainless Steel,Metal,https://www.tool-die-steels.com/grades/stainless-steels/31/423/S30215-steel.html,HTTP 500
1455,PtC,Computational Material,https://oqmd.org/materials/entry/21517,HTTP 502
1439,ZrS,Computational Material,https://oqmd.org/materials/entry/18905,HTTP 502
1111,Ta,Computational Material,https://oqmd.org/materials/entry/7517,HTTP 502
1459,Zn,Metal,https://oqmd.org/materials/entry/9225,HTTP 502
1119,Zr,Computational Material,https://oqmd.org/materials/entry/9320,HTTP 502
1485,HfC,Computational Material,https://oqmd.org/materials/entry/4149,HTTP 502
1406,Sc,Computational Material,https://oqmd.org/materials/entry/8146,HTTP 502
1482,AlNi,Computational Material,https://oqmd.org/materials/entry/10516,HTTP 502
1477,MnPt,Computational Material,https://oqmd.org/materials/entry/17680,HTTP 502
1478,CeCd,Computational Material,https://oqmd.org/materials/entry/11012,HTTP 502
1479,YN,Computational Material,https://oqmd.org/materials/entry/6913,HTTP 502
1494,MgAu,Computational Material,https://oqmd.org/materials/entry/10777,HTTP 502
1500,GeTe,Computational Material,https://oqmd.org/materials/entry/8001,HTTP 502
1498,CaO,Computational Material,https://oqmd.org/materials/entry/5181,HTTP 502
1496,LiF,Computational Material,https://oqmd.org/materials/entry/7484,HTTP 502
1497,TaC,Computational Material,https://oqmd.org/materials/entry/5179,HTTP 502
1180,ErMg,Computational Material,https://oqmd.org/materials/entry/30004,HTTP 502
1398,ErTl,Computational Material,https://oqmd.org/materials/entry/30061,HTTP 502
1153,LuMg,Computational Material,https://oqmd.org/materials/entry/17612,HTTP 502
1203,HoSe,Computational Material,https://oqmd.org/materials/entry/8122,HTTP 502
1204,TlSn,Computational Material,https://oqmd.org/materials/entry/18131,HTTP 502
1207,YbRu,Computational Material,https://oqmd.org/materials/entry/18904,HTTP 502
1205,LuPd,Computational Material,https://oqmd.org/materials/entry/17621,HTTP 502
1206,YbRh,Computational Material,https://oqmd.org/materials/entry/18903,HTTP 502
1208,LuRh,Computational Material,https://oqmd.org/materials/entry/17625,HTTP 502
1211,SrTl,Computational Material,https://oqmd.org/materials/entry/18140,HTTP 502
1210,LuRu,Computational Material,https://oqmd.org/materials/entry/17627,HTTP 502
1213,LuZn,Computational Material,https://oqmd.org/materials/entry/17629,HTTP 502
1214,NdMg,Computational Material,https://oqmd.org/materials/entry/17630,HTTP 502
1221,YbSn,Computational Material,https://oqmd.org/materials/entry/18136,HTTP 502
1223,VOs,Computational Material,https://oqmd.org/materials/entry/19422,HTTP 502
1222,NbRh,Computational Material,https://oqmd.org/materials/entry/30785,HTTP 502
1228,TaTc,Computational Material,https://oqmd.org/materials/entry/18145,HTTP 502
1225,ScP,Computational Material,https://oqmd.org/materials/entry/22243,HTTP 502
1218,NaH,Computational Material,https://oqmd.org/materials/entry/6318,HTTP 502
1232,TbTl,Computational Material,https://oqmd.org/materials/entry/18148,HTTP 502
1231,HfOs,Computational Material,https://oqmd.org/materials/entry/17380,HTTP 502
1237,CsAu,Computational Material,https://oqmd.org/materials/entry/10711,HTTP 502
1235,ErPd,Computational Material,https://oqmd.org/materials/entry/30025,HTTP 502
1227,CdAu,Computational Material,https://oqmd.org/materials/entry/10705,HTTP 502
1167,CaSe,Computational Material,https://oqmd.org/materials/entry/7648,HTTP 502
1236,MgPd,Computational Material,https://oqmd.org/materials/entry/17638,HTTP 502
1234,TiHg,Computational Material,https://oqmd.org/materials/entry/30536,HTTP 502
1238,RbAu,Computational Material,https://oqmd.org/materials/entry/10712,HTTP 502
1268,GeC,Computational Material,https://oqmd.org/materials/entry/22473,HTTP 502
1239,PrMg,Computational Material,https://oqmd.org/materials/entry/17640,HTTP 502
1242,HfRh,Computational Material,https://oqmd.org/materials/entry/17386,HTTP 502
1245,CaCd,Computational Material,https://oqmd.org/materials/entry/10972,HTTP 502
1248,TiTc,Computational Material,https://oqmd.org/materials/entry/18156,HTTP 502
1240,TbZn,Computational Material,https://oqmd.org/materials/entry/18152,HTTP 502
1247,FePd,Computational Material,https://oqmd.org/materials/entry/22248,HTTP 502
1249,HfRu,Computational Material,https://oqmd.org/materials/entry/17389,HTTP 502
1250,VTc,Computational Material,https://oqmd.org/materials/entry/18157,HTTP 502
1256,ErAu,Computational Material,https://oqmd.org/materials/entry/10720,HTTP 502
1253,CeMg,Computational Material,https://oqmd.org/materials/entry/20463,HTTP 502
1254,PmMg,Computational Material,https://oqmd.org/materials/entry/20464,HTTP 502
1255,YCu,Computational Material,https://oqmd.org/materials/entry/20721,HTTP 502
1252,MgRh,Computational Material,https://oqmd.org/materials/entry/17646,HTTP 502
1251,TbSb,Computational Material,https://oqmd.org/materials/entry/8156,HTTP 502
1257,HfTc,Computational Material,https://oqmd.org/materials/entry/17392,HTTP 502
1259,EuMg,Computational Material,https://oqmd.org/materials/entry/20465,HTTP 502
1258,TiOs,Computational Material,https://oqmd.org/materials/entry/17904,HTTP 502
1260,GdMg,Computational Material,https://oqmd.org/materials/entry/20466,HTTP 502
1267,Sn,Computational Material,https://oqmd.org/materials/entry/9297,HTTP 502
1261,SmMg,Computational Material,https://oqmd.org/materials/entry/17650,HTTP 502
1263,ZnRh,Computational Material,https://oqmd.org/materials/entry/18674,HTTP 502
1262,ZrOs,Computational Material,https://oqmd.org/materials/entry/17906,HTTP 502
1420,NiO,Computational Material,https://oqmd.org/materials/entry/2580,HTTP 502
1274,HoHg,Computational Material,https://oqmd.org/materials/entry/17397,HTTP 502
1342,CdPt,Computational Material,https://oqmd.org/materials/entry/29022,HTTP 502
1327,MgTl,Computational Material,https://oqmd.org/materials/entry/17660,HTTP 502
1410,NdHg,Computational Material,https://oqmd.org/materials/entry/17419,HTTP 502
1229,TiAl,Computational Material,https://oqmd.org/materials/entry/27974,HTTP 502
1283,CuO,Ceramic,https://oqmd.org/materials/entry/11469,HTTP 502
1217,ScN,Computational Material,https://oqmd.org/materials/entry/22242,HTTP 502
1209,AgI,Computational Material,https://oqmd.org/materials/entry/20443,HTTP 502
1216,TiFe,Computational Material,https://oqmd.org/materials/entry/19423,HTTP 502
1270,ZnO,Computational Material,https://oqmd.org/materials/entry/20684,HTTP 502
1299,ZnTe,Semiconductor,https://oqmd.org/materials/entry/17353,HTTP 502
1344,CrN,Computational Material,https://oqmd.org/materials/entry/6912,HTTP 502
1315,MnSe,Computational Material,https://oqmd.org/materials/entry/4578,HTTP 502
1436,FeO,Ceramic,https://oqmd.org/materials/entry/5404,HTTP 502
1399,ZrN,Computational Material,https://oqmd.org/materials/entry/22285,HTTP 502
1372,NbN,Computational Material,https://oqmd.org/materials/entry/1797,HTTP 502
1354,BeO,Computational Material,https://oqmd.org/materials/entry/20737,HTTP 502
1387,WC,Computational Material,https://oqmd.org/materials/entry/3084,HTTP 502
1393,ZnS,Computational Material,https://oqmd.org/materials/entry/7652,HTTP 502
1408,HCl,Computational Material,https://oqmd.org/materials/entry/5615,HTTP 502
1397,ZrC,Computational Material,https://oqmd.org/materials/entry/22284,HTTP 502
1345,PbSe,Computational Material,https://oqmd.org/materials/entry/14035,HTTP 502
1486,VC,Computational Material,https://oqmd.org/materials/entry/4150,HTTP 502
1488,CrTe,Computational Material,https://oqmd.org/materials/entry/22268,HTTP 502
1341,PrCd,Computational Material,https://oqmd.org/materials/entry/29020,HTTP 502
1457,AlRu,Computational Material,https://oqmd.org/materials/entry/18193,HTTP 502
1154,MnAu,Computational Material,https://oqmd.org/materials/entry/19149,HTTP 502
1155,YbZn,Computational Material,https://oqmd.org/materials/entry/17360,HTTP 502
1163,TaN,Computational Material,https://oqmd.org/materials/entry/13761,HTTP 502
1161,Sr,Computational Material,https://oqmd.org/materials/entry/8520,HTTP 502
1164,ErIr,Computational Material,https://oqmd.org/materials/entry/30000,HTTP 502
1165,PrZn,Computational Material,https://oqmd.org/materials/entry/18895,HTTP 502
1168,CaTe,Computational Material,https://oqmd.org/materials/entry/7649,HTTP 502
1176,TiRh,Computational Material,https://oqmd.org/materials/entry/31023,HTTP 502
1174,CaPb,Computational Material,https://oqmd.org/materials/entry/28966,HTTP 502
1172,Se,Computational Material,https://oqmd.org/materials/entry/9277,HTTP 502
1178,CuAu,Computational Material,https://oqmd.org/materials/entry/31283,HTTP 502
1177,VRh,Computational Material,https://oqmd.org/materials/entry/31025,HTTP 502
1175,HPd,Computational Material,https://oqmd.org/materials/entry/30508,HTTP 502
1179,NaBi,Computational Material,https://oqmd.org/materials/entry/10944,HTTP 502
1181,SiRh,Computational Material,https://oqmd.org/materials/entry/8386,HTTP 502
1188,Np,Computational Material,https://oqmd.org/materials/entry/13705,HTTP 502
1192,VFe,Computational Material,https://oqmd.org/materials/entry/30264,HTTP 502
1193,TaRu,Computational Material,https://oqmd.org/materials/entry/31032,HTTP 502
1196,Th,Computational Material,https://oqmd.org/materials/entry/13650,HTTP 502
1271,ScC,Computational Material,https://oqmd.org/materials/entry/22262,HTTP 502
1269,HoSb,Computational Material,https://oqmd.org/materials/entry/8119,HTTP 502
1273,ErRh,Computational Material,https://oqmd.org/materials/entry/30040,HTTP 502
1296,NdCd,Computational Material,https://oqmd.org/materials/entry/29013,HTTP 502
1297,GdAs,Computational Material,https://oqmd.org/materials/entry/8162,HTTP 502
1301,HfPt,Computational Material,https://oqmd.org/materials/entry/17383,HTTP 502
1308,PrTe,Computational Material,https://oqmd.org/materials/entry/14052,HTTP 502
1306,ZrHg,Computational Material,https://oqmd.org/materials/entry/30537,HTTP 502
1302,TbAs,Computational Material,https://oqmd.org/materials/entry/8155,HTTP 502
1304,TbTe,Computational Material,https://oqmd.org/materials/entry/18147,HTTP 502
1275,YC,Computational Material,https://oqmd.org/materials/entry/22264,HTTP 502
1280,SnP,Computational Material,https://oqmd.org/materials/entry/14014,HTTP 502
1288,SnC,Computational Material,https://oqmd.org/materials/entry/22475,HTTP 502
1285,CuN,Computational Material,https://oqmd.org/materials/entry/20469,HTTP 502
1287,HgS,Computational Material,https://oqmd.org/materials/entry/4523,HTTP 502
1281,HoTe,Computational Material,https://oqmd.org/materials/entry/8123,HTTP 502
1300,NiC,Computational Material,https://oqmd.org/materials/entry/22221,HTTP 502
1312,NbS,Computational Material,https://oqmd.org/materials/entry/13784,HTTP 502
1305,HgPt,Computational Material,https://oqmd.org/materials/entry/30535,HTTP 502
1311,NiHg,Computational Material,https://oqmd.org/materials/entry/30533,HTTP 502
1314,NiN,Computational Material,https://oqmd.org/materials/entry/20468,HTTP 502
1309,GdSb,Computational Material,https://oqmd.org/materials/entry/8163,HTTP 502
1349,LuHg,Computational Material,https://oqmd.org/materials/entry/17406,HTTP 502
1343,MgS,Computational Material,https://oqmd.org/materials/entry/5627,HTTP 502
1284,LaCd,Computational Material,https://oqmd.org/materials/entry/29003,HTTP 502
1282,HgSe,Computational Material,https://oqmd.org/materials/entry/4543,HTTP 502
1293,DyAl,Computational Material,https://oqmd.org/materials/entry/10445,HTTP 502
1295,HgPd,Computational Material,https://oqmd.org/materials/entry/30534,HTTP 502
1290,CdPd,Computational Material,https://oqmd.org/materials/entry/29018,HTTP 502
1317,TbMg,Computational Material,https://oqmd.org/materials/entry/17657,HTTP 502
1319,CaHg,Computational Material,https://oqmd.org/materials/entry/10986,HTTP 502
1320,LaHg,Computational Material,https://oqmd.org/materials/entry/17402,HTTP 502
1324,DySb,Computational Material,https://oqmd.org/materials/entry/8165,HTTP 502
1326,LiHg,Computational Material,https://oqmd.org/materials/entry/17404,HTTP 502
1318,TmTl,Computational Material,https://oqmd.org/materials/entry/18169,HTTP 502
1316,GdAu,Computational Material,https://oqmd.org/materials/entry/10729,HTTP 502
1335,TmMg,Computational Material,https://oqmd.org/materials/entry/17661,HTTP 502
1328,YTl,Computational Material,https://oqmd.org/materials/entry/18172,HTTP 502
1336,SrS,Computational Material,https://oqmd.org/materials/entry/5624,HTTP 502
1334,DyAs,Computational Material,https://oqmd.org/materials/entry/8164,HTTP 502
1337,SrSe,Computational Material,https://oqmd.org/materials/entry/5625,HTTP 502
1421,HoP,Computational Material,https://oqmd.org/materials/entry/8117,HTTP 502
1427,ReC,Computational Material,https://oqmd.org/materials/entry/21515,HTTP 502
1424,AgO,Computational Material,https://oqmd.org/materials/entry/6628,HTTP 502
1338,CaS,Computational Material,https://oqmd.org/materials/entry/5626,HTTP 502
1437,GdBi,Computational Material,https://oqmd.org/materials/entry/10930,HTTP 502
1438,HoS,Computational Material,https://oqmd.org/materials/entry/8121,HTTP 502
1463,RbI,Ceramic,https://oqmd.org/materials/entry/11510,HTTP 502
1469,InAs,Semiconductor,https://oqmd.org/materials/entry/4656,HTTP 502
1468,LiCl,Halide,https://oqmd.org/materials/entry/5166,HTTP 502
1472,TbBi,Computational Material,https://oqmd.org/materials/entry/8157,HTTP 502
1474,CaPd,Computational Material,https://oqmd.org/materials/entry/11000,HTTP 502
1350,YbTl,Computational Material,https://oqmd.org/materials/entry/18174,HTTP 502
1351,CaIn,Computational Material,https://oqmd.org/materials/entry/10991,HTTP 502
1353,YMg,Computational Material,https://oqmd.org/materials/entry/17663,HTTP 502
1352,MgHg,Computational Material,https://oqmd.org/materials/entry/17407,HTTP 502
1355,AlIr,Computational Material,https://oqmd.org/materials/entry/10480,HTTP 502
1357,TmZn,Computational Material,https://oqmd.org/materials/entry/18176,HTTP 502
1356,HoAu,Computational Material,https://oqmd.org/materials/entry/10736,HTTP 502
1362,TbSe,Computational Material,https://oqmd.org/materials/entry/8159,HTTP 502
1364,DyTe,Computational Material,https://oqmd.org/materials/entry/8166,HTTP 502
1365,ErAs,Computational Material,https://oqmd.org/materials/entry/8167,HTTP 502
1361,Pa,Computational Material,https://oqmd.org/materials/entry/4672,HTTP 502
1363,SrMg,Computational Material,https://oqmd.org/materials/entry/17655,HTTP 502
1366,ScCd,Computational Material,https://oqmd.org/materials/entry/29029,HTTP 502
1367,GaNi,Computational Material,https://oqmd.org/materials/entry/30309,HTTP 502
1368,HBr,Computational Material,https://oqmd.org/materials/entry/5613,HTTP 502
1369,ZrPd,Computational Material,https://oqmd.org/materials/entry/9972,HTTP 502
1371,MnHg,Computational Material,https://oqmd.org/materials/entry/17413,HTTP 502
1441,PdN,Computational Material,https://oqmd.org/materials/entry/21508,HTTP 502
1426,MnNi,Computational Material,https://oqmd.org/materials/entry/17670,HTTP 502
1380,TmP,Computational Material,https://oqmd.org/materials/entry/14025,HTTP 502
1381,TbP,Computational Material,https://oqmd.org/materials/entry/8154,HTTP 502
1382,InHg,Computational Material,https://oqmd.org/materials/entry/17399,HTTP 502
1384,FePt,Computational Material,https://oqmd.org/materials/entry/31334,HTTP 502
1395,TmAs,Computational Material,https://oqmd.org/materials/entry/8170,HTTP 502
1394,ErSb,Computational Material,https://oqmd.org/materials/entry/8168,HTTP 502
1400,AuC,Computational Material,https://oqmd.org/materials/entry/21518,HTTP 502
1386,SmCd,Computational Material,https://oqmd.org/materials/entry/29034,HTTP 502
1392,TbS,Computational Material,https://oqmd.org/materials/entry/8158,HTTP 502
1396,MgAg,Computational Material,https://oqmd.org/materials/entry/22530,HTTP 502
1402,TbAl,Computational Material,https://oqmd.org/materials/entry/22287,HTTP 502
1403,CaTl,Computational Material,https://oqmd.org/materials/entry/11005,HTTP 502
1401,TmCd,Computational Material,https://oqmd.org/materials/entry/29039,HTTP 502
1388,CsCl,Computational Material,https://oqmd.org/materials/entry/4110,HTTP 502
1405,ZrP,Computational Material,https://oqmd.org/materials/entry/14032,HTTP 502
1414,ErZn,Computational Material,https://oqmd.org/materials/entry/30067,HTTP 502
1415,YbCd,Computational Material,https://oqmd.org/materials/entry/29044,HTTP 502
1416,MnAl,Computational Material,https://oqmd.org/materials/entry/10497,HTTP 502
1413,YCd,Computational Material,https://oqmd.org/materials/entry/29043,HTTP 502
1407,BaSe,Computational Material,https://oqmd.org/materials/entry/8173,HTTP 502
1417,MoN,Computational Material,https://oqmd.org/materials/entry/20242,HTTP 502
1418,MgO,Computational Material,https://oqmd.org/materials/entry/2577,HTTP 502
1419,MnO,Computational Material,https://oqmd.org/materials/entry/2578,HTTP 502
1412,YbPb,Computational Material,https://oqmd.org/materials/entry/17935,HTTP 502
1339,He,Computational Material,https://oqmd.org/materials/entry/4177,HTTP 502
1340,TePb,Computational Material,https://oqmd.org/materials/entry/14036,HTTP 502
1429,MnPd,Computational Material,https://oqmd.org/materials/entry/17676,HTTP 502
1431,PrHg,Computational Material,https://oqmd.org/materials/entry/17424,HTTP 502
1433,SrHg,Computational Material,https://oqmd.org/materials/entry/17429,HTTP 502
1442,SmTl,Computational Material,https://oqmd.org/materials/entry/31079,HTTP 502
1434,MnRh,Computational Material,https://oqmd.org/materials/entry/17686,HTTP 502
1444,AlBi,Computational Material,https://oqmd.org/materials/entry/22537,HTTP 502
1446,TbCu,Computational Material,https://oqmd.org/materials/entry/29816,HTTP 502
1447,TbHg,Computational Material,https://oqmd.org/materials/entry/17432,HTTP 502
1448,ScPd,Computational Material,https://oqmd.org/materials/entry/17944,HTTP 502
1449,DyCd,Computational Material,https://oqmd.org/materials/entry/11019,HTTP 502
1453,TmSb,Computational Material,https://oqmd.org/materials/entry/8171,HTTP 502
1450,BP,Computational Material,https://oqmd.org/materials/entry/5664,HTTP 502
1451,AlP,Computational Material,https://oqmd.org/materials/entry/4641,HTTP 502
1428,MgTe,Computational Material,https://oqmd.org/materials/entry/20235,HTTP 502
1445,IrC,Computational Material,https://oqmd.org/materials/entry/21516,HTTP 502
1465,ScS,Computational Material,https://oqmd.org/materials/entry/4138,HTTP 502
1462,ErTe,Computational Material,https://oqmd.org/materials/entry/8169,HTTP 502
1470,LiBr,Computational Material,https://oqmd.org/materials/entry/5426,HTTP 502
1480,TmCu,Computational Material,https://oqmd.org/materials/entry/29826,HTTP 502
1484,YbHg,Computational Material,https://oqmd.org/materials/entry/17446,HTTP 502
1492,AlO,Computational Material,https://oqmd.org/materials/entry/5632,HTTP 502
1481,TmHg,Computational Material,https://oqmd.org/materials/entry/17441,HTTP 502
1471,LiI,Computational Material,https://oqmd.org/materials/entry/5427,HTTP 502
1483,MnV,Computational Material,https://oqmd.org/materials/entry/17700,HTTP 502
1490,KBr,Computational Material,https://oqmd.org/materials/entry/11512,HTTP 502
1458,NiPt,Computational Material,https://oqmd.org/materials/entry/30843,HTTP 502
1461,ErCd,Computational Material,https://oqmd.org/materials/entry/11022,HTTP 502
1313,PrSb,Computational Material,https://oqmd.org/materials/entry/14051,HTTP 502
1404,CsBr,Computational Material,https://oqmd.org/materials/entry/4111,HTTP 502
1137,SiC,Computational Material,https://oqmd.org/materials/entry/22472,Timeout
1151,YbAg,Computational Material,https://oqmd.org/materials/entry/10683,Timeout
10745,ASTM A356 Grade 9 (J21610) Cast Steel,Metal,https://www.h2abc.com/material/detail.php?mid=azhlNWIxMzQzNTM=,Timeout
11154,UNS S82122 Stainless Steel,Metal,https://www.h2abc.com/material/detail.php?mid=azhlNWIxNDE2MA==,Timeout
564,Maple Wood (Dry),Wood,https://www.novausawood.com/wood-species/maple-hardwood-lumber,Timeout
575,Hickory Wood (Green),Wood,https://www.novausawood.com/wood-species/hickory-hardwood-lumber,Timeout
565,Maple Wood (Green),Composite,https://www.novausawood.com/wood-species/maple-hardwood-lumber,Timeout
11959,Aluminum 2014 Alloy,Aluminum,https://asm.matweb.com/search/SpecificMaterial.asp?bassnum=MA2014T6,Timeout
10940,ASTM A232 Chromium-Vanadium Spring Steel,Metal,https://store.astm.org/a0232_a0232m-18.html,Timeout
9890,ASTM A439 Type D-5S Cast Iron,Metal,https://www.pentictonfoundry.com/news/austenitic-ductile-iron-astm-a439-grade-d2-58-30-8/,Timeout
9902,SAE-ASTM Grade G4000 (F10008) Grey Cast Iron,Metal,https://www.pentictonfoundry.com/news/gray-iron-astm-a48-class-30/,Timeout
9949,ASTM Grade 80-55-06 (SAE D5506) Ductile Cast Iron,Metal,https://www.pentictonfoundry.com/news/ductile-iron-astm-a536-grade-80-55-06/,Timeout
11055,UNS S31730 Stainless Steel,Stainless Steel,https://www.h2abc.com/material/detail.php?mid=azhlNWIxMzkxMDU=,Timeout
